Date,Tweet_ID,Username,Raw Text,Likes,Retweets,is_fire,is_forest,is_urban,Light Cleaned Text,Advanced Cleaned Text,Hard Cleaned Text,Fire Probability,Predicted Label,is_wildland_pred,is_urban_pred,Extracted_Locations,Coordinates
2024-08-12 19:04:56+00:00,1823073199107788875,ΤΟ ΒΗΜΑ,#Φωτιά στην #Αττικη 🔥   Στο πλευρό της χώρας μας η #Παλαιστίνη   #Αττική #Φωτια_τωρα #φωτιατωρα #πυρκαγιά #Βαρναβας #Βριλησσια #Χαλανδρι   https://t.co/OrEh1MEat7,17,3,,,,#Φωτιά στην #Αττικη Στο πλευρό της χώρας μας η #Παλαιστίνη #Αττική #Φωτια_τωρα #φωτιατωρα #πυρκαγιά #Βαρναβας #Βριλησσια #Χαλανδρι,#φωτια στην #αττικη στο πλευρο της χωρας μας η #παλαιστινη #αττικη #φωτια_τωρα #φωτιατωρα #πυρκαγια #βαρναβας #βριλησσια #χαλανδρι,φωτια αττικη πλευρο χωρα παλαιστινη αττικος φωτια τωρα φωτιατωρα πυρκαγια βαρναβας βριλησσια χαλανδρι,0.856,1,0,0,"[{'name': 'αττικη', 'ner_label': 'GPE'}, {'name': 'παλαιστινη αττικη', 'ner_label': 'GPE'}, {'name': 'βαρναβας βριλησσια χαλανδρι', 'ner_label': 'GPE'}]","[{'lat': 37.9995238, 'lon': 23.7228379, 'name': 'Αττική', 'osm_class': 'railway', 'osm_type': 'station', 'importance': 0.37797476194049984, 'ner_label': 'GPE', 'original_name': 'αττικη'}]"
2024-08-12 19:05:03+00:00,1823073229126390089,Dnews,Φωτιά στην Αττική: Ερχεται βοήθεια και από την Τουρκία #ΦΩΤΙΑ_ΤΩΡΑ #ΦΩΤΙΑ_ΑΤΤΙΚΗ https://t.co/GE29ZBZD3p,0,0,,,,Φωτιά στην Αττική: Ερχεται βοήθεια και από την Τουρκία #ΦΩΤΙΑ_ΤΩΡΑ #ΦΩΤΙΑ_ΑΤΤΙΚΗ,φωτια στην αττικη: ερχεται βοηθεια και απο την τουρκια #φωτια_τωρα #φωτια_αττικη,φωτια αττικος ερχω βοηθεια τουρκια φωτια τωρα φωτια αττικη,0.461,1,0,0,"[{'name': 'αττικη', 'ner_label': 'GPE'}, {'name': 'τουρκια', 'ner_label': 'GPE'}]","[{'lat': 37.9995238, 'lon': 23.7228379, 'name': 'Αττική', 'osm_class': 'railway', 'osm_type': 'station', 'importance': 0.37797476194049984, 'ner_label': 'GPE', 'original_name': 'αττικη'}]"
2024-08-12 19:05:30+00:00,1823073342691107254,Penny Rage,"Βλέπετε τις εστίες που βρίσκονται στον Ερυθρό Νεας Μακρης, όλο κ πληθαίνουν κ κατεβαίνουν αλλά δε γίνεται καμία ρίψη εδώ κ ώρες.  (πριν 1 ώρα) από Markella Yiallourou #ΝεαΜακρη #Νεα_Μακρη #Γραμματικο #φωτια #Φωτια_τωρα #φωτιατωρα #πυρκαγια https://t.co/e6cDpSWlKA",3,0,,,,"Βλέπετε τις εστίες που βρίσκονται στον Ερυθρό Νεας Μακρης, όλο κ πληθαίνουν κ κατεβαίνουν αλλά δε γίνεται καμία ρίψη εδώ κ ώρες. (πριν 1 ώρα) από Markella Yiallourou #ΝεαΜακρη #Νεα_Μακρη #Γραμματικο #φωτια #Φωτια_τωρα #φωτιατωρα #πυρκαγια","βλεπετε τις εστιες που βρισκονται στον ερυθρο νεας μακρης, ολο κ πληθαινουν κ κατεβαινουν αλλα δε γινεται καμια ριψη εδω κ ωρες. (πριν 1 ωρα) απο markella yiallourou #νεαμακρη #νεα_μακρη #γραμματικο #φωτια #φωτια_τωρα #φωτιατωρα #πυρκαγια",βλεπετε εστια βρισκω ερυθρος νεας μακρης κ πληθαινω κ κατεβαινω γινομαι ριψη κ ωρα ωρα markella yiallourou νεα μακρη νεα μακρη γραμματικο φωτια φωτια τωρα φωτιατωρα πυρκαγια,0.362,1,0,0,"[{'name': 'ερυθρο νεας', 'ner_label': 'FAC'}, {'name': 'νεα', 'ner_label': 'GPE'}, {'name': 'μακρη γραμματικο', 'ner_label': 'GPE'}]","[{'lat': 38.031963, 'lon': 23.707852, 'name': 'Ίλιον', 'osm_class': 'place', 'osm_type': 'suburb', 'importance': 0.49943623326052666, 'ner_label': 'GPE', 'original_name': 'νεα'}]"
2024-08-12 19:05:32+00:00,1823073349871751560,𝕁𝕊𝕨𝕖𝕖𝕥𝔾ℝ - #MyFlag 🇪🇺💛💙,"Φωτιά στην Αττική: Κάηκε το σπίτι του ανθρώπου που καταδικάστηκε για την πυρκαγιά στο Μάτι [βίντεο].  ""Δεν έχω λόγια, δεν τον περιμέναμε αυτό. Μας έδιωξε το 112 και ήρθα και είδα ότι είχε πάρει φωτιά» είπε ο K. Αγγελόπουλος.  Ωστόσο οι γείτονές του δεν του έδειξαν καμία συμπόνια",12,5,,,,"Φωτιά στην Αττική: Κάηκε το σπίτι του ανθρώπου που καταδικάστηκε για την πυρκαγιά στο Μάτι [βίντεο]. ""Δεν έχω λόγια, δεν τον περιμέναμε αυτό. Μας έδιωξε το 112 και ήρθα και είδα ότι είχε πάρει φωτιά» είπε ο K. Αγγελόπουλος. Ωστόσο οι γείτονές του δεν του έδειξαν καμία συμπόνια","φωτια στην αττικη: καηκε το σπιτι του ανθρωπου που καταδικαστηκε για την πυρκαγια στο ματι [βιντεο]. ""δεν εχω λογια, δεν τον περιμεναμε αυτο. μας εδιωξε το 112 και ηρθα και ειδα οτι ειχε παρει φωτια» ειπε ο k. αγγελοπουλος. ωστοσο οι γειτονες του δεν του εδειξαν καμια συμπονια",φωτια αττικος καηκε σπιτι ανθρωπου καταδικαζω πυρκαγια ματι βιντεο λογος περιμεναμε εδιωξε ηρθα ειδα παρει φωτια λεγω k αγγελοπουλος γειτονες εδειξαν συμπονος,0.586,1,0,1,"[{'name': 'αττικη', 'ner_label': 'GPE'}, {'name': 'ματι', 'ner_label': 'GPE'}]","[{'lat': 37.9995238, 'lon': 23.7228379, 'name': 'Αττική', 'osm_class': 'railway', 'osm_type': 'station', 'importance': 0.37797476194049984, 'ner_label': 'GPE', 'original_name': 'αττικη'}, {'lat': 40.9138035, 'lon': 24.0908794, 'name': 'Μάτι', 'osm_class': 'natural', 'osm_type': 'peak', 'importance': 0.43096957211662124, 'ner_label': 'GPE', 'original_name': 'ματι'}]"
2024-08-12 19:05:43+00:00,1823073395975606743,Monika,"@prsnlg Εδώ έπιασε η φωτιά και στην Πεντέλη , Γέρακα και πάει λέγοντας",0,0,,,,"Εδώ έπιασε η φωτιά και στην Πεντέλη , Γέρακα και πάει λέγοντας","εδω επιασε η φωτια και στην πεντελη , γερακα και παει λεγοντας",επιασε φωτια πεντελη γερακα παει λεγω,0.949,1,0,0,"[{'name': 'πεντελη', 'ner_label': 'GPE'}, {'name': 'γερακα', 'ner_label': 'GPE'}]","[{'lat': 38.0505896, 'lon': 23.8614591, 'name': 'Πεντέλη', 'osm_class': 'place', 'osm_type': 'suburb', 'importance': 0.49026558458181707, 'ner_label': 'GPE', 'original_name': 'πεντελη'}]"
2024-08-12 19:05:44+00:00,1823073401994432548,Γιωργος,"Έκτακτο Τώρα: Φωτιά και στην Γλυφάδα, καίει δίπλα από σπίτια https://t.co/mHp6eXElpG",0,0,,,,"Έκτακτο Τώρα: Φωτιά και στην Γλυφάδα, καίει δίπλα από σπίτια","εκτακτο τωρα: φωτια και στην γλυφαδα, καιει διπλα απο σπιτια",εκτακτο φωτια γλυφαδα καιω σπιτι,0.985,1,0,1,"[{'name': 'γλυφαδα', 'ner_label': 'GPE'}]","[{'lat': 37.8829987, 'lon': 23.767983, 'name': 'Δήμος Γλυφάδας', 'osm_class': 'boundary', 'osm_type': 'administrative', 'importance': 0.2853231881743613, 'ner_label': 'GPE', 'original_name': 'γλυφαδα'}]"
2024-08-12 19:06:02+00:00,1823073475860549839,Claire,"@titin4ki Άνω Σουλι Μαραθωνα από ότι ειπαν , υπάρχει αναζωπύρωση . Από https://t.co/XBBiKf7g5U ότι μαθαίνουμε .",0,0,,,,"Άνω Σουλι Μαραθωνα από ότι ειπαν , υπάρχει αναζωπύρωση . Από ότι μαθαίνουμε .","ανω σουλι μαραθωνα απο οτι ειπαν , υπαρχει αναζωπυρωση . απο οτι μαθαινουμε .",σουλι μαραθωνα ειπαν υπαρχω αναζωπυρωση μαθαινω,0.637,1,0,0,"[{'name': 'ανω σουλι μαραθωνα', 'ner_label': 'GPE'}]",[]
2024-08-12 19:06:03+00:00,1823073482504368421,PLURALISM.GR,Φωτιά τώρα και στη Γλυφάδα - Documento https://t.co/L4s2R52qZF https://t.co/rxINcHSq7I,0,0,,,,Φωτιά τώρα και στη Γλυφάδα - Documento,φωτια τωρα και στη γλυφαδα - documento,φωτια γλυφαδα documento,0.976,1,0,0,"[{'name': 'γλυφαδα', 'ner_label': 'GPE'}]","[{'lat': 37.8829987, 'lon': 23.767983, 'name': 'Δήμος Γλυφάδας', 'osm_class': 'boundary', 'osm_type': 'administrative', 'importance': 0.2853231881743613, 'ner_label': 'GPE', 'original_name': 'γλυφαδα'}]"
2024-08-12 19:06:10+00:00,1823073509347922142,PLURALISM.GR,Φωτιά στην Αττική: Εκκενώνεται το Δέση Γέρακα - Μήνυμα 112 ... https://t.co/NicC5zV2IA https://t.co/zn88N6sTXM,0,0,,,,Φωτιά στην Αττική: Εκκενώνεται το Δέση Γέρακα - Μήνυμα 112 ...,φωτια στην αττικη: εκκενωνεται το δεση γερακα - μηνυμα 112 ...,φωτια αττικος εκκενωνεται δεση γερακα μηνυμα,0.988,1,0,1,"[{'name': 'αττικη', 'ner_label': 'GPE'}, {'name': 'δεση γερακα', 'ner_label': 'FAC'}]","[{'lat': 37.9995238, 'lon': 23.7228379, 'name': 'Αττική', 'osm_class': 'railway', 'osm_type': 'station', 'importance': 0.37797476194049984, 'ner_label': 'GPE', 'original_name': 'αττικη'}, {'lat': 38.0380072, 'lon': 23.8683619, 'name': 'Δέση', 'osm_class': 'place', 'osm_type': 'quarter', 'importance': 0.13341660715648124, 'ner_label': 'FAC', 'original_name': 'δεση γερακα'}]"
2024-08-12 19:06:14+00:00,1823073526611681614,ΤΟ ΒΗΜΑ,🔥#Φωτιά στην #Αττικη   Σχεδόν 100 χιλιάδες στρέμματα έxoυν  καεί μέχρι τώρα   Δεύτερο 24ωρο που η φωτιά συνεχίζει το καταστροφικό της έργο στην Αττική.   #Φωτια_τωρα #φωτιατωρα #πυρκαγιά #Βαρναβας #Βριλησσια #Χαλανδρι  https://t.co/5djMWFenwZ,2,0,,,,#Φωτιά στην #Αττικη Σχεδόν 100 χιλιάδες στρέμματα έxoυν καεί μέχρι τώρα Δεύτερο 24ωρο που η φωτιά συνεχίζει το καταστροφικό της έργο στην Αττική. #Φωτια_τωρα #φωτιατωρα #πυρκαγιά #Βαρναβας #Βριλησσια #Χαλανδρι,#φωτια στην #αττικη σχεδον 100 χιλιαδες στρεμματα εxoυν καει μεχρι τωρα δευτερο 24ωρο που η φωτια συνεχιζει το καταστροφικο της εργο στην αττικη. #φωτια_τωρα #φωτιατωρα #πυρκαγια #βαρναβας #βριλησσια #χαλανδρι,φωτια αττικη χιλιαδα στρεμματο εxoυν καει δευτερος ωρος φωτια συνεχιζω καταστροφικος εργο αττικος φωτια τωρα φωτιατωρα πυρκαγια βαρναβας βριλησσια χαλανδρι,0.95,1,1,1,"[{'name': 'αττικη', 'ner_label': 'GPE'}, {'name': 'βαρναβας βριλησσια χαλανδρι', 'ner_label': 'GPE'}]","[{'lat': 37.9995238, 'lon': 23.7228379, 'name': 'Αττική', 'osm_class': 'railway', 'osm_type': 'station', 'importance': 0.37797476194049984, 'ner_label': 'GPE', 'original_name': 'αττικη'}]"
2024-08-12 19:06:39+00:00,1823073631531864305,ΤΟ ΒΗΜΑ,#LIVE: Ανεξέλεγκτη η πυρκαγιά στην ανατολική Αττική – Συνεχείς αναζωπυρώσεις – Κόλαση φωτιάς στον Γέρακα   #Αττική #Φωτια_τωρα #φωτιατωρα #πυρκαγιά #Βαρναβας #Βριλησσια #Χαλανδρι   https://t.co/CgBRhP1olh,10,3,,,,#LIVE: Ανεξέλεγκτη η πυρκαγιά στην ανατολική Αττική – Συνεχείς αναζωπυρώσεις – Κόλαση φωτιάς στον Γέρακα #Αττική #Φωτια_τωρα #φωτιατωρα #πυρκαγιά #Βαρναβας #Βριλησσια #Χαλανδρι,#live: ανεξελεγκτη η πυρκαγια στην ανατολικη αττικη – συνεχεις αναζωπυρωσεις – κολαση φωτιας στον γερακα #αττικη #φωτια_τωρα #φωτιατωρα #πυρκαγια #βαρναβας #βριλησσια #χαλανδρι,live ανεξελεγκτη πυρκαγια ανατολικος αττικος συνεχης αναζωπυρωσεις κολαση φωτια γερακα αττικη φωτια τωρα φωτιατωρα πυρκαγια βαρναβας βριλησσια χαλανδρι,0.987,1,0,0,"[{'name': 'ανατολικη αττικη', 'ner_label': 'GPE'}, {'name': 'γερακα αττικη', 'ner_label': 'GPE'}, {'name': 'βαρναβας βριλησσια χαλανδρι', 'ner_label': 'GPE'}]",[]
2024-08-12 19:06:58+00:00,1823073710405763347,fay mple ♑🇬🇷,Φωτιά στην Αττική 2024 https://t.co/nj2jdb7Y0N Φωτιά στην Αττική 2024 https://t.co/nj2jdb7Y0N #Φωτια_τωρα #φωτια_πεντελη #Πυρκαγια #Πυροσβεστες #πυροσβεστικη #Αττικης #διασωστες #εθελοντες #Πεντέλη #γερακας #Ματι #Αττική #Βριλήσσια #Γλυφαδα #Κικιλιας #Χαλανδρι #πυρκαγιας #Υμηττος https://t.co/xrZskdgLOh,8,3,,,,Φωτιά στην Αττική 2024 Φωτιά στην Αττική 2024 #Φωτια_τωρα #φωτια_πεντελη #Πυρκαγια #Πυροσβεστες #πυροσβεστικη #Αττικης #διασωστες #εθελοντες #Πεντέλη #γερακας #Ματι #Αττική #Βριλήσσια #Γλυφαδα #Κικιλιας #Χαλανδρι #πυρκαγιας #Υμηττος,φωτια στην αττικη 2024 φωτια στην αττικη 2024 #φωτια_τωρα #φωτια_πεντελη #πυρκαγια #πυροσβεστες #πυροσβεστικη #αττικης #διασωστες #εθελοντες #πεντελη #γερακας #ματι #αττικη #βριλησσια #γλυφαδα #κικιλιας #χαλανδρι #πυρκαγιας #υμηττος,φωτια αττικος φωτια αττικος φωτια τωρα φωτια πεντελη πυρκαγια πυροσβεστες πυροσβεστικη αττικης διασωστες εθελοντες πεντελη γερακας ματι αττικη βριλησσια γλυφαδα κικιλιας χαλανδρι πυρκαγιας υμηττος,0.94,1,0,0,"[{'name': 'αττικη', 'ner_label': 'GPE'}, {'name': 'πεντελη', 'ner_label': 'GPE'}, {'name': 'πεντελη γερακας ματι αττικη βριλησσια γλυφαδα κικιλιας χαλανδρι', 'ner_label': 'GPE'}, {'name': 'υμηττος', 'ner_label': 'GPE'}]","[{'lat': 37.9995238, 'lon': 23.7228379, 'name': 'Αττική', 'osm_class': 'railway', 'osm_type': 'station', 'importance': 0.37797476194049984, 'ner_label': 'GPE', 'original_name': 'αττικη'}, {'lat': 38.0505896, 'lon': 23.8614591, 'name': 'Πεντέλη', 'osm_class': 'place', 'osm_type': 'suburb', 'importance': 0.49026558458181707, 'ner_label': 'GPE', 'original_name': 'πεντελη'}, {'lat': 37.9548466, 'lon': 23.7462189, 'name': 'Δημοτική Ενότητα Υμηττού', 'osm_class': 'boundary', 'osm_type': 'administrative', 'importance': 0.47609108396165106, 'ner_label': 'GPE', 'original_name': 'υμηττος'}]"
2024-08-12 19:07:27+00:00,1823073833340789039,liberal.gr,Πυρκαγιά στην Αττική - Πεντέλη: Φωτιά σε πολυκατοικία - Έσβησε χάρη στην έγκαιρη επέμβαση της πυροσβεστικής https://t.co/CWdOasrIRr,4,0,,,,Πυρκαγιά στην Αττική - Πεντέλη: Φωτιά σε πολυκατοικία - Έσβησε χάρη στην έγκαιρη επέμβαση της πυροσβεστικής,πυρκαγια στην αττικη - πεντελη: φωτια σε πολυκατοικια - εσβησε χαρη στην εγκαιρη επεμβαση της πυροσβεστικης,πυρκαγια αττικος πεντελη φωτια πολυκατοικια εσβησε χαρη εγκαιρος επεμβαση πυροσβεστικος,0.985,1,0,1,"[{'name': 'αττικη', 'ner_label': 'GPE'}, {'name': 'πεντελη', 'ner_label': 'GPE'}]","[{'lat': 37.9995238, 'lon': 23.7228379, 'name': 'Αττική', 'osm_class': 'railway', 'osm_type': 'station', 'importance': 0.37797476194049984, 'ner_label': 'GPE', 'original_name': 'αττικη'}, {'lat': 38.0505896, 'lon': 23.8614591, 'name': 'Πεντέλη', 'osm_class': 'place', 'osm_type': 'suburb', 'importance': 0.49026558458181707, 'ner_label': 'GPE', 'original_name': 'πεντελη'}]"
2024-08-12 19:07:32+00:00,1823073852877938757,Boberman69 🇬🇷,"@hatz_patty @Omada_Allagis Μωρή καριόλα η φωτιά ξεκίνησε στον Βαρνάβα καί εκκενώθηκε το Χαλάνδρι,40 ΧΙΛΙΌΜΕΤΡΑ ΜΑΚΡΙΆ,κατάλαβες καριόλα ΚΑΤΆΛΑΒΕΣ",2,0,,,,"Μωρή καριόλα η φωτιά ξεκίνησε στον Βαρνάβα καί εκκενώθηκε το Χαλάνδρι,40 ΧΙΛΙΌΜΕΤΡΑ ΜΑΚΡΙΆ,κατάλαβες καριόλα ΚΑΤΆΛΑΒΕΣ","μωρη καριολα η φωτια ξεκινησε στον βαρναβα και εκκενωθηκε το χαλανδρι,40 χιλιομετρα μακρια,καταλαβες καριολα καταλαβες",μωρη καριολα φωτια ξεκινω βαρναβας και εκκενωθηκε χαλανδρι χιλιομετρα μακρια καταλαβες καριολα καταλαβες,0.951,1,0,1,"[{'name': 'βαρναβα', 'ner_label': 'GPE'}, {'name': 'χαλανδρι', 'ner_label': 'GPE'}]","[{'lat': 37.9656966, 'lon': 23.743307, 'name': 'Πλατεία Βαρνάβα', 'osm_class': 'leisure', 'osm_type': 'park', 'importance': 0.08008327382314791, 'ner_label': 'GPE', 'original_name': 'βαρναβα'}, {'lat': 38.0217116, 'lon': 23.8207549, 'name': 'Χαλάνδρι', 'osm_class': 'railway', 'osm_type': 'station', 'importance': 0.3446563915113022, 'ner_label': 'GPE', 'original_name': 'χαλανδρι'}]"
2024-08-12 19:08:29+00:00,1823074092087754966,Lucy,Η φωτιά λοιπόν έφτασε μέχρι το Χαλάνδρι. Δηλαδή 10 χιλιόμετρα από το Σύνταγμα. Αυτό μόνο η πιο ανίκανη και αισχρή κυβέρνηση #Μητσοτάκη μπορούσε να το πετύχει.  #φωτια,15,5,,,,Η φωτιά λοιπόν έφτασε μέχρι το Χαλάνδρι. Δηλαδή 10 χιλιόμετρα από το Σύνταγμα. Αυτό μόνο η πιο ανίκανη και αισχρή κυβέρνηση #Μητσοτάκη μπορούσε να το πετύχει. #φωτια,η φωτια λοιπον εφτασε μεχρι το χαλανδρι. δηλαδη 10 χιλιομετρα απο το συνταγμα. αυτο μονο η πιο ανικανη και αισχρη κυβερνηση #μητσοτακη μπορουσε να το πετυχει. #φωτια,φωτια φτανω χαλανδρι χιλιομετρο συνταγμα ανικανη αισχρη κυβερνηση μητσοτακη μπορω πετυχω φωτια,0.67,1,0,1,"[{'name': 'χαλανδρι', 'ner_label': 'GPE'}, {'name': 'συνταγμα', 'ner_label': 'LOC'}]","[{'lat': 38.0217116, 'lon': 23.8207549, 'name': 'Χαλάνδρι', 'osm_class': 'railway', 'osm_type': 'station', 'importance': 0.3446563915113022, 'ner_label': 'GPE', 'original_name': 'χαλανδρι'}, {'lat': 37.9754953, 'lon': 23.7356676, 'name': 'Σύνταγμα', 'osm_class': 'railway', 'osm_type': 'station', 'importance': 0.3733250944850813, 'ner_label': 'LOC', 'original_name': 'συνταγμα'}]"
2024-08-12 19:08:44+00:00,1823074156965220777,empisteutiko.gr,Φωτιά στην Αττική: Κάηκε το σπίτι του 65χρονου που καταδικάστηκε για την πυρκαγιά στο Μάτι - «Δεν έχω λόγια»  Ρόδα ειναι και γυρίζει #φωτια #φωτιες #Φωτια_τωρα #Βαρβαβας #Πυρκαγια #Πεντέλη,4,0,,,,Φωτιά στην Αττική: Κάηκε το σπίτι του 65χρονου που καταδικάστηκε για την πυρκαγιά στο Μάτι - «Δεν έχω λόγια» Ρόδα ειναι και γυρίζει #φωτια #φωτιες #Φωτια_τωρα #Βαρβαβας #Πυρκαγια #Πεντέλη,φωτια στην αττικη: καηκε το σπιτι του 65χρονου που καταδικαστηκε για την πυρκαγια στο ματι - «δεν εχω λογια» ροδα ειναι και γυριζει #φωτια #φωτιες #φωτια_τωρα #βαρβαβας #πυρκαγια #πεντελη,φωτια αττικος καηκε σπιτι χρονος καταδικαζω πυρκαγια ματι λογος ροδα ειμαι γυριζω φωτια φωτια φωτια τωρα βαρβαβας πυρκαγια πεντελη,0.879,1,0,1,"[{'name': 'αττικη', 'ner_label': 'GPE'}, {'name': 'ματι', 'ner_label': 'GPE'}, {'name': 'πεντελη', 'ner_label': 'GPE'}]","[{'lat': 37.9995238, 'lon': 23.7228379, 'name': 'Αττική', 'osm_class': 'railway', 'osm_type': 'station', 'importance': 0.37797476194049984, 'ner_label': 'GPE', 'original_name': 'αττικη'}, {'lat': 40.9138035, 'lon': 24.0908794, 'name': 'Μάτι', 'osm_class': 'natural', 'osm_type': 'peak', 'importance': 0.43096957211662124, 'ner_label': 'GPE', 'original_name': 'ματι'}, {'lat': 38.0505896, 'lon': 23.8614591, 'name': 'Πεντέλη', 'osm_class': 'place', 'osm_type': 'suburb', 'importance': 0.49026558458181707, 'ner_label': 'GPE', 'original_name': 'πεντελη'}]"
2024-08-12 19:08:52+00:00,1823074190406177089,Ραγιάς,Απίστευτα πράγματα... Φτάνει Αττική οδό η φωτιά https://t.co/805PyrkofI,0,0,,,,Απίστευτα πράγματα... Φτάνει Αττική οδό η φωτιά,απιστευτα πραγματα... φτανει αττικη οδο η φωτια,απιστευτα πραγμα φτανω αττικος οδος φωτια,0.648,1,0,0,"[{'name': 'αττικη οδο', 'ner_label': 'FAC'}]",[]
2024-08-12 19:09:55+00:00,1823074452009365532,MyVolos.Net,Φωτιά στην Άνω Γλυφάδα: Νέος συναγερμός στην Πυροσβεστική – Κυκλοφοριακές ρυθμίσεις https://t.co/3b9bA69lrc μέσω @Myvolos,0,0,,,,Φωτιά στην Άνω Γλυφάδα: Νέος συναγερμός στην Πυροσβεστική – Κυκλοφοριακές ρυθμίσεις μέσω,φωτια στην ανω γλυφαδα: νεος συναγερμος στην πυροσβεστικη – κυκλοφοριακες ρυθμισεις μεσω,φωτια γλυφαδα νεος συναγερμος πυροσβεστικη κυκλοφοριακος ρυθμιση,0.984,1,0,1,"[{'name': 'ανω γλυφαδα', 'ner_label': 'GPE'}]","[{'lat': 37.8814649, 'lon': 23.7656896, 'name': 'Άνω Γλυφάδα', 'osm_class': 'place', 'osm_type': 'quarter', 'importance': 0.13341660715648124, 'ner_label': 'GPE', 'original_name': 'ανω γλυφαδα'}]"
2024-08-12 19:10:04+00:00,1823074492958028002,Βασίλης Φουρτούνης,Φωτιά και στον Παλαιόπυργο Ναυπακτίας https://t.co/7TY5XEsr2p https://t.co/2U693WFdQb,1,0,,,,Φωτιά και στον Παλαιόπυργο Ναυπακτίας,φωτια και στον παλαιοπυργο ναυπακτιας,φωτια παλαιοπυργο ναυπακτια,0.989,1,0,0,"[{'name': 'παλαιοπυργο ναυπακτιας', 'ner_label': 'GPE'}]",[]
2024-08-12 19:10:08+00:00,1823074507290284486,Athens Voice,Φωτιά στην Αττική: Ολονύχτια μάχη με τις φλόγες  #φωτια #Αττικη  https://t.co/sgGexWWbos,1,1,,,,Φωτιά στην Αττική: Ολονύχτια μάχη με τις φλόγες #φωτια #Αττικη,φωτια στην αττικη: ολονυχτια μαχη με τις φλογες #φωτια #αττικη,φωτια αττικος ολονυχτια μαχη φλογα φωτια αττικη,0.974,1,0,0,"[{'name': 'αττικη', 'ner_label': 'GPE'}]","[{'lat': 37.9995238, 'lon': 23.7228379, 'name': 'Αττική', 'osm_class': 'railway', 'osm_type': 'station', 'importance': 0.37797476194049984, 'ner_label': 'GPE', 'original_name': 'αττικη'}]"
2024-08-12 19:11:11+00:00,1823074773557244077,newshub.gr,Δραματική η κατάσταση από τη φωτιά στην Αττική - Καίγονται σπίτια - Συνεχείς αναζωπυρώσεις https://t.co/Sst9Pegy7n 👈 κλικ εδώ #newshubgr #crete #ellada #Ελλάδα #ειδήσεις https://t.co/vDYr4QtZaj,0,0,,,,Δραματική η κατάσταση από τη φωτιά στην Αττική - Καίγονται σπίτια - Συνεχείς αναζωπυρώσεις κλικ εδώ #newshubgr #crete #ellada #Ελλάδα #ειδήσεις,δραματικη η κατασταση απο τη φωτια στην αττικη - καιγονται σπιτια - συνεχεις αναζωπυρωσεις κλικ εδω #newshubgr #crete #ellada #ελλαδα #ειδησεις,δραματικος κατασταση φωτια αττικος καιγονται σπιτι συνεχης αναζωπυρωσεις κλικ newshubgr crete ellada ελλαδα ειδησεις,0.72,1,0,1,"[{'name': 'αττικη', 'ner_label': 'GPE'}]","[{'lat': 37.9995238, 'lon': 23.7228379, 'name': 'Αττική', 'osm_class': 'railway', 'osm_type': 'station', 'importance': 0.37797476194049984, 'ner_label': 'GPE', 'original_name': 'αττικη'}]"
2024-08-12 19:11:13+00:00,1823074780536594756,newshub.gr,"Καίγεται εργοστάσιο ξυλείας στον Γέρακα – «Σβήνει και ανάβει, λες και είμαστε σε πόλεμο» https://t.co/qe2juZOZk4 👈 κλικ εδώ #newshubgr #crete #ellada #νέα #nea https://t.co/hpAIkjUdA6",0,0,,,,"Καίγεται εργοστάσιο ξυλείας στον Γέρακα – «Σβήνει και ανάβει, λες και είμαστε σε πόλεμο» κλικ εδώ #newshubgr #crete #ellada #νέα #nea","καιγεται εργοστασιο ξυλειας στον γερακα – «σβηνει και αναβει, λες και ειμαστε σε πολεμο» κλικ εδω #newshubgr #crete #ellada #νεα #nea",καιγεται εργοστασιο ξυλεια γερακα σβηνω αναβω λες πολεμος κλικ newshubgr crete ellada νεος nea,0.827,1,0,1,"[{'name': 'γερακα', 'ner_label': 'GPE'}]",[]
2024-08-12 19:12:07+00:00,1823075007896916133,Money Press,"🔥 🔴 #Φωτιά στην #Αττική: Καίγονται σπίτια σε Βριλήσσια, Πεντέλη, Χαλάνδρι – 112 σε Γέρακα https://t.co/1EYJSY7keD",1,0,,,,"#Φωτιά στην #Αττική: Καίγονται σπίτια σε Βριλήσσια, Πεντέλη, Χαλάνδρι – 112 σε Γέρακα","#φωτια στην #αττικη: καιγονται σπιτια σε βριλησσια, πεντελη, χαλανδρι – 112 σε γερακα",φωτια αττικος καιγονται σπιτι βριλησσια πεντελη χαλανδρι γερακας,0.988,1,0,1,"[{'name': 'αττικη', 'ner_label': 'GPE'}, {'name': 'βριλησσια', 'ner_label': 'GPE'}, {'name': 'πεντελη', 'ner_label': 'GPE'}, {'name': 'χαλανδρι', 'ner_label': 'GPE'}, {'name': 'γερακα', 'ner_label': 'GPE'}]","[{'lat': 37.9995238, 'lon': 23.7228379, 'name': 'Αττική', 'osm_class': 'railway', 'osm_type': 'station', 'importance': 0.37797476194049984, 'ner_label': 'GPE', 'original_name': 'αττικη'}, {'lat': 38.0505896, 'lon': 23.8614591, 'name': 'Πεντέλη', 'osm_class': 'place', 'osm_type': 'suburb', 'importance': 0.49026558458181707, 'ner_label': 'GPE', 'original_name': 'πεντελη'}, {'lat': 38.0399028, 'lon': 23.8389373, 'name': 'Βριλήσσια', 'osm_class': 'place', 'osm_type': 'suburb', 'importance': 0.14674994048981455, 'ner_label': 'GPE', 'original_name': 'βριλησσια'}, {'lat': 38.0217116, 'lon': 23.8207549, 'name': 'Χαλάνδρι', 'osm_class': 'railway', 'osm_type': 'station', 'importance': 0.3446563915113022, 'ner_label': 'GPE', 'original_name': 'χαλανδρι'}]"
2024-08-12 19:12:39+00:00,1823075142609629500,in.gr/news,Πώς η φωτιά από τον Βαρνάβα εξαπλώθηκε σε ολόκληρη τη ΒΑ Αττική - Δορυφορικές εικόνες | https://t.co/S18PpKysLu #φωτια #φωτιες #πυρκαγια #πυρκαγιες https://t.co/nPXvbbDmLV,1,1,,,,Πώς η φωτιά από τον Βαρνάβα εξαπλώθηκε σε ολόκληρη τη ΒΑ Αττική - Δορυφορικές εικόνες | #φωτια #φωτιες #πυρκαγια #πυρκαγιες,πως η φωτια απο τον βαρναβα εξαπλωθηκε σε ολοκληρη τη βα αττικη - δορυφορικες εικονες | #φωτια #φωτιες #πυρκαγια #πυρκαγιες,φωτια βαρναβας εξαπλωθηκε ολοκληρος βα αττικος δορυφορικος εικονα φωτια φωτια πυρκαγια πυρκαγια,0.979,1,0,0,"[{'name': 'βαρναβα', 'ner_label': 'GPE'}, {'name': 'βα αττικη', 'ner_label': 'GPE'}]","[{'lat': 37.9995238, 'lon': 23.7228379, 'name': 'Αττική', 'osm_class': 'railway', 'osm_type': 'station', 'importance': 0.37797476194049984, 'ner_label': 'GPE', 'original_name': 'βα αττικη'}, {'lat': 37.9656966, 'lon': 23.743307, 'name': 'Πλατεία Βαρνάβα', 'osm_class': 'leisure', 'osm_type': 'park', 'importance': 0.08008327382314791, 'ner_label': 'GPE', 'original_name': 'βαρναβα'}]"
2024-08-12 19:14:06+00:00,1823075507703108050,TheOpinion_News,Φωτιά στην Ξάνθη – Οριοθετήθηκε η πυρκαγιά https://t.co/1aJHVxaZrd #Thessaloniki #skg #TheOpinion,0,2,,,,Φωτιά στην Ξάνθη – Οριοθετήθηκε η πυρκαγιά #Thessaloniki #skg #TheOpinion,φωτια στην ξανθη – οριοθετηθηκε η πυρκαγια #thessaloniki #skg #theopinion,φωτια ξανθη οριοθετηθηκε πυρκαγια thessaloniki skg the opinion,0.99,1,0,0,"[{'name': 'ξανθη', 'ner_label': 'GPE'}]","[{'lat': 41.13805, 'lon': 24.8864089, 'name': 'Ξάνθη', 'osm_class': 'place', 'osm_type': 'city', 'importance': 0.5358252428318324, 'ner_label': 'GPE', 'original_name': 'ξανθη'}]"
2024-08-12 19:14:16+00:00,1823075547754414208,Makeleio.gr,Σβήνει η φωτιά στην Τερψιθέα Γλυφάδας: Ανακούφιση για τους πολίτες με την άρση των περιοριστικών μέτρων https://t.co/yupVCWqze5 https://t.co/vdJZMvvKUQ,0,0,,,,Σβήνει η φωτιά στην Τερψιθέα Γλυφάδας: Ανακούφιση για τους πολίτες με την άρση των περιοριστικών μέτρων,σβηνει η φωτια στην τερψιθεα γλυφαδας: ανακουφιση για τους πολιτες με την αρση των περιοριστικων μετρων,σβηνω φωτια τερψιθεα γλυφαδα ανακουφιση πολιτης αρση περιοριστικος μετρο,0.956,1,0,1,"[{'name': 'τερψιθεα γλυφαδας', 'ner_label': 'GPE'}]","[{'lat': 37.9018403, 'lon': 23.7709411, 'name': 'Τερψιθέα', 'osm_class': 'place', 'osm_type': 'neighbourhood', 'importance': 0.08008327382314791, 'ner_label': 'GPE', 'original_name': 'τερψιθεα γλυφαδας'}]"
2024-08-12 19:14:33+00:00,1823075620999270478,Terez,"@BlueShoesMS «Η Φωτιά στον Βαρνάβα δεν ξεκίνησε από μπάρμπεκιου  Ήταν 1 χλμ. από μας η εστία, την είδαμε κι ήταν αρχικά πολύ μικρή. Είχαν στείλει  2 ελικόπτερα που έκαναν 45 λεπτά να έρθουν» λέει κάτοικος που κάηκε το σπίτι της. https://t.co/FUj291hmBf",2,0,,,,"«Η Φωτιά στον Βαρνάβα δεν ξεκίνησε από μπάρμπεκιου Ήταν 1 χλμ. από μας η εστία, την είδαμε κι ήταν αρχικά πολύ μικρή. Είχαν στείλει 2 ελικόπτερα που έκαναν 45 λεπτά να έρθουν» λέει κάτοικος που κάηκε το σπίτι της.","«η φωτια στον βαρναβα δεν ξεκινησε απο μπαρμπεκιου ηταν 1 χλμ. απο μας η εστια, την ειδαμε κι ηταν αρχικα πολυ μικρη. ειχαν στειλει 2 ελικοπτερα που εκαναν 45 λεπτα να ερθουν» λεει κατοικος που καηκε το σπιτι της.",φωτια βαρναβας ξεκινω μπαρμπεκιου χλμ εστια ειδαμε και μικρος στειλει ελικοπτερα εκαναν λεπτο ερθουν λεει κατοικος καηκε σπιτι,0.535,1,1,1,"[{'name': 'βαρναβα', 'ner_label': 'GPE'}]","[{'lat': 37.9656966, 'lon': 23.743307, 'name': 'Πλατεία Βαρνάβα', 'osm_class': 'leisure', 'osm_type': 'park', 'importance': 0.08008327382314791, 'ner_label': 'GPE', 'original_name': 'βαρναβα'}]"
2024-08-12 19:15:39+00:00,1823075894946128320,newsbomb.gr,Φωτιά στην Αττική: Αναφορές για αγνοούμενη στο Χαλάνδρι https://t.co/fa9IB9y7qC,0,0,,,,Φωτιά στην Αττική: Αναφορές για αγνοούμενη στο Χαλάνδρι,φωτια στην αττικη: αναφορες για αγνοουμενη στο χαλανδρι,φωτια αττικος αναφορες αγνοουμενος χαλανδρι,0.923,1,0,0,"[{'name': 'αττικη', 'ner_label': 'GPE'}, {'name': 'χαλανδρι', 'ner_label': 'GPE'}]","[{'lat': 37.9995238, 'lon': 23.7228379, 'name': 'Αττική', 'osm_class': 'railway', 'osm_type': 'station', 'importance': 0.37797476194049984, 'ner_label': 'GPE', 'original_name': 'αττικη'}, {'lat': 38.0217116, 'lon': 23.8207549, 'name': 'Χαλάνδρι', 'osm_class': 'railway', 'osm_type': 'station', 'importance': 0.3446563915113022, 'ner_label': 'GPE', 'original_name': 'χαλανδρι'}]"
2024-08-12 19:16:24+00:00,1823076084025278741,ΑΠΕ-ΜΠΕ,Οριοθετήθηκε η #πυρκαγιά στην Τερψιθέα Γλυφάδας - Άρθηκαν οι κυκλοφοριακές ρυθμίσεις  https://t.co/2sO3s4MTyG https://t.co/1Qdet18TnY,0,0,,,,Οριοθετήθηκε η #πυρκαγιά στην Τερψιθέα Γλυφάδας - Άρθηκαν οι κυκλοφοριακές ρυθμίσεις,οριοθετηθηκε η #πυρκαγια στην τερψιθεα γλυφαδας - αρθηκαν οι κυκλοφοριακες ρυθμισεις,οριοθετηθηκε πυρκαγια τερψιθεα γλυφαδα αρθηκαν κυκλοφοριακος ρυθμιση,0.987,1,0,0,"[{'name': 'τερψιθεα γλυφαδας', 'ner_label': 'GPE'}]","[{'lat': 37.9018403, 'lon': 23.7709411, 'name': 'Τερψιθέα', 'osm_class': 'place', 'osm_type': 'neighbourhood', 'importance': 0.08008327382314791, 'ner_label': 'GPE', 'original_name': 'τερψιθεα γλυφαδας'}]"
2024-08-12 19:17:23+00:00,1823076333800366416,Iasonas Apostolopoulos,"🔴Μπήκε η φωτιά στα προάστια της Αθήνας. Μια φωτιά που ξεκίνησε από Βαρνάβα, πέρασε την Πεντέλη και καίει σπίτια στο πάτημα Χαλανδρίου και Βριλησσίων.   ▪️Οι άνθρωποι βλέπουν τα σπίτια τους, τα ζώα τους, τα δάση να καίγονται και παρακαλάνε τα ΜΜΕ να μην τους φιμώσουν.   ▪️Τα ίδια https://t.co/lZLn6HkbOj",497,190,,,,"Μπήκε η φωτιά στα προάστια της Αθήνας. Μια φωτιά που ξεκίνησε από Βαρνάβα, πέρασε την Πεντέλη και καίει σπίτια στο πάτημα Χαλανδρίου και Βριλησσίων. Οι άνθρωποι βλέπουν τα σπίτια τους, τα ζώα τους, τα δάση να καίγονται και παρακαλάνε τα ΜΜΕ να μην τους φιμώσουν. Τα ίδια","μπηκε η φωτια στα προαστια της αθηνας. μια φωτια που ξεκινησε απο βαρναβα, περασε την πεντελη και καιει σπιτια στο πατημα χαλανδριου και βριλησσιων. οι ανθρωποι βλεπουν τα σπιτια τους, τα ζωα τους, τα δαση να καιγονται και παρακαλανε τα μμε να μην τους φιμωσουν. τα ιδια",μπηκε φωτια προαστι αθηνα φωτια ξεκινω βαρναβας περασε πεντελη καιω σπιτι πατημα χαλανδριου βριλησσιων ανθρωπος βλεπω σπιτι ζωο δασος καιγω παρακαλανε μμε φιμωζω,0.858,1,0,1,"[{'name': 'αθηνας', 'ner_label': 'GPE'}, {'name': 'βαρναβα', 'ner_label': 'GPE'}, {'name': 'πεντελη', 'ner_label': 'GPE'}, {'name': 'πατημα χαλανδριου', 'ner_label': 'GPE'}, {'name': 'βριλησσιων', 'ner_label': 'GPE'}]","[{'lat': 37.9656966, 'lon': 23.743307, 'name': 'Πλατεία Βαρνάβα', 'osm_class': 'leisure', 'osm_type': 'park', 'importance': 0.08008327382314791, 'ner_label': 'GPE', 'original_name': 'βαρναβα'}, {'lat': 38.0505896, 'lon': 23.8614591, 'name': 'Πεντέλη', 'osm_class': 'place', 'osm_type': 'suburb', 'importance': 0.49026558458181707, 'ner_label': 'GPE', 'original_name': 'πεντελη'}, {'lat': 37.9714416, 'lon': 23.7254738, 'name': 'Ο Ναός της Αθηνάς Νίκης', 'osm_class': 'information', 'osm_type': 'board', 'importance': 0.519306307907839, 'ner_label': 'GPE', 'original_name': 'αθηνας'}, {'lat': 38.0389867, 'lon': 23.8353819, 'name': 'Δήμος Βριλησσίων', 'osm_class': 'boundary', 'osm_type': 'administrative', 'importance': 0.2869812649426343, 'ner_label': 'GPE', 'original_name': 'βριλησσιων'}]"
2024-08-12 19:18:04+00:00,1823076504722460998,SKAI.gr,🔥 #Φωτιά στην Τερψιθέα Άνω Γλυφάδα: Οι κυκλοφοριακές ρυθμίσεις στην περιοχή https://t.co/X4YtM6OCV5,0,1,,,,#Φωτιά στην Τερψιθέα Άνω Γλυφάδα: Οι κυκλοφοριακές ρυθμίσεις στην περιοχή,#φωτια στην τερψιθεα ανω γλυφαδα: οι κυκλοφοριακες ρυθμισεις στην περιοχη,φωτια τερψιθεα γλυφαδα κυκλοφοριακος ρυθμιση περιοχη,0.987,1,0,1,"[{'name': 'τερψιθεα ανω γλυφαδα', 'ner_label': 'GPE'}]","[{'lat': 37.9018403, 'lon': 23.7709411, 'name': 'Τερψιθέα', 'osm_class': 'place', 'osm_type': 'neighbourhood', 'importance': 0.08008327382314791, 'ner_label': 'GPE', 'original_name': 'τερψιθεα ανω γλυφαδα'}]"
2024-08-12 19:18:28+00:00,1823076607088619940,TLIFE,"Φωτιά στην Αττική: Σπάραξε κάτοικος στην Πεντέλη - «Σας το λέω και έχω ανατριχιάσει, εδώ έχω μεγαλώσει» https://t.co/mXKCEvnLG3 https://t.co/xeRIBqXad7",2,0,,,,"Φωτιά στην Αττική: Σπάραξε κάτοικος στην Πεντέλη - «Σας το λέω και έχω ανατριχιάσει, εδώ έχω μεγαλώσει»","φωτια στην αττικη: σπαραξε κατοικος στην πεντελη - «σας το λεω και εχω ανατριχιασει, εδω εχω μεγαλωσει»",φωτια αττικος σπαραξε κατοικος πεντελη λεω ανατριχιασει μεγαλωσει,0.326,1,0,1,"[{'name': 'αττικη', 'ner_label': 'GPE'}, {'name': 'πεντελη', 'ner_label': 'GPE'}]","[{'lat': 37.9995238, 'lon': 23.7228379, 'name': 'Αττική', 'osm_class': 'railway', 'osm_type': 'station', 'importance': 0.37797476194049984, 'ner_label': 'GPE', 'original_name': 'αττικη'}, {'lat': 38.0505896, 'lon': 23.8614591, 'name': 'Πεντέλη', 'osm_class': 'place', 'osm_type': 'suburb', 'importance': 0.49026558458181707, 'ner_label': 'GPE', 'original_name': 'πεντελη'}]"
2024-08-12 19:18:34+00:00,1823076631642034636,ariana,Νέα αναζωπύρωση στο #Γραμματικό με κατεύθυνση τον #Μαραθωνα #φωτια #Φωτια_τωρα,1,2,,,,Νέα αναζωπύρωση στο #Γραμματικό με κατεύθυνση τον #Μαραθωνα #φωτια #Φωτια_τωρα,νεα αναζωπυρωση στο #γραμματικο με κατευθυνση τον #μαραθωνα #φωτια #φωτια_τωρα,νεος αναζωπυρωση γραμματικος κατευθυνση μαραθωνα φωτια φωτια τωρα,0.987,1,0,0,"[{'name': 'γραμματικο', 'ner_label': 'GPE'}, {'name': 'μαραθωνα', 'ner_label': 'GPE'}]","[{'lat': 38.202808, 'lon': 23.9674989, 'name': 'Γραμματικό', 'osm_class': 'place', 'osm_type': 'village', 'importance': 0.4763187189984269, 'ner_label': 'GPE', 'original_name': 'γραμματικο'}, {'lat': 38.1181347, 'lon': 23.9787395, 'name': 'Αρχαιολογικός Χώρος Μαραθώνα', 'osm_class': 'leisure', 'osm_type': 'nature_reserve', 'importance': 0.14389741120638372, 'ner_label': 'GPE', 'original_name': 'μαραθωνα'}]"
2024-08-12 19:20:19+00:00,1823077069258948855,Jim Fragma,Και στον Γέρακα φωτιά,1,0,,,,Και στον Γέρακα φωτιά,και στον γερακα φωτια,γερακας φωτια,0.835,1,0,0,"[{'name': 'γερακα', 'ner_label': 'GPE'}]",[]
2024-08-12 19:21:05+00:00,1823077265426763837,newshub.gr,Φωτιά στην Αττική: Αναφορές για αγνοούμενη στο Χαλάνδρι https://t.co/DkmFk83C8d 👈 κλικ εδώ #newshubgr #crete #ellada #Κρήτη #cretannews https://t.co/9bGXchFCOV,0,0,,,,Φωτιά στην Αττική: Αναφορές για αγνοούμενη στο Χαλάνδρι κλικ εδώ #newshubgr #crete #ellada #Κρήτη #cretannews,φωτια στην αττικη: αναφορες για αγνοουμενη στο χαλανδρι κλικ εδω #newshubgr #crete #ellada #κρητη #cretannews,φωτια αττικος αναφορες αγνοουμενος χαλανδρι κλικ newshubgr crete ellada κρητη cretannews,0.827,1,0,0,"[{'name': 'αττικη', 'ner_label': 'GPE'}, {'name': 'χαλανδρι', 'ner_label': 'GPE'}]","[{'lat': 37.9995238, 'lon': 23.7228379, 'name': 'Αττική', 'osm_class': 'railway', 'osm_type': 'station', 'importance': 0.37797476194049984, 'ner_label': 'GPE', 'original_name': 'αττικη'}, {'lat': 38.0217116, 'lon': 23.8207549, 'name': 'Χαλάνδρι', 'osm_class': 'railway', 'osm_type': 'station', 'importance': 0.3446563915113022, 'ner_label': 'GPE', 'original_name': 'χαλανδρι'}]"
2024-08-12 19:21:19+00:00,1823077321185657201,John Ramon,"@GioKoutras @e_lemnos Η πυρκαγιά ξεκίνησε από τον Βαρνάβα, αν γνωρίζετε πού βρίσκεται η εν λόγω περιοχή και έφτασε σήμερα στο Χαλάνδρι, στα Βριλήσσια και εσχάτως στο Γέρακα. Η ίδια φωτιά. Εσείς καταλαβαίνετε???",1,0,,,,"Η πυρκαγιά ξεκίνησε από τον Βαρνάβα, αν γνωρίζετε πού βρίσκεται η εν λόγω περιοχή και έφτασε σήμερα στο Χαλάνδρι, στα Βριλήσσια και εσχάτως στο Γέρακα. Η ίδια φωτιά. Εσείς καταλαβαίνετε?","η πυρκαγια ξεκινησε απο τον βαρναβα, αν γνωριζετε που βρισκεται η εν λογω περιοχη και εφτασε σημερα στο χαλανδρι, στα βριλησσια και εσχατως στο γερακα. η ιδια φωτια. εσεις καταλαβαινετε?",πυρκαγια ξεκινω βαρναβας γνωριζω βρισκω περιοχη φτανω σημερα χαλανδρι βριλησσιο εσχατως γερακας φωτια καταλαβαινω,0.899,1,1,1,"[{'name': 'βαρναβα', 'ner_label': 'GPE'}, {'name': 'χαλανδρι', 'ner_label': 'GPE'}, {'name': 'βριλησσια', 'ner_label': 'GPE'}, {'name': 'γερακα', 'ner_label': 'GPE'}]","[{'lat': 37.9656966, 'lon': 23.743307, 'name': 'Πλατεία Βαρνάβα', 'osm_class': 'leisure', 'osm_type': 'park', 'importance': 0.08008327382314791, 'ner_label': 'GPE', 'original_name': 'βαρναβα'}, {'lat': 38.0217116, 'lon': 23.8207549, 'name': 'Χαλάνδρι', 'osm_class': 'railway', 'osm_type': 'station', 'importance': 0.3446563915113022, 'ner_label': 'GPE', 'original_name': 'χαλανδρι'}, {'lat': 38.0399028, 'lon': 23.8389373, 'name': 'Βριλήσσια', 'osm_class': 'place', 'osm_type': 'suburb', 'importance': 0.14674994048981455, 'ner_label': 'GPE', 'original_name': 'βριλησσια'}]"
2024-08-12 19:21:48+00:00,1823077445496422531,Mr.Dillis 🇵🇸,Η φωτιά ξεκίνησε καμια 40αριά χιλιόμετρα μακριά  από την Αθήνα και σε λίγο θα φτάσει στο κέντρο!! Και το ζαβό μαζί με τα υπόλοιπα δεξιά τρολ θα πανηγυρίζουν που δεν έχουμε νεκρό!! #φωτιά,6,1,,,,Η φωτιά ξεκίνησε καμια 40αριά χιλιόμετρα μακριά από την Αθήνα και σε λίγο θα φτάσει στο κέντρο! Και το ζαβό μαζί με τα υπόλοιπα δεξιά τρολ θα πανηγυρίζουν που δεν έχουμε νεκρό! #φωτιά,η φωτια ξεκινησε καμια 40αρια χιλιομετρα μακρια απο την αθηνα και σε λιγο θα φτασει στο κεντρο! και το ζαβο μαζι με τα υπολοιπα δεξια τρολ θα πανηγυριζουν που δεν εχουμε νεκρο! #φωτια,φωτια ξεκινω καμια αρια χιλιομετρο μακρια αθηνα φτανω κεντρο ζαβο υπολοιπος τρολ πανηγυριζω νεκρος φωτια,0.471,1,0,1,"[{'name': 'αθηνα', 'ner_label': 'GPE'}, {'name': 'ζαβο', 'ner_label': 'GPE'}]","[{'lat': 37.9755648, 'lon': 23.7348324, 'name': 'Αθήνα', 'osm_class': 'place', 'osm_type': 'city', 'importance': 0.7869062105765003, 'ner_label': 'GPE', 'original_name': 'αθηνα'}]"
2024-08-12 19:22:27+00:00,1823077609288225216,GR TIMES,#Φωτιά στην #Αττική: Πληροφορίες για αγνοούμενη στα Βριλήσσια https://t.co/vRK89LHatI,0,0,,,,#Φωτιά στην #Αττική: Πληροφορίες για αγνοούμενη στα Βριλήσσια,#φωτια στην #αττικη: πληροφοριες για αγνοουμενη στα βριλησσια,φωτια αττικος πληροφορια αγνοουμενος βριλησσιο,0.979,1,0,1,"[{'name': 'αττικη', 'ner_label': 'GPE'}, {'name': 'βριλησσια', 'ner_label': 'GPE'}]","[{'lat': 37.9995238, 'lon': 23.7228379, 'name': 'Αττική', 'osm_class': 'railway', 'osm_type': 'station', 'importance': 0.37797476194049984, 'ner_label': 'GPE', 'original_name': 'αττικη'}, {'lat': 38.0399028, 'lon': 23.8389373, 'name': 'Βριλήσσια', 'osm_class': 'place', 'osm_type': 'suburb', 'importance': 0.14674994048981455, 'ner_label': 'GPE', 'original_name': 'βριλησσια'}]"
2024-08-12 19:22:28+00:00,1823077613872562574,Marketmoney.gr,"Φωτιά στην Αττική: Σερβία, Ρουμανία και Τουρκία στέλνουν βοήθεια για την αντιμετώπιση του μετώπου https://t.co/IlfGZkEmZn",0,0,,,,"Φωτιά στην Αττική: Σερβία, Ρουμανία και Τουρκία στέλνουν βοήθεια για την αντιμετώπιση του μετώπου","φωτια στην αττικη: σερβια, ρουμανια και τουρκια στελνουν βοηθεια για την αντιμετωπιση του μετωπου",φωτια αττικος σερβια ρουμανια τουρκια στελνω βοηθεια αντιμετωπιση μετωπου,0.962,1,1,0,"[{'name': 'αττικη', 'ner_label': 'GPE'}, {'name': 'σερβια', 'ner_label': 'GPE'}, {'name': 'ρουμανια', 'ner_label': 'GPE'}, {'name': 'τουρκια', 'ner_label': 'GPE'}]","[{'lat': 37.9995238, 'lon': 23.7228379, 'name': 'Αττική', 'osm_class': 'railway', 'osm_type': 'station', 'importance': 0.37797476194049984, 'ner_label': 'GPE', 'original_name': 'αττικη'}, {'lat': 40.1846282, 'lon': 21.9990312, 'name': 'Σέρβια', 'osm_class': 'place', 'osm_type': 'town', 'importance': 0.16005593881132218, 'ner_label': 'GPE', 'original_name': 'σερβια'}, {'lat': 39.2437221, 'lon': 20.996481, 'name': 'Ρουμάνια', 'osm_class': 'place', 'osm_type': 'hamlet', 'importance': 0.13339319371328295, 'ner_label': 'GPE', 'original_name': 'ρουμανια'}]"
2024-08-12 19:22:34+00:00,1823077635896823914,Πριν,Απαξίωση ενός ολόκληρου νομού: Ενώ για 26η μέρα καίει η #φωτιά στο όρος Όρβηλος στο νομό Σερρών καίγοντας πάνω από 26.000 στρέμματα η κυβέρνηση απέσυρε τα εναέρια μέσα πυρόσβεσης!  https://t.co/D5tF8h5653,54,40,,,,Απαξίωση ενός ολόκληρου νομού: Ενώ για 26η μέρα καίει η #φωτιά στο όρος Όρβηλος στο νομό Σερρών καίγοντας πάνω από 26.000 στρέμματα η κυβέρνηση απέσυρε τα εναέρια μέσα πυρόσβεσης!,απαξιωση ενος ολοκληρου νομου: ενω για 26η μερα καιει η #φωτια στο ορος ορβηλος στο νομο σερρων καιγοντας πανω απο 26.000 στρεμματα η κυβερνηση απεσυρε τα εναερια μεσα πυροσβεσης!,απαξιωση ολοκληρος νομος ος μερα καιω φωτια ορος ορβηλος νομο σερρων καιγο στρεμματο κυβερνηση απεσυρε εναεριος πυροσβεση,0.346,1,1,0,"[{'name': 'ορος ορβηλος', 'ner_label': 'LOC'}, {'name': 'νομο σερρων', 'ner_label': 'GPE'}]",[]
2024-08-12 19:22:52+00:00,1823077714208727501,Adieksodos.Gr,Φωτιά στην Αττική: Γιγαντιαία επιχείρηση εναέριων &amp; επιγείων δυνάμεων -  https://t.co/wrYbEMprrw https://t.co/IrHgPiy27l,0,0,,,,Φωτιά στην Αττική: Γιγαντιαία επιχείρηση εναέριων & επιγείων δυνάμεων -,φωτια στην αττικη: γιγαντιαια επιχειρηση εναεριων & επιγειων δυναμεων -,φωτια αττικος γιγαντιαια επιχειρηση εναεριος επιγειος δυναμη,0.979,1,1,0,"[{'name': 'αττικη', 'ner_label': 'GPE'}]","[{'lat': 37.9995238, 'lon': 23.7228379, 'name': 'Αττική', 'osm_class': 'railway', 'osm_type': 'station', 'importance': 0.37797476194049984, 'ner_label': 'GPE', 'original_name': 'αττικη'}]"
2024-08-12 19:22:53+00:00,1823077716440023431,enwsi.gr,Ρεπόρτερ του ALPHA σβήνει τη φωτιά με λάστιχο σπιτιού στο Πάτημα Χαλανδρίου: Εγκλωβίστηκε το συνεργείο (VIDEO) https://t.co/UP6CSNZ2lW,1,0,,,,Ρεπόρτερ του ALPHA σβήνει τη φωτιά με λάστιχο σπιτιού στο Πάτημα Χαλανδρίου: Εγκλωβίστηκε το συνεργείο (VIDEO),ρεπορτερ του alpha σβηνει τη φωτια με λαστιχο σπιτιου στο πατημα χαλανδριου: εγκλωβιστηκε το συνεργειο (video),ρεπορτερ alpha σβηνω φωτια λαστιχο σπιτιου πατημα χαλανδριου εγκλωβιστηκε συνεργειο video,0.927,1,0,1,"[{'name': 'πατημα χαλανδριου', 'ner_label': 'GPE'}]",[]
2024-08-12 19:22:57+00:00,1823077732361625820,e-press.gr,Φωτιά στην Αττική: Τιτάνια μάχη με τις φλόγες – Τεράστια καταστροφή -  https://t.co/zhvyPNSF7r https://t.co/jsRLToNyA5,0,0,,,,Φωτιά στην Αττική: Τιτάνια μάχη με τις φλόγες – Τεράστια καταστροφή -,φωτια στην αττικη: τιτανια μαχη με τις φλογες – τεραστια καταστροφη -,φωτια αττικος τιτανια μαχη φλογα τεραστιος καταστροφη,0.973,1,0,0,"[{'name': 'αττικη', 'ner_label': 'GPE'}]","[{'lat': 37.9995238, 'lon': 23.7228379, 'name': 'Αττική', 'osm_class': 'railway', 'osm_type': 'station', 'importance': 0.37797476194049984, 'ner_label': 'GPE', 'original_name': 'αττικη'}]"
2024-08-12 19:23:23+00:00,1823077843993047477,Ant1news.gr,Φωτιά στην Αττική: Σε ποιους δήμους γίνεται συγκέντρωση ειδών πρώτης ανάγκης https://t.co/Z0BKP2x4HW #Ant1news #φωτια #Αττικη https://t.co/oXKlqa3d8O,0,0,,,,Φωτιά στην Αττική: Σε ποιους δήμους γίνεται συγκέντρωση ειδών πρώτης ανάγκης #Ant1news #φωτια #Αττικη,φωτια στην αττικη: σε ποιους δημους γινεται συγκεντρωση ειδων πρωτης αναγκης #ant1news #φωτια #αττικη,φωτια αττικος ποιος δημος γινομαι συγκεντρωση ειδων πρωτος αναγκη ant news φωτια αττικη,0.897,1,0,1,"[{'name': 'αττικη', 'ner_label': 'GPE'}]","[{'lat': 37.9995238, 'lon': 23.7228379, 'name': 'Αττική', 'osm_class': 'railway', 'osm_type': 'station', 'importance': 0.37797476194049984, 'ner_label': 'GPE', 'original_name': 'αττικη'}]"
2024-08-12 19:23:40+00:00,1823077912645394860,𝚂𝚈𝚁✪𝚂 𝙸𝚂𝙻𝙰𝙽𝙳,"Με μια #φωτιά που ξεκίνησε 20 χιλιόμετρα μακριά, κατάφεραν να κάψουν: Πεντέλη ✔️ Κηφισιά ✔️ Βριλήσσια ✔️ Μελίσσια ✔️ Γέρακα ✔️ Χαλάνδρι ✔️  ΑΧΡΗΣΤΟΙ!!! https://t.co/zAkVMbEWEM",82,36,,,,"Με μια #φωτιά που ξεκίνησε 20 χιλιόμετρα μακριά, κατάφεραν να κάψουν: Πεντέλη Κηφισιά Βριλήσσια Μελίσσια Γέρακα Χαλάνδρι ΑΧΡΗΣΤΟΙ!","με μια #φωτια που ξεκινησε 20 χιλιομετρα μακρια, καταφεραν να καψουν: πεντελη κηφισια βριλησσια μελισσια γερακα χαλανδρι αχρηστοι!",φωτια ξεκινω χιλιομετρο μακρια καταφερνω καψουν πεντελη κηφισια βριλησσια μελισσια γερακα χαλανδρι αχρηστοι,0.361,1,1,0,"[{'name': 'πεντελη κηφισια βριλησσια μελισσια γερακα χαλανδρι', 'ner_label': 'GPE'}]",[]
2024-08-12 19:24:11+00:00,1823078045508587603,TheOpinion_News,Φωτιά και στον Βόλο – στην Βιομηχανική Περιοχή https://t.co/6hry2gB5zj #Thessaloniki #skg #TheOpinion,0,2,,,,Φωτιά και στον Βόλο – στην Βιομηχανική Περιοχή #Thessaloniki #skg #TheOpinion,φωτια και στον βολο – στην βιομηχανικη περιοχη #thessaloniki #skg #theopinion,φωτια βολο βιομηχανικη περιοχη thessaloniki skg the opinion,0.986,1,0,1,"[{'name': 'βολο', 'ner_label': 'GPE'}, {'name': 'thessaloniki', 'ner_label': 'GPE'}]","[{'lat': 40.6403167, 'lon': 22.9352716, 'name': 'Θεσσαλονίκη', 'osm_class': 'place', 'osm_type': 'city', 'importance': 0.7032802514986225, 'ner_label': 'GPE', 'original_name': 'thessaloniki'}]"
2024-08-12 19:24:55+00:00,1823078227658571827,North News,Διάσπαρτες εστίες στη Λ. Μαραθώνος – Η πυροσβεστική δημιουργεί αντιπυρικές ζώνες https://t.co/lPbzMEsRlx,0,0,,,,Διάσπαρτες εστίες στη Λ. Μαραθώνος – Η πυροσβεστική δημιουργεί αντιπυρικές ζώνες,διασπαρτες εστιες στη λ. μαραθωνος – η πυροσβεστικη δημιουργει αντιπυρικες ζωνες,διασπαρτες εστια λ μαραθωνος πυροσβεστικος δημιουργω αντιπυρικος ζωνη,0.625,1,1,0,"[{'name': 'λ . μαραθωνος', 'ner_label': 'FAC'}]",[]
2024-08-12 19:25:05+00:00,1823078268884693331,Dnews,Φωτιά στην Αττική: Από την πυρκαγιά του 2009 στο χάος του 2024 #ΦΩΤΙΑ_ΤΩΡΑ #ΦΩΤΙΑ_ΑΤΤΙΚΗ https://t.co/dJ5OwPhFLR,0,0,,,,Φωτιά στην Αττική: Από την πυρκαγιά του 2009 στο χάος του 2024 #ΦΩΤΙΑ_ΤΩΡΑ #ΦΩΤΙΑ_ΑΤΤΙΚΗ,φωτια στην αττικη: απο την πυρκαγια του 2009 στο χαος του 2024 #φωτια_τωρα #φωτια_αττικη,φωτια αττικος πυρκαγια χαος φωτια τωρα φωτια αττικη,0.942,1,0,0,"[{'name': 'αττικη', 'ner_label': 'GPE'}]","[{'lat': 37.9995238, 'lon': 23.7228379, 'name': 'Αττική', 'osm_class': 'railway', 'osm_type': 'station', 'importance': 0.37797476194049984, 'ner_label': 'GPE', 'original_name': 'αττικη'}]"
2024-08-12 19:25:06+00:00,1823078274718990512,neakriti.gr,#Φωτιά στην #Αττική: Αναφορές για αγνοούμενη στο Χαλάνδρι https://t.co/HjzGbzygKE,1,1,,,,#Φωτιά στην #Αττική: Αναφορές για αγνοούμενη στο Χαλάνδρι,#φωτια στην #αττικη: αναφορες για αγνοουμενη στο χαλανδρι,φωτια αττικος αναφορες αγνοουμενος χαλανδρι,0.949,1,0,0,"[{'name': 'αττικη', 'ner_label': 'GPE'}, {'name': 'χαλανδρι', 'ner_label': 'GPE'}]","[{'lat': 37.9995238, 'lon': 23.7228379, 'name': 'Αττική', 'osm_class': 'railway', 'osm_type': 'station', 'importance': 0.37797476194049984, 'ner_label': 'GPE', 'original_name': 'αττικη'}, {'lat': 38.0217116, 'lon': 23.8207549, 'name': 'Χαλάνδρι', 'osm_class': 'railway', 'osm_type': 'station', 'importance': 0.3446563915113022, 'ner_label': 'GPE', 'original_name': 'χαλανδρι'}]"
2024-08-12 19:25:51+00:00,1823078465517527331,MissBloomgr,Θέμα στα διεθνή ΜΜΕ η φωτιά στην Αττική: 'Χρώμα Αποκάλυψης - Εκκενώσεις κοντά στην Αθήνα' #missbloomgr https://t.co/Dm8lRCdtKZ,0,0,,,,Θέμα στα διεθνή ΜΜΕ η φωτιά στην Αττική: 'Χρώμα Αποκάλυψης - Εκκενώσεις κοντά στην Αθήνα' #missbloomgr,θεμα στα διεθνη μμε η φωτια στην αττικη: 'χρωμα αποκαλυψης - εκκενωσεις κοντα στην αθηνα' #missbloomgr,θεμα διεθνης μμε φωτια αττικος χρωμα αποκαλυψης εκκενωσεις αθηνα missbloomgr,0.318,1,0,1,"[{'name': 'αττικη', 'ner_label': 'GPE'}, {'name': 'αθηνα', 'ner_label': 'GPE'}]","[{'lat': 37.9995238, 'lon': 23.7228379, 'name': 'Αττική', 'osm_class': 'railway', 'osm_type': 'station', 'importance': 0.37797476194049984, 'ner_label': 'GPE', 'original_name': 'αττικη'}, {'lat': 37.9755648, 'lon': 23.7348324, 'name': 'Αθήνα', 'osm_class': 'place', 'osm_type': 'city', 'importance': 0.7869062105765003, 'ner_label': 'GPE', 'original_name': 'αθηνα'}]"
2024-08-12 19:26:02+00:00,1823078508932788569,lawandorder.gr,Φωτιά στην Αττική: Πύρινος ανεμοστρόβιλος σχηματίστηκε στο γήπεδο του Διονύσου (βίντεο) https://t.co/zWHWAjSksv,1,2,,,,Φωτιά στην Αττική: Πύρινος ανεμοστρόβιλος σχηματίστηκε στο γήπεδο του Διονύσου (βίντεο),φωτια στην αττικη: πυρινος ανεμοστροβιλος σχηματιστηκε στο γηπεδο του διονυσου (βιντεο),φωτια αττικος πυρινος ανεμοστροβιλος σχηματιζω γηπεδο διονυσου βιντεο,0.982,1,0,1,"[{'name': 'αττικη', 'ner_label': 'GPE'}, {'name': 'διονυσου', 'ner_label': 'GPE'}]","[{'lat': 37.9995238, 'lon': 23.7228379, 'name': 'Αττική', 'osm_class': 'railway', 'osm_type': 'station', 'importance': 0.37797476194049984, 'ner_label': 'GPE', 'original_name': 'αττικη'}, {'lat': 37.970586, 'lon': 23.727629, 'name': 'Θέατρο του Διονύσου', 'osm_class': 'tourism', 'osm_type': 'attraction', 'importance': 0.5138517514351957, 'ner_label': 'GPE', 'original_name': 'διονυσου'}]"
2024-08-12 19:26:17+00:00,1823078572589781387,enikos.gr,Φωτιά στην Αττική: Συγκλονιστικό βίντεο από το Πάτημα Χαλανδρίου – Ρίψεις νερού από ελικόπτερο μέσα στον αστικό ιστό https://t.co/oJydEz8d0u,3,1,,,,Φωτιά στην Αττική: Συγκλονιστικό βίντεο από το Πάτημα Χαλανδρίου – Ρίψεις νερού από ελικόπτερο μέσα στον αστικό ιστό,φωτια στην αττικη: συγκλονιστικο βιντεο απο το πατημα χαλανδριου – ριψεις νερου απο ελικοπτερο μεσα στον αστικο ιστο,φωτια αττικος συγκλονιστικο βιντεο πατημα χαλανδριου ριψεις νερο ελικοπτερο αστικος ιστος,0.977,1,1,1,"[{'name': 'αττικη', 'ner_label': 'GPE'}, {'name': 'πατημα χαλανδριου', 'ner_label': 'GPE'}]","[{'lat': 37.9995238, 'lon': 23.7228379, 'name': 'Αττική', 'osm_class': 'railway', 'osm_type': 'station', 'importance': 0.37797476194049984, 'ner_label': 'GPE', 'original_name': 'αττικη'}]"
2024-08-12 19:27:03+00:00,1823078767105110509,Vimaonline.gr,Υπό έλεγχο τέθηκε η φωτιά στην Τερψιθέα της Γλυφάδας - Εμπρησμό καταγγέλει ο δήμαρχος https://t.co/zGEebBR5yX,0,0,,,,Υπό έλεγχο τέθηκε η φωτιά στην Τερψιθέα της Γλυφάδας - Εμπρησμό καταγγέλει ο δήμαρχος,υπο ελεγχο τεθηκε η φωτια στην τερψιθεα της γλυφαδας - εμπρησμο καταγγελει ο δημαρχος,ελεγχος τεθηκε φωτια τερψιθεα γλυφαδα εμπρησμο καταγγελω δημαρχος,0.979,1,0,0,"[{'name': 'τερψιθεα', 'ner_label': 'GPE'}, {'name': 'γλυφαδας', 'ner_label': 'GPE'}]","[{'lat': 37.8829987, 'lon': 23.767983, 'name': 'Δήμος Γλυφάδας', 'osm_class': 'boundary', 'osm_type': 'administrative', 'importance': 0.2853231881743613, 'ner_label': 'GPE', 'original_name': 'γλυφαδας'}, {'lat': 37.9018403, 'lon': 23.7709411, 'name': 'Τερψιθέα', 'osm_class': 'place', 'osm_type': 'neighbourhood', 'importance': 0.08008327382314791, 'ner_label': 'GPE', 'original_name': 'τερψιθεα'}]"
2024-08-12 19:27:07+00:00,1823078781281829306,newshub.gr,Φωτιά στη ΒΑ Αττική: Διάσπαρτες εστίες στη Λ. Μαραθώνος – Η πυροσβεστική δημιουργεί αντιπυρικές ζώνες https://t.co/WrIBEoyvcX 👈 κλικ εδώ #newshubgr #crete #ellada #ειδήσεις #εξελίξεις https://t.co/3Qc58vWMQk,0,0,,,,Φωτιά στη ΒΑ Αττική: Διάσπαρτες εστίες στη Λ. Μαραθώνος – Η πυροσβεστική δημιουργεί αντιπυρικές ζώνες κλικ εδώ #newshubgr #crete #ellada #ειδήσεις #εξελίξεις,φωτια στη βα αττικη: διασπαρτες εστιες στη λ. μαραθωνος – η πυροσβεστικη δημιουργει αντιπυρικες ζωνες κλικ εδω #newshubgr #crete #ellada #ειδησεις #εξελιξεις,φωτια βα αττικη διασπαρτες εστια λ μαραθωνος πυροσβεστικος δημιουργω αντιπυρικος ζωνη κλικ newshubgr crete ellada ειδησεις εξελιξη,0.984,1,1,0,"[{'name': 'αττικη', 'ner_label': 'GPE'}, {'name': 'λ . μαραθωνος', 'ner_label': 'FAC'}]","[{'lat': 37.9995238, 'lon': 23.7228379, 'name': 'Αττική', 'osm_class': 'railway', 'osm_type': 'station', 'importance': 0.37797476194049984, 'ner_label': 'GPE', 'original_name': 'αττικη'}]"
2024-08-12 19:27:22+00:00,1823078845940965634,liberal.gr,Δήμαρχος Πεντέλης: Αναζωπύρωση της φωτιάς και στο Αστεροσκοπείο https://t.co/Vf2QG1UBXy,1,0,,,,Δήμαρχος Πεντέλης: Αναζωπύρωση της φωτιάς και στο Αστεροσκοπείο,δημαρχος πεντελης: αναζωπυρωση της φωτιας και στο αστεροσκοπειο,δημαρχος πεντελης αναζωπυρωση φωτια αστεροσκοπειο,0.576,1,0,1,"[{'name': 'πεντελης', 'ner_label': 'GPE'}, {'name': 'αστεροσκοπειο', 'ner_label': 'FAC'}]","[{'lat': 38.0505896, 'lon': 23.8614591, 'name': 'Πεντέλη', 'osm_class': 'place', 'osm_type': 'suburb', 'importance': 0.49026558458181707, 'ner_label': 'GPE', 'original_name': 'πεντελης'}, {'lat': 37.9731246, 'lon': 23.7199851, 'name': 'Αστεροσκοπείο', 'osm_class': 'place', 'osm_type': 'neighbourhood', 'importance': 0.3841981265934431, 'ner_label': 'FAC', 'original_name': 'αστεροσκοπειο'}]"
2024-08-12 19:29:07+00:00,1823079287408165318,Forecast Weather Greece,🔥Συγκλονιστικό βίντεο τώρα  από την λεωφόρο #Πεντέλης με τους Πυροσβέστες να θέτουν σε κίνδυνο την ζωή τους να καούν ζωντανοί προσπαθώντας  να θέσουν υπό έλεγχο την #πυρκαγιά.   Βίντεο :  Αντώνης Παπανίκου https://t.co/embEKXCq4Z,143,78,,,,Συγκλονιστικό βίντεο τώρα από την λεωφόρο #Πεντέλης με τους Πυροσβέστες να θέτουν σε κίνδυνο την ζωή τους να καούν ζωντανοί προσπαθώντας να θέσουν υπό έλεγχο την #πυρκαγιά. Βίντεο : Αντώνης Παπανίκου,συγκλονιστικο βιντεο τωρα απο την λεωφορο #πεντελης με τους πυροσβεστες να θετουν σε κινδυνο την ζωη τους να καουν ζωντανοι προσπαθωντας να θεσουν υπο ελεγχο την #πυρκαγια. βιντεο : αντωνης παπανικου,συγκλονιστικος βιντεο λεωφορο πεντελης πυροσβεστες θετω κινδυνος ζωη καουν ζωντανος προσπαθω θεζω ελεγχος πυρκαγια βιντεο αντωνης παπανικος,0.646,1,0,0,"[{'name': 'λεωφορο πεντελης', 'ner_label': 'FAC'}]",[]
2024-08-12 19:29:20+00:00,1823079342085165302,15 minutes,Φωτιά στην Αττική: Δήμοι συγκεντρώνουν είδη πρώτης ανάγκης για τους πυρόπληκτους – Τι ζητάνε - https://t.co/wzSWbZ990L,0,0,,,,Φωτιά στην Αττική: Δήμοι συγκεντρώνουν είδη πρώτης ανάγκης για τους πυρόπληκτους – Τι ζητάνε -,φωτια στην αττικη: δημοι συγκεντρωνουν ειδη πρωτης αναγκης για τους πυροπληκτους – τι ζητανε -,φωτια αττικος δημος συγκεντρωνω ειδος πρωτος αναγκη πυροπληκτους ζητανε,0.486,1,0,1,"[{'name': 'αττικη', 'ner_label': 'GPE'}]","[{'lat': 37.9995238, 'lon': 23.7228379, 'name': 'Αττική', 'osm_class': 'railway', 'osm_type': 'station', 'importance': 0.37797476194049984, 'ner_label': 'GPE', 'original_name': 'αττικη'}]"
2024-08-12 19:29:27+00:00,1823079368215728415,SKAI.gr,🔥 ⁉️ #Κασσελάκης για #φωτιά στην #Αττική: «Απίστευτο να συμβαίνει αυτό στην #Αθήνα» https://t.co/udNmbpxK2P,3,0,,,,#Κασσελάκης για #φωτιά στην #Αττική: «Απίστευτο να συμβαίνει αυτό στην #Αθήνα»,#κασσελακης για #φωτια στην #αττικη: «απιστευτο να συμβαινει αυτο στην #αθηνα»,κασσελακης φωτια αττικος απιστευτο συμβαινω αθηνα,0.306,1,0,0,"[{'name': 'αττικη', 'ner_label': 'GPE'}, {'name': 'αθηνα', 'ner_label': 'GPE'}]","[{'lat': 37.9995238, 'lon': 23.7228379, 'name': 'Αττική', 'osm_class': 'railway', 'osm_type': 'station', 'importance': 0.37797476194049984, 'ner_label': 'GPE', 'original_name': 'αττικη'}, {'lat': 37.9755648, 'lon': 23.7348324, 'name': 'Αθήνα', 'osm_class': 'place', 'osm_type': 'city', 'importance': 0.7869062105765003, 'ner_label': 'GPE', 'original_name': 'αθηνα'}]"
2024-08-12 19:30:05+00:00,1823079530703282201,neakriti.gr,"#Φωτιά στην #Αττική: Ενισχύεται η συνδρομή προς την Ελλάδα με βοήθεια από Σερβία, Ρουμανία και Τουρκία https://t.co/ccG0ytMY2R",1,0,,,,"#Φωτιά στην #Αττική: Ενισχύεται η συνδρομή προς την Ελλάδα με βοήθεια από Σερβία, Ρουμανία και Τουρκία","#φωτια στην #αττικη: ενισχυεται η συνδρομη προς την ελλαδα με βοηθεια απο σερβια, ρουμανια και τουρκια",φωτια αττικος ενισχυω συνδρομη ελλαδα βοηθεια σερβια ρουμανια τουρκια,0.915,1,0,0,"[{'name': 'αττικη', 'ner_label': 'GPE'}, {'name': 'σερβια', 'ner_label': 'GPE'}, {'name': 'ρουμανια', 'ner_label': 'GPE'}, {'name': 'τουρκια', 'ner_label': 'GPE'}]","[{'lat': 37.9995238, 'lon': 23.7228379, 'name': 'Αττική', 'osm_class': 'railway', 'osm_type': 'station', 'importance': 0.37797476194049984, 'ner_label': 'GPE', 'original_name': 'αττικη'}, {'lat': 40.1846282, 'lon': 21.9990312, 'name': 'Σέρβια', 'osm_class': 'place', 'osm_type': 'town', 'importance': 0.16005593881132218, 'ner_label': 'GPE', 'original_name': 'σερβια'}, {'lat': 39.2437221, 'lon': 20.996481, 'name': 'Ρουμάνια', 'osm_class': 'place', 'osm_type': 'hamlet', 'importance': 0.13339319371328295, 'ner_label': 'GPE', 'original_name': 'ρουμανια'}]"
2024-08-12 19:30:39+00:00,1823079671829049755,Merkaklis,"@defence_greece Μικρό μέτωπο, με χαμηλής έντασης  ανέμους σε προσβάσιμη περιοχή.  Σε αντίθεση, δύσκολη φωτιά ήταν στην Εύβοια το 2021 με τεράστιο μέτωπο σε δύσβατες περιοχές",2,0,,,,"Μικρό μέτωπο, με χαμηλής έντασης ανέμους σε προσβάσιμη περιοχή. Σε αντίθεση, δύσκολη φωτιά ήταν στην Εύβοια το 2021 με τεράστιο μέτωπο σε δύσβατες περιοχές","μικρο μετωπο, με χαμηλης εντασης ανεμους σε προσβασιμη περιοχη. σε αντιθεση, δυσκολη φωτια ηταν στην ευβοια το 2021 με τεραστιο μετωπο σε δυσβατες περιοχες",μικρος μετωπο χαμηλος ενταση ανεμος προσβασιμος περιοχη αντιθεση δυσκολος φωτια ευβοια τεραστιος μετωπο δυσβατος περιοχη,0.919,1,1,0,"[{'name': 'ευβοια', 'ner_label': 'GPE'}]","[{'lat': 38.4941724, 'lon': 23.9110844, 'name': 'Εύβοια', 'osm_class': 'place', 'osm_type': 'island', 'importance': 0.5947884596444928, 'ner_label': 'GPE', 'original_name': 'ευβοια'}]"
2024-08-12 19:31:05+00:00,1823079778632475110,Voice News,Φωτιά στην Αττική – Αναφορές για αγνοούμενη στα Βριλήσσια https://t.co/vRVfUIkeqm #Αττικη #φωτια #πυρκαγια #Βριλησσια #γυναικα https://t.co/pbPiisNtn4,2,0,,,,Φωτιά στην Αττική – Αναφορές για αγνοούμενη στα Βριλήσσια #Αττικη #φωτια #πυρκαγια #Βριλησσια #γυναικα,φωτια στην αττικη – αναφορες για αγνοουμενη στα βριλησσια #αττικη #φωτια #πυρκαγια #βριλησσια #γυναικα,φωτια αττικος αναφορες αγνοουμενος βριλησσι αττικη φωτια πυρκαγια βριλησσια γυναικα,0.961,1,0,0,"[{'name': 'αττικη', 'ner_label': 'GPE'}, {'name': 'βριλησσια αττικη', 'ner_label': 'GPE'}, {'name': 'βριλησσια', 'ner_label': 'GPE'}]","[{'lat': 37.9995238, 'lon': 23.7228379, 'name': 'Αττική', 'osm_class': 'railway', 'osm_type': 'station', 'importance': 0.37797476194049984, 'ner_label': 'GPE', 'original_name': 'αττικη'}, {'lat': 38.0399028, 'lon': 23.8389373, 'name': 'Βριλήσσια', 'osm_class': 'place', 'osm_type': 'suburb', 'importance': 0.14674994048981455, 'ner_label': 'GPE', 'original_name': 'βριλησσια'}]"
2024-08-12 19:31:07+00:00,1823079787793121481,MyPortal.gr,Φωτιά στη ΒΑ Αττική: Διάσπαρτες εστίες στη Λ. Μαραθώνος – Η πυροσβεστική δημιουργεί αντιπυρικές ζώνες https://t.co/CrY0qb7emE https://t.co/AyZBmPb8cY,0,0,,,,Φωτιά στη ΒΑ Αττική: Διάσπαρτες εστίες στη Λ. Μαραθώνος – Η πυροσβεστική δημιουργεί αντιπυρικές ζώνες,φωτια στη βα αττικη: διασπαρτες εστιες στη λ. μαραθωνος – η πυροσβεστικη δημιουργει αντιπυρικες ζωνες,φωτια βα αττικη διασπαρτες εστια λ μαραθωνος πυροσβεστικος δημιουργω αντιπυρικος ζωνη,0.987,1,1,0,"[{'name': 'αττικη', 'ner_label': 'GPE'}, {'name': 'λ . μαραθωνος', 'ner_label': 'FAC'}]","[{'lat': 37.9995238, 'lon': 23.7228379, 'name': 'Αττική', 'osm_class': 'railway', 'osm_type': 'station', 'importance': 0.37797476194049984, 'ner_label': 'GPE', 'original_name': 'αττικη'}]"
2024-08-12 19:31:07+00:00,1823079787050799289,ariana,Τεράστια αναζωπύρωση στο Άνω Σουλι #Μαραθωνας #φωτια https://t.co/SWhLwOVzil,4,10,,,,Τεράστια αναζωπύρωση στο Άνω Σουλι #Μαραθωνας #φωτια,τεραστια αναζωπυρωση στο ανω σουλι #μαραθωνας #φωτια,τεραστια αναζωπυρωση σουλι μαραθωνας φωτια,0.985,1,0,0,"[{'name': 'ανω σουλι μαραθωνας', 'ner_label': 'GPE'}]","[{'lat': 38.1831563, 'lon': 23.9779323, 'name': 'Άνω Σούλι', 'osm_class': 'place', 'osm_type': 'village', 'importance': 0.14672695887693593, 'ner_label': 'GPE', 'original_name': 'ανω σουλι μαραθωνας'}]"
2024-08-12 19:31:21+00:00,1823079846412722644,panos,@josephstalkin Σαν να έχει φτάσει η φωτιά στην Πυλαία πάνω κάτω.,1,0,,,,Σαν να έχει φτάσει η φωτιά στην Πυλαία πάνω κάτω.,σαν να εχει φτασει η φωτια στην πυλαια πανω κατω.,φτανω φωτια πυλαια,0.5,1,0,0,"[{'name': 'πυλαια', 'ner_label': 'GPE'}]","[{'lat': 40.6012456, 'lon': 22.9866824, 'name': 'Πυλαία', 'osm_class': 'place', 'osm_type': 'suburb', 'importance': 0.1467407194628824, 'ner_label': 'GPE', 'original_name': 'πυλαια'}]"
2024-08-12 19:31:26+00:00,1823079869137436744,El Greco,Megafire η πυρκαγιά της βορειοανατολικής Αττικής - Έχουν καεί πάνω από 100.000 στρέμματα,1,0,,,,Megafire η πυρκαγιά της βορειοανατολικής Αττικής - Έχουν καεί πάνω από 100.000 στρέμματα,megafire η πυρκαγια της βορειοανατολικης αττικης - εχουν καει πανω απο 100.000 στρεμματα,megafire πυρκαγια βορειοανατολικος αττικη καει στρεμματο,0.951,1,1,0,"[{'name': 'αττικης', 'ner_label': 'GPE'}]","[{'lat': 37.9995238, 'lon': 23.7228379, 'name': 'Αττική', 'osm_class': 'railway', 'osm_type': 'station', 'importance': 0.37797476194049984, 'ner_label': 'GPE', 'original_name': 'αττικης'}]"
2024-08-12 19:31:47+00:00,1823079956790055126,enwsi.gr,Πύρινη κόλαση στην Αττική: Σχεδόν 100.000 στρέμματα έχει κάψει η φωτιά! (ΦΩΤΟ) https://t.co/HSEIKTuSKR,3,0,,,,Πύρινη κόλαση στην Αττική: Σχεδόν 100.000 στρέμματα έχει κάψει η φωτιά! (ΦΩΤΟ),πυρινη κολαση στην αττικη: σχεδον 100.000 στρεμματα εχει καψει η φωτια! (φωτο),πυρινη κολαση αττικος στρεμματα καπτω φωτια φωτο,0.926,1,1,1,"[{'name': 'αττικη', 'ner_label': 'GPE'}]","[{'lat': 37.9995238, 'lon': 23.7228379, 'name': 'Αττική', 'osm_class': 'railway', 'osm_type': 'station', 'importance': 0.37797476194049984, 'ner_label': 'GPE', 'original_name': 'αττικη'}]"
2024-08-12 19:32:35+00:00,1823080157785059789,Αραχώβης τρία.,"Μλκ, έχει φωτιά στη γειτονιά μου στην Αγγλία.",37,12,,,,"Μλκ, έχει φωτιά στη γειτονιά μου στην Αγγλία.","μλκ, εχει φωτια στη γειτονια μου στην αγγλια.",μλκ φωτια γειτονια αγγλια,0.886,1,0,1,"[{'name': 'αγγλια', 'ner_label': 'GPE'}]","[{'lat': 37.837362, 'lon': 24.9365363, 'name': 'Micra Anglia', 'osm_class': 'tourism', 'osm_type': 'hotel', 'importance': 5.842603189131026e-05, 'ner_label': 'GPE', 'original_name': 'αγγλια'}]"
2024-08-12 19:34:32+00:00,1823080649558995220,Breaking News,Φωτιά στην Αττική: Κάηκε το σπίτι του ανθρώπου που κατηγορήθηκε για την πυρκαγιά στο Μάτι https://t.co/GIL42J8ngC #Νεα,0,1,,,,Φωτιά στην Αττική: Κάηκε το σπίτι του ανθρώπου που κατηγορήθηκε για την πυρκαγιά στο Μάτι #Νεα,φωτια στην αττικη: καηκε το σπιτι του ανθρωπου που κατηγορηθηκε για την πυρκαγια στο ματι #νεα,φωτια αττικος καηκε σπιτι ανθρωπου κατηγορω πυρκαγια ματι νεα,0.524,1,0,1,"[{'name': 'αττικη', 'ner_label': 'GPE'}, {'name': 'ματι', 'ner_label': 'GPE'}]","[{'lat': 37.9995238, 'lon': 23.7228379, 'name': 'Αττική', 'osm_class': 'railway', 'osm_type': 'station', 'importance': 0.37797476194049984, 'ner_label': 'GPE', 'original_name': 'αττικη'}, {'lat': 40.9138035, 'lon': 24.0908794, 'name': 'Μάτι', 'osm_class': 'natural', 'osm_type': 'peak', 'importance': 0.43096957211662124, 'ner_label': 'GPE', 'original_name': 'ματι'}]"
2024-08-12 19:34:34+00:00,1823080656257065384,Παρδαλόν ερίφιον,Εντοπίστηκε άγριο πτηνό που ξεκίνησε την φωτιά στον Βαρνάβα,5,0,,,,Εντοπίστηκε άγριο πτηνό που ξεκίνησε την φωτιά στον Βαρνάβα,εντοπιστηκε αγριο πτηνο που ξεκινησε την φωτια στον βαρναβα,εντοπιστηκε αγριος πτηνο ξεκινω φωτια βαρναβας,0.853,1,1,0,"[{'name': 'βαρναβα', 'ner_label': 'GPE'}]","[{'lat': 37.9656966, 'lon': 23.743307, 'name': 'Πλατεία Βαρνάβα', 'osm_class': 'leisure', 'osm_type': 'park', 'importance': 0.08008327382314791, 'ner_label': 'GPE', 'original_name': 'βαρναβα'}]"
2024-08-12 19:35:19+00:00,1823080845940330930,NewsIt,Φωτιά στην Αττική: Κάηκε το σπίτι του 65χρονου που καταδικάστηκε για το Μάτι https://t.co/sRoIIeXz9X,8,2,,,,Φωτιά στην Αττική: Κάηκε το σπίτι του 65χρονου που καταδικάστηκε για το Μάτι,φωτια στην αττικη: καηκε το σπιτι του 65χρονου που καταδικαστηκε για το ματι,φωτια αττικος καηκε σπιτι χρονος καταδικαζω ματι,0.438,1,0,1,"[{'name': 'αττικη', 'ner_label': 'GPE'}, {'name': 'ματι', 'ner_label': 'GPE'}]","[{'lat': 37.9995238, 'lon': 23.7228379, 'name': 'Αττική', 'osm_class': 'railway', 'osm_type': 'station', 'importance': 0.37797476194049984, 'ner_label': 'GPE', 'original_name': 'αττικη'}, {'lat': 40.9138035, 'lon': 24.0908794, 'name': 'Μάτι', 'osm_class': 'natural', 'osm_type': 'peak', 'importance': 0.43096957211662124, 'ner_label': 'GPE', 'original_name': 'ματι'}]"
2024-08-12 19:35:34+00:00,1823080908330766381,Dnews,Φωτιά στην Αττική: Παπάς στην μάχη με τις φλόγες στον Γέρακα #ΦΩΤΙΑ_ΤΩΡΑ #ΦΩΤΙΑ_ΑΤΤΙΚΗ https://t.co/ZSa7KXinps,1,0,,,,Φωτιά στην Αττική: Παπάς στην μάχη με τις φλόγες στον Γέρακα #ΦΩΤΙΑ_ΤΩΡΑ #ΦΩΤΙΑ_ΑΤΤΙΚΗ,φωτια στην αττικη: παπας στην μαχη με τις φλογες στον γερακα #φωτια_τωρα #φωτια_αττικη,φωτια αττικος παπας μαχη φλογα γερακας φωτια τωρα φωτια αττικη,0.766,1,0,0,"[{'name': 'αττικη', 'ner_label': 'GPE'}, {'name': 'γερακα', 'ner_label': 'GPE'}]","[{'lat': 37.9995238, 'lon': 23.7228379, 'name': 'Αττική', 'osm_class': 'railway', 'osm_type': 'station', 'importance': 0.37797476194049984, 'ner_label': 'GPE', 'original_name': 'αττικη'}]"
2024-08-12 19:36:07+00:00,1823081046579286440,Βαγγέλης Κ. 👀;,Εν τω μεταξύ η φωτιά στο παρθένο δάσος στον Όρβηλο καίει ακόμη για 26η μέρα με Κικίλια και Κούλη. Μα τι επιμονή.,12,10,,,,Εν τω μεταξύ η φωτιά στο παρθένο δάσος στον Όρβηλο καίει ακόμη για 26η μέρα με Κικίλια και Κούλη. Μα τι επιμονή.,εν τω μεταξυ η φωτια στο παρθενο δασος στον ορβηλο καιει ακομη για 26η μερα με κικιλια και κουλη. μα τι επιμονη.,τω φωτια παρθενο δασος ορβηλο καιω ος μερα κικιλια κουλη επιμονη,0.835,1,1,0,"[{'name': 'ορβηλο', 'ner_label': 'GPE'}]",[]
2024-08-12 19:36:18+00:00,1823081091411960207,ΕΦΗΜΕΡΙΔΑ ΜΑΚΕΔΟΝΙΑ,Κατηγορίας... «megafire» η πυρκαγιά στη βορειοανατολική Αττική https://t.co/9njfDUU9lK https://t.co/m9kO7MUNem,0,0,,,,Κατηγορίας... «megafire» η πυρκαγιά στη βορειοανατολική Αττική,κατηγοριας... «megafire» η πυρκαγια στη βορειοανατολικη αττικη,κατηγοριας megafire πυρκαγια βορειοανατολικος αττικος,0.975,1,0,0,"[{'name': 'αττικη', 'ner_label': 'GPE'}]","[{'lat': 37.9995238, 'lon': 23.7228379, 'name': 'Αττική', 'osm_class': 'railway', 'osm_type': 'station', 'importance': 0.37797476194049984, 'ner_label': 'GPE', 'original_name': 'αττικη'}]"
2024-08-12 19:37:43+00:00,1823081450696028274,OMEGAlive,"Φωτιά στην Αττική: Ενισχύεται η συνδρομή προς την Ελλάδα με βοήθεια από Σερβία, Ρουμανία και Τουρκία #Greece #Ελλάδα https://t.co/EDTHEAzVQe https://t.co/Hb3V4DfWRN",1,0,,,,"Φωτιά στην Αττική: Ενισχύεται η συνδρομή προς την Ελλάδα με βοήθεια από Σερβία, Ρουμανία και Τουρκία #Greece #Ελλάδα","φωτια στην αττικη: ενισχυεται η συνδρομη προς την ελλαδα με βοηθεια απο σερβια, ρουμανια και τουρκια #greece #ελλαδα",φωτια αττικος ενισχυω συνδρομη ελλαδα βοηθεια σερβια ρουμανια τουρκια greece ελλαδα,0.673,1,0,0,"[{'name': 'αττικη', 'ner_label': 'GPE'}, {'name': 'σερβια', 'ner_label': 'GPE'}, {'name': 'ρουμανια', 'ner_label': 'GPE'}, {'name': 'τουρκια', 'ner_label': 'GPE'}]","[{'lat': 37.9995238, 'lon': 23.7228379, 'name': 'Αττική', 'osm_class': 'railway', 'osm_type': 'station', 'importance': 0.37797476194049984, 'ner_label': 'GPE', 'original_name': 'αττικη'}, {'lat': 40.1846282, 'lon': 21.9990312, 'name': 'Σέρβια', 'osm_class': 'place', 'osm_type': 'town', 'importance': 0.16005593881132218, 'ner_label': 'GPE', 'original_name': 'σερβια'}, {'lat': 39.2437221, 'lon': 20.996481, 'name': 'Ρουμάνια', 'osm_class': 'place', 'osm_type': 'hamlet', 'importance': 0.13339319371328295, 'ner_label': 'GPE', 'original_name': 'ρουμανια'}]"
2024-08-12 19:38:34+00:00,1823081662638604499,lefkadatoday,Υπό έλεγχο η φωτιά κοντά στη Βόνιτσα https://t.co/ZunBjnHUSy,0,0,,,,Υπό έλεγχο η φωτιά κοντά στη Βόνιτσα,υπο ελεγχο η φωτια κοντα στη βονιτσα,ελεγχος φωτια βονιτσα,0.992,1,0,0,"[{'name': 'βονιτσα', 'ner_label': 'GPE'}]","[{'lat': 38.9184883, 'lon': 20.8893237, 'name': 'Βόνιτσα', 'osm_class': 'place', 'osm_type': 'town', 'importance': 0.16005999313344013, 'ner_label': 'GPE', 'original_name': 'βονιτσα'}]"
2024-08-12 19:38:54+00:00,1823081745530683416,Filimon Kaltsounis 🇵🇸,@pdiveris @mpoumpivol2 Ναι ρε δεν βλέπετε. Πήρε φωτιά η έρημος Σαχάρα. 😛😜🤪😝🥳,1,0,,,,Ναι ρε δεν βλέπετε. Πήρε φωτιά η έρημος Σαχάρα.,ναι ρε δεν βλεπετε. πηρε φωτια η ερημος σαχαρα.,ρε βλεπω πηρε φωτια ερημος σαχαρα,0.321,1,0,0,"[{'name': 'σαχαρα', 'ner_label': 'LOC'}]","[{'lat': 40.324794, 'lon': 23.0202459, 'name': 'Σαχάρα', 'osm_class': 'leisure', 'osm_type': 'beach_resort', 'importance': 5.44831006332039e-05, 'ner_label': 'LOC', 'original_name': 'σαχαρα'}]"
2024-08-12 19:39:08+00:00,1823081807417385324,Nicemagazine.gr,Φωτιά στην Αττική: Τιτάνια μάχη με τις φλόγες – Τεράστια καταστροφή -  https://t.co/vPgu2awig8 https://t.co/81v479nJC4,0,0,,,,Φωτιά στην Αττική: Τιτάνια μάχη με τις φλόγες – Τεράστια καταστροφή -,φωτια στην αττικη: τιτανια μαχη με τις φλογες – τεραστια καταστροφη -,φωτια αττικος τιτανια μαχη φλογα τεραστιος καταστροφη,0.973,1,0,0,"[{'name': 'αττικη', 'ner_label': 'GPE'}]","[{'lat': 37.9995238, 'lon': 23.7228379, 'name': 'Αττική', 'osm_class': 'railway', 'osm_type': 'station', 'importance': 0.37797476194049984, 'ner_label': 'GPE', 'original_name': 'αττικη'}]"
2024-08-12 19:39:44+00:00,1823081955908628901,Ερωτευμενος Βασιλιας,Η φωτιά στη Κέα από το πλοίο https://t.co/xdXvk4TT8p,3,2,,,,Η φωτιά στη Κέα από το πλοίο,η φωτια στη κεα απο το πλοιο,φωτια κεα πλοιο,0.981,1,0,1,"[{'name': 'κεα', 'ner_label': 'GPE'}]","[{'lat': 40.5314913, 'lon': 23.0049204, 'name': 'ΚΕΑ', 'osm_class': 'shop', 'osm_type': 'car_repair', 'importance': 7.405279621571706e-05, 'ner_label': 'GPE', 'original_name': 'κεα'}]"
2024-08-12 19:40:34+00:00,1823082165338608054,neakriti.gr,#Φωτιά στην #Αττική: Ήρωας πυροσβέστης έσωσε γυναίκα από το φλεγόμενο σπίτι της https://t.co/Cuifoo3ccA,2,0,,,,#Φωτιά στην #Αττική: Ήρωας πυροσβέστης έσωσε γυναίκα από το φλεγόμενο σπίτι της,#φωτια στην #αττικη: ηρωας πυροσβεστης εσωσε γυναικα απο το φλεγομενο σπιτι της,φωτια αττικος ηρωας πυροσβεστης εσωσε γυναικα φλεγομενος σπιτι,0.579,1,0,1,"[{'name': 'αττικη', 'ner_label': 'GPE'}]","[{'lat': 37.9995238, 'lon': 23.7228379, 'name': 'Αττική', 'osm_class': 'railway', 'osm_type': 'station', 'importance': 0.37797476194049984, 'ner_label': 'GPE', 'original_name': 'αττικη'}]"
2024-08-12 19:40:39+00:00,1823082189195546951,ninemos,"#Φωτιά 🔥 #Βαρνάβα  #Διόνυσος  #Πεντέλη  #Μαραθώνα #Σταμάτα #Megatv Στον #Γέρακα,αποθήκη ξυλείας, καίγεται επι 12 ώρες Δίπλα,υπάρχει κτίριο που σπανε τα τζάμια κ τα AC του  Το κτίριο ανήκει στο Δασαρχείο!  Ειρωνία ,,,⁉️  RT",1,1,,,,"#Φωτιά #Βαρνάβα #Διόνυσος #Πεντέλη #Μαραθώνα #Σταμάτα #Megatv Στον #Γέρακα,αποθήκη ξυλείας, καίγεται επι 12 ώρες Δίπλα,υπάρχει κτίριο που σπανε τα τζάμια κ τα AC του Το κτίριο ανήκει στο Δασαρχείο! Ειρωνία ,,, RT","#φωτια #βαρναβα #διονυσος #πεντελη #μαραθωνα #σταματα #megatv στον #γερακα,αποθηκη ξυλειας, καιγεται επι 12 ωρες διπλα,υπαρχει κτιριο που σπανε τα τζαμια κ τα ac του το κτιριο ανηκει στο δασαρχειο! ειρωνια ,,, rt",φωτια βαρναβας διονυσος πεντελη μαραθωνα σταματα megatv γερακας αποθηκη ξυλεια καιγω επι ωρα υπαρχω κτιριο σπανε τζαμιος κ ac κτιριο ανηκω δασαρχειο ειρωνια rt,0.839,1,0,1,"[{'name': 'βαρναβα διονυσος πεντελη μαραθωνα', 'ner_label': 'GPE'}, {'name': 'γερακα', 'ner_label': 'GPE'}]",[]
2024-08-12 19:41:06+00:00,1823082302823604676,MeaCulpa.gr,Πυρκαγιά στην Αττική: Κάηκαν δύο πυροσβεστικά – Ένας τραυματίας https://t.co/PYDsRe52jQ https://t.co/9il53VbGKV,0,0,,,,Πυρκαγιά στην Αττική: Κάηκαν δύο πυροσβεστικά – Ένας τραυματίας,πυρκαγια στην αττικη: καηκαν δυο πυροσβεστικα – ενας τραυματιας,πυρκαγια αττικος καηκαν δυο πυροσβεστικος τραυματια,0.934,1,0,1,"[{'name': 'αττικη', 'ner_label': 'GPE'}]","[{'lat': 37.9995238, 'lon': 23.7228379, 'name': 'Αττική', 'osm_class': 'railway', 'osm_type': 'station', 'importance': 0.37797476194049984, 'ner_label': 'GPE', 'original_name': 'αττικη'}]"
2024-08-12 19:41:18+00:00,1823082353381564643,Themistoklis Zafeiriou,#Βοήθεια Χαοτική Κουλήδωση😎  #Γερακας #Πεντελη #Αστεροσκοπείο #Μαραθώνας #Βριλήσσια #φωτια #Βαρναβας #πυρκαγιά #μεγαρα #ερετρια #Μητσοτακης #Κικίλιας https://t.co/1LRXI8thQI,5,0,,,,#Βοήθεια Χαοτική Κουλήδωση #Γερακας #Πεντελη #Αστεροσκοπείο #Μαραθώνας #Βριλήσσια #φωτια #Βαρναβας #πυρκαγιά #μεγαρα #ερετρια #Μητσοτακης #Κικίλιας,#βοηθεια χαοτικη κουληδωση #γερακας #πεντελη #αστεροσκοπειο #μαραθωνας #βριλησσια #φωτια #βαρναβας #πυρκαγια #μεγαρα #ερετρια #μητσοτακης #κικιλιας,βοηθεια χαοτικος κουληδωση γερακας πεντελη αστεροσκοπειο μαραθωνας βριλησσιο φωτια βαρναβας πυρκαγια μεγαρα ερετρια μητσοτακης κικιλιας,0.869,1,0,1,"[{'name': 'γερακας πεντελη αστεροσκοπειο μαραθωνας βριλησσια', 'ner_label': 'GPE'}, {'name': 'βαρναβας', 'ner_label': 'GPE'}, {'name': 'μεγαρα ερετρια', 'ner_label': 'GPE'}]","[{'lat': 37.9656966, 'lon': 23.743307, 'name': 'Πλατεία Βαρνάβα', 'osm_class': 'leisure', 'osm_type': 'park', 'importance': 0.08008327382314791, 'ner_label': 'GPE', 'original_name': 'βαρναβας'}]"
2024-08-12 19:41:38+00:00,1823082434147094949,Protothema.gr,Φωτιά στην Αττική: Αλυσίδα αλληλεγγύης με εθελοντές - Κρατούν ψηλά τη μάνικα για να διευκολύνουν την κατάσβεση https://t.co/XriqrORbSx,1,0,,,,Φωτιά στην Αττική: Αλυσίδα αλληλεγγύης με εθελοντές - Κρατούν ψηλά τη μάνικα για να διευκολύνουν την κατάσβεση,φωτια στην αττικη: αλυσιδα αλληλεγγυης με εθελοντες - κρατουν ψηλα τη μανικα για να διευκολυνουν την κατασβεση,φωτια αττικος αλυσιδα αλληλεγγυης εθελοντης κρατουν ψηλα μανικα διευκολυνουν κατασβεση,0.813,1,1,0,"[{'name': 'αττικη', 'ner_label': 'GPE'}]","[{'lat': 37.9995238, 'lon': 23.7228379, 'name': 'Αττική', 'osm_class': 'railway', 'osm_type': 'station', 'importance': 0.37797476194049984, 'ner_label': 'GPE', 'original_name': 'αττικη'}]"
2024-08-12 19:43:56+00:00,1823083013720158350,attica24.gr,"Υπό έλεγχο η #φωτιά στην #Τερψιθέα: Εμπρησμό καταγγέλλει ο δήμαρχος Γλυφάδας (ΒΙΝΤΕΟ)  🗣️ Γ. Παπανικολάου: «Έχουμε κατηγορηματικά στοιχεία, δύο νεαροί έβαλαν τη φωτιά, τους κυνηγήσαμε κιόλας»  https://t.co/y4ul2O1bRc",1,1,,,,"Υπό έλεγχο η #φωτιά στην #Τερψιθέα: Εμπρησμό καταγγέλλει ο δήμαρχος Γλυφάδας (ΒΙΝΤΕΟ) Γ. Παπανικολάου: «Έχουμε κατηγορηματικά στοιχεία, δύο νεαροί έβαλαν τη φωτιά, τους κυνηγήσαμε κιόλας»","υπο ελεγχο η #φωτια στην #τερψιθεα: εμπρησμο καταγγελλει ο δημαρχος γλυφαδας (βιντεο) γ. παπανικολαου: «εχουμε κατηγορηματικα στοιχεια, δυο νεαροι εβαλαν τη φωτια, τους κυνηγησαμε κιολας»",ελεγχος φωτια τερψιθεα εμπρησμο καταγγελλω δημαρχος γλυφαδα βιντεο γ παπανικολαου κατηγορηματικος στοιχειο δυο νεαρος εβαλαν φωτια κυνηγησαμε,0.98,1,0,0,"[{'name': 'τερψιθεα', 'ner_label': 'GPE'}, {'name': 'γλυφαδας', 'ner_label': 'GPE'}]","[{'lat': 37.9018403, 'lon': 23.7709411, 'name': 'Τερψιθέα', 'osm_class': 'place', 'osm_type': 'neighbourhood', 'importance': 0.08008327382314791, 'ner_label': 'GPE', 'original_name': 'τερψιθεα'}, {'lat': 37.8829987, 'lon': 23.767983, 'name': 'Δήμος Γλυφάδας', 'osm_class': 'boundary', 'osm_type': 'administrative', 'importance': 0.2853231881743613, 'ner_label': 'GPE', 'original_name': 'γλυφαδας'}]"
2024-08-12 19:43:58+00:00,1823083021077197044,Η ΑΥΓΗ,#Φωτιά στην #Αττική / Συγκλονίζουν οι μαρτυρίες κατοίκων - «Δεν μπορούσες να αναπνεύσεις» https://t.co/RZu4Ea9yWq,11,3,,,,#Φωτιά στην #Αττική / Συγκλονίζουν οι μαρτυρίες κατοίκων - «Δεν μπορούσες να αναπνεύσεις»,#φωτια στην #αττικη / συγκλονιζουν οι μαρτυριες κατοικων - «δεν μπορουσες να αναπνευσεις»,φωτια αττικη συγκλονιζω μαρτυρια κατοικων μπορουσες αναπνευσεις,0.904,1,0,1,"[{'name': 'αττικη', 'ner_label': 'GPE'}]","[{'lat': 37.9995238, 'lon': 23.7228379, 'name': 'Αττική', 'osm_class': 'railway', 'osm_type': 'station', 'importance': 0.37797476194049984, 'ner_label': 'GPE', 'original_name': 'αττικη'}]"
2024-08-12 19:44:02+00:00,1823083038340952139,Money Review,Φωτιά στην Αττική: Ολονύχτια μάχη στην Πεντέλη – Συνεχείς αναζωπυρώσεις δημιουργούν νέες εστίες #moneyreview https://t.co/HxT7niMoxd,0,0,,,,Φωτιά στην Αττική: Ολονύχτια μάχη στην Πεντέλη – Συνεχείς αναζωπυρώσεις δημιουργούν νέες εστίες #moneyreview,φωτια στην αττικη: ολονυχτια μαχη στην πεντελη – συνεχεις αναζωπυρωσεις δημιουργουν νεες εστιες #moneyreview,φωτια αττικος ολονυχτια μαχη πεντελη συνεχης αναζωπυρωσεις δημιουργω νεος εστια moneyreview,0.989,1,0,0,"[{'name': 'αττικη', 'ner_label': 'GPE'}, {'name': 'πεντελη', 'ner_label': 'GPE'}]","[{'lat': 37.9995238, 'lon': 23.7228379, 'name': 'Αττική', 'osm_class': 'railway', 'osm_type': 'station', 'importance': 0.37797476194049984, 'ner_label': 'GPE', 'original_name': 'αττικη'}, {'lat': 38.0505896, 'lon': 23.8614591, 'name': 'Πεντέλη', 'osm_class': 'place', 'osm_type': 'suburb', 'importance': 0.49026558458181707, 'ner_label': 'GPE', 'original_name': 'πεντελη'}]"
2024-08-12 19:44:08+00:00,1823083065276559770,agrinio24.gr,Φωτιά στην Αττική: Γιγαντιαία επιχείρηση εναέριων &amp; επιγείων δυνάμεων -  https://t.co/d9hm1Za5Dd https://t.co/xoxBgKeu5q,0,0,,,,Φωτιά στην Αττική: Γιγαντιαία επιχείρηση εναέριων & επιγείων δυνάμεων -,φωτια στην αττικη: γιγαντιαια επιχειρηση εναεριων & επιγειων δυναμεων -,φωτια αττικος γιγαντιαια επιχειρηση εναεριος επιγειος δυναμη,0.979,1,1,0,"[{'name': 'αττικη', 'ner_label': 'GPE'}]","[{'lat': 37.9995238, 'lon': 23.7228379, 'name': 'Αττική', 'osm_class': 'railway', 'osm_type': 'station', 'importance': 0.37797476194049984, 'ner_label': 'GPE', 'original_name': 'αττικη'}]"
2024-08-12 19:44:29+00:00,1823083153872810060,in.gr/news,"🔥 Ολονύχτια μάχη με τις φλόγες θα δώσουν πυροσβέστες, εθελοντές και κάτοικοι.Μεγάλη επιχείρηση για να περιοριστεί η φωτιά στην επιχείρηση ξυλείας στον Γέρακα . Τις δραματικές εξελίξεις καταγράφει λεπτό προς λεπτό το in 👇🔗 https://t.co/30sNrZHLsJ https://t.co/iv0xlfMg6O",2,0,,,,"Ολονύχτια μάχη με τις φλόγες θα δώσουν πυροσβέστες, εθελοντές και κάτοικοι.Μεγάλη επιχείρηση για να περιοριστεί η φωτιά στην επιχείρηση ξυλείας στον Γέρακα . Τις δραματικές εξελίξεις καταγράφει λεπτό προς λεπτό το in","ολονυχτια μαχη με τις φλογες θα δωσουν πυροσβεστες, εθελοντες και κατοικοι.μεγαλη επιχειρηση για να περιοριστει η φωτια στην επιχειρηση ξυλειας στον γερακα . τις δραματικες εξελιξεις καταγραφει λεπτο προς λεπτο το in",ολονυχτια μαχη φλογα δωνω πυροσβεστης εθελοντης κατοικος μεγαλη επιχειρηση περιοριζω φωτια επιχειρηση ξυλεια γερακα δραματικος εξελιξη καταγραφω λεπτο λεπτο in,0.929,1,0,1,"[{'name': 'γερακα', 'ner_label': 'GPE'}]",[]
2024-08-12 19:45:00+00:00,1823083281472012479,HuffPost Greece,"Όρος Όρβηλος: Για 26η μέρα καίει η φωτιά - «Δεν επιχειρούν εναέρια μέσα», λέει ο δήμαρχος https://t.co/6WuihdaheB",1,2,,,,"Όρος Όρβηλος: Για 26η μέρα καίει η φωτιά - «Δεν επιχειρούν εναέρια μέσα», λέει ο δήμαρχος","ορος ορβηλος: για 26η μερα καιει η φωτια - «δεν επιχειρουν εναερια μεσα», λεει ο δημαρχος",ορος ορβηλος ος μερα καιω φωτια επιχειρω εναεριο λεει δημαρχος,0.958,1,1,0,"[{'name': 'ορβηλος', 'ner_label': 'GPE'}]",[]
2024-08-12 19:45:28+00:00,1823083398191001979,Monika,Και στη Ν.Πεντέλη εμπρηστές αλλοδαποί με πεταμένα διαβατήρια ..Κατά τα άλλα απο τον Βαρνάβα έφτασε η φωτιά στο Χαλάνδρι πετώντας 50χιλ.,165,35,,,,Και στη Ν.Πεντέλη εμπρηστές αλλοδαποί με πεταμένα διαβατήρια ...Κατά τα άλλα απο τον Βαρνάβα έφτασε η φωτιά στο Χαλάνδρι πετώντας 50χιλ.,και στη ν.πεντελη εμπρηστες αλλοδαποι με πεταμενα διαβατηρια ...κατα τα αλλα απο τον βαρναβα εφτασε η φωτια στο χαλανδρι πετωντας 50χιλ.,ν πεντελος εμπρηστης αλλοδαπος πεταμενος διαβατηριο απο βαρναβας εφτασε φωτια χαλανδρι πετω χιλ,0.477,1,0,1,"[{'name': 'ν . πεντελη', 'ner_label': 'GPE'}, {'name': 'βαρναβα', 'ner_label': 'GPE'}, {'name': 'χαλανδρι', 'ner_label': 'GPE'}]","[{'lat': 37.9656966, 'lon': 23.743307, 'name': 'Πλατεία Βαρνάβα', 'osm_class': 'leisure', 'osm_type': 'park', 'importance': 0.08008327382314791, 'ner_label': 'GPE', 'original_name': 'βαρναβα'}, {'lat': 38.0217116, 'lon': 23.8207549, 'name': 'Χαλάνδρι', 'osm_class': 'railway', 'osm_type': 'station', 'importance': 0.3446563915113022, 'ner_label': 'GPE', 'original_name': 'χαλανδρι'}, {'lat': 38.0586684, 'lon': 23.8561699, 'name': 'Νέα Πεντέλη', 'osm_class': 'place', 'osm_type': 'suburb', 'importance': 0.14674994048981455, 'ner_label': 'GPE', 'original_name': 'ν . πεντελη'}]"
2024-08-12 19:46:40+00:00,1823083702320271784,Dionysios Perdikis,ΑΝΤΑΡΣΥΑ Σερρών: Ενώ η φωτιά στο όρος Όρβηλος καίει για 26η μέρα απέσυραν τα εναέρια μέσα! via @https://twitter.com/PRINgr https://t.co/FDhcZOrUHR,0,0,,,,ΑΝΤΑΡΣΥΑ Σερρών: Ενώ η φωτιά στο όρος Όρβηλος καίει για 26η μέρα απέσυραν τα εναέρια μέσα! via @,ανταρσυα σερρων: ενω η φωτια στο ορος ορβηλος καιει για 26η μερα απεσυραν τα εναερια μεσα! via @,ανταρσυα σερρων φωτια ορος ορβηλος καιω ος μερα απεσυραν εναεριος via,0.947,1,1,0,"[{'name': 'ορος ορβηλος', 'ner_label': 'LOC'}]",[]
2024-08-12 19:47:08+00:00,1823083819773132954,gianiscols@,"@defence_greece Τριάντα Ααααα και εφυγε η φωτιά από Βαρνάβα και περνωντας δυο βουνά έφτασε Βριλήσσια... ρε σταματήστε την ""πρεζα""....",0,0,,,,"Τριάντα Ααααα και εφυγε η φωτιά από Βαρνάβα και περνωντας δυο βουνά έφτασε Βριλήσσια... ρε σταματήστε την ""πρεζα""...","τριαντα ααααα και εφυγε η φωτια απο βαρναβα και περνωντας δυο βουνα εφτασε βριλησσια... ρε σταματηστε την ""πρεζα""...",τριαντα ααααα εφυγε φωτια βαρναβας περνωντας δυο βουνο φτανω βριλησσια ρε σταματηστε πρεζα,0.737,1,1,0,"[{'name': 'βαρναβα', 'ner_label': 'GPE'}, {'name': 'βριλησσια', 'ner_label': 'GPE'}]","[{'lat': 37.9656966, 'lon': 23.743307, 'name': 'Πλατεία Βαρνάβα', 'osm_class': 'leisure', 'osm_type': 'park', 'importance': 0.08008327382314791, 'ner_label': 'GPE', 'original_name': 'βαρναβα'}, {'lat': 38.0399028, 'lon': 23.8389373, 'name': 'Βριλήσσια', 'osm_class': 'place', 'osm_type': 'suburb', 'importance': 0.14674994048981455, 'ner_label': 'GPE', 'original_name': 'βριλησσια'}]"
2024-08-12 19:47:40+00:00,1823083954158629132,Forecast Weather Greece,🔥 Η #πυρκαγιά όπως φαίνεται τώρα από την παραλία του #Μαραθώνα  Φωτό : Elvina Kas https://t.co/oA8FMslMu5,57,42,,,,Η #πυρκαγιά όπως φαίνεται τώρα από την παραλία του #Μαραθώνα Φωτό : Elvina Kas,η #πυρκαγια οπως φαινεται τωρα απο την παραλια του #μαραθωνα φωτο : elvina kas,πυρκαγια φαινομαι παραλια μαραθωνα φωτο elvina kas,0.982,1,0,0,"[{'name': 'μαραθωνα', 'ner_label': 'GPE'}]","[{'lat': 38.1498866, 'lon': 24.0141843, 'name': 'Ολυμπιακό Κωπηλατοδρόμιο Σχινιά Μαραθώνα', 'osm_class': 'landuse', 'osm_type': 'recreation_ground', 'importance': 0.0800602922102693, 'ner_label': 'GPE', 'original_name': 'μαραθωνα'}]"
2024-08-12 19:48:04+00:00,1823084052863131680,BankingNews.gr,"#φωτιά #πυρκαγιά #Αττική #Βριλήσσια #Χαλάνδρι #Γέρακας Ασυγχώρητο έγκλημα – Παρανάλωμα πυρός η Αττική, μέτωπα σε Πεντέλη, Μαραθώνα, Διόνυσο, Βριλήσσια – Tέραστιες ευθύνες https://t.co/EuNTxCNTrN via @bankingnewsgr",4,1,,,,"#φωτιά #πυρκαγιά #Αττική #Βριλήσσια #Χαλάνδρι #Γέρακας Ασυγχώρητο έγκλημα – Παρανάλωμα πυρός η Αττική, μέτωπα σε Πεντέλη, Μαραθώνα, Διόνυσο, Βριλήσσια – Tέραστιες ευθύνες via","#φωτια #πυρκαγια #αττικη #βριλησσια #χαλανδρι #γερακας ασυγχωρητο εγκλημα – παραναλωμα πυρος η αττικη, μετωπα σε πεντελη, μαραθωνα, διονυσο, βριλησσια – tεραστιες ευθυνες via",φωτια πυρκαγια αττικος βριλησσια χαλανδρι γερακας ασυγχωρητος εγκλημα παραναλωμα πυρ αττικος μετωπο πεντελη μαραθωνα διονυσο βριλησσιο tεραστιος ευθυνη via,0.916,1,1,0,"[{'name': 'αττικη βριλησσια χαλανδρι γερακας', 'ner_label': 'GPE'}, {'name': 'αττικη', 'ner_label': 'GPE'}, {'name': 'πεντελη', 'ner_label': 'GPE'}, {'name': 'μαραθωνα', 'ner_label': 'GPE'}, {'name': 'διονυσο', 'ner_label': 'GPE'}, {'name': 'βριλησσια', 'ner_label': 'GPE'}]","[{'lat': 37.9995238, 'lon': 23.7228379, 'name': 'Αττική', 'osm_class': 'railway', 'osm_type': 'station', 'importance': 0.37797476194049984, 'ner_label': 'GPE', 'original_name': 'αττικη'}, {'lat': 38.0505896, 'lon': 23.8614591, 'name': 'Πεντέλη', 'osm_class': 'place', 'osm_type': 'suburb', 'importance': 0.49026558458181707, 'ner_label': 'GPE', 'original_name': 'πεντελη'}, {'lat': 38.1498866, 'lon': 24.0141843, 'name': 'Ολυμπιακό Κωπηλατοδρόμιο Σχινιά Μαραθώνα', 'osm_class': 'landuse', 'osm_type': 'recreation_ground', 'importance': 0.0800602922102693, 'ner_label': 'GPE', 'original_name': 'μαραθωνα'}, {'lat': 37.970586, 'lon': 23.727629, 'name': 'Θέατρο του Διονύσου', 'osm_class': 'tourism', 'osm_type': 'attraction', 'importance': 0.5138517514351957, 'ner_label': 'GPE', 'original_name': 'διονυσο'}, {'lat': 38.0399028, 'lon': 23.8389373, 'name': 'Βριλήσσια', 'osm_class': 'place', 'osm_type': 'suburb', 'importance': 0.14674994048981455, 'ner_label': 'GPE', 'original_name': 'βριλησσια'}]"
2024-08-12 19:48:26+00:00,1823084146668749014,satyros,Μήπως ξέρει κάποιος στην Νέα Πεντέλη στην περιοχή Άγιος Γεώργιος αν κάηκαν σπίτια; Κοντά στην οδο Στρατονίκης;  #πυρκαγιά #φωτια #Πεντελη #Νέα_Πεντέλη,0,0,,,,Μήπως ξέρει κάποιος στην Νέα Πεντέλη στην περιοχή Άγιος Γεώργιος αν κάηκαν σπίτια; Κοντά στην οδο Στρατονίκης; #πυρκαγιά #φωτια #Πεντελη #Νέα_Πεντέλη,μηπως ξερει καποιος στην νεα πεντελη στην περιοχη αγιος γεωργιος αν καηκαν σπιτια; κοντα στην οδο στρατονικης; #πυρκαγια #φωτια #πεντελη #νεα_πεντελη,ξερω νεος πεντελη περιοχη αγιος γεωργιος καηκαν σπιτι οδος στρατονικης πυρκαγια φωτια πεντελη νεα πεντελη,0.85,1,0,1,"[{'name': 'νεα πεντελη', 'ner_label': 'GPE'}, {'name': 'αγιος γεωργιος', 'ner_label': 'GPE'}, {'name': 'οδο στρατονικης', 'ner_label': 'FAC'}, {'name': 'πεντελη', 'ner_label': 'GPE'}]","[{'lat': 38.0586684, 'lon': 23.8561699, 'name': 'Νέα Πεντέλη', 'osm_class': 'place', 'osm_type': 'suburb', 'importance': 0.14674994048981455, 'ner_label': 'GPE', 'original_name': 'νεα πεντελη'}, {'lat': 38.0505896, 'lon': 23.8614591, 'name': 'Πεντέλη', 'osm_class': 'place', 'osm_type': 'suburb', 'importance': 0.49026558458181707, 'ner_label': 'GPE', 'original_name': 'πεντελη'}, {'lat': 37.9631558, 'lon': 23.5397906, 'name': 'Άγιος Γεώργιος', 'osm_class': 'place', 'osm_type': 'islet', 'importance': 0.29892160108322774, 'ner_label': 'GPE', 'original_name': 'αγιος γεωργιος'}]"
2024-08-12 19:49:03+00:00,1823084300205466020,Harry.k,"@volcaholic1 @yovanof #Στη Β. Ηπειρο καίγονται χωριά στους Αγ. Σαράντα, μετά τα χωριά της Δερόπολης, εδώ καίγεται η Αττική!!..",1,0,,,,"#Στη Β. Ηπειρο καίγονται χωριά στους Αγ. Σαράντα, μετά τα χωριά της Δερόπολης, εδώ καίγεται η Αττική!...","#στη β. ηπειρο καιγονται χωρια στους αγ. σαραντα, μετα τα χωρια της δεροπολης, εδω καιγεται η αττικη!...",β ηπειρο καιγω χωριο αγ σαραντα χωριο δεροπολη καιω αττικος,0.54,1,0,1,"[{'name': 'αγ . σαραντα', 'ner_label': 'GPE'}, {'name': 'δεροπολης', 'ner_label': 'GPE'}, {'name': 'αττικη', 'ner_label': 'GPE'}]","[{'lat': 37.9995238, 'lon': 23.7228379, 'name': 'Αττική', 'osm_class': 'railway', 'osm_type': 'station', 'importance': 0.37797476194049984, 'ner_label': 'GPE', 'original_name': 'αττικη'}]"
2024-08-12 19:49:10+00:00,1823084331633725461,TheOpinion_News,Πολύ υψηλός κίνδυνος πυρκαγιάς και αύριο – Σε συναγερμό η πυροσβεστική https://t.co/Pcw405HS8g #Thessaloniki #skg #TheOpinion,0,2,,,,Πολύ υψηλός κίνδυνος πυρκαγιάς και αύριο – Σε συναγερμό η πυροσβεστική #Thessaloniki #skg #TheOpinion,πολυ υψηλος κινδυνος πυρκαγιας και αυριο – σε συναγερμο η πυροσβεστικη #thessaloniki #skg #theopinion,υψηλοςς κινδυνος πυρκαγιας συναγερμος πυροσβεστικος thessaloniki skg the opinion,0.434,1,0,0,[],[]
2024-08-12 19:50:24+00:00,1823084640766148910,newsbomb.gr,Φωτιά στην Αττική: Τραυματίστηκε πυροσβέστης – Μεταφέρεται στο νοσοκομείο https://t.co/HnJfNZZemY,0,0,,,,Φωτιά στην Αττική: Τραυματίστηκε πυροσβέστης – Μεταφέρεται στο νοσοκομείο,φωτια στην αττικη: τραυματιστηκε πυροσβεστης – μεταφερεται στο νοσοκομειο,φωτια αττικος τραυματιστηκε πυροσβεστης μεταφερω νοσοκομειο,0.774,1,0,0,"[{'name': 'αττικη', 'ner_label': 'GPE'}]","[{'lat': 37.9995238, 'lon': 23.7228379, 'name': 'Αττική', 'osm_class': 'railway', 'osm_type': 'station', 'importance': 0.37797476194049984, 'ner_label': 'GPE', 'original_name': 'αττικη'}]"
2024-08-12 19:50:44+00:00,1823084725180719420,The Standard,Φωτιά στην Αττική: Ρεπόρτερ έσωσε σκύλο από την πύρινη κόλαση στη Νέα Πεντέλη (βίντεο) -  https://t.co/80Ojnyr8QL https://t.co/UsMLDOjUHY,0,0,,,,Φωτιά στην Αττική: Ρεπόρτερ έσωσε σκύλο από την πύρινη κόλαση στη Νέα Πεντέλη (βίντεο) -,φωτια στην αττικη: ρεπορτερ εσωσε σκυλο απο την πυρινη κολαση στη νεα πεντελη (βιντεο) -,φωτια αττικος ρεπορτερ εσωσε σκυλο πυρινη κολαση νεος πεντελη βιντεο,0.667,1,0,0,"[{'name': 'αττικη', 'ner_label': 'GPE'}, {'name': 'νεα πεντελη', 'ner_label': 'GPE'}]","[{'lat': 37.9995238, 'lon': 23.7228379, 'name': 'Αττική', 'osm_class': 'railway', 'osm_type': 'station', 'importance': 0.37797476194049984, 'ner_label': 'GPE', 'original_name': 'αττικη'}, {'lat': 38.0586684, 'lon': 23.8561699, 'name': 'Νέα Πεντέλη', 'osm_class': 'place', 'osm_type': 'suburb', 'importance': 0.14674994048981455, 'ner_label': 'GPE', 'original_name': 'νεα πεντελη'}]"
2024-08-12 19:51:17+00:00,1823084863660146838,K.Sav21,"Βαθρακογιάννης για φωτιές στην Αττική: Δεν έχουμε ενιαίο μέτωπο, αλλά πολλές ενεργές εστίες Οι εστίες εντοπίζονται στο όρος Πεντέλη και γύρω από τη Λίμνη του Μαραθώνα. #φωτια",6,3,,,,"Βαθρακογιάννης για φωτιές στην Αττική: Δεν έχουμε ενιαίο μέτωπο, αλλά πολλές ενεργές εστίες Οι εστίες εντοπίζονται στο όρος Πεντέλη και γύρω από τη Λίμνη του Μαραθώνα. #φωτια","βαθρακογιαννης για φωτιες στην αττικη: δεν εχουμε ενιαιο μετωπο, αλλα πολλες ενεργες εστιες οι εστιες εντοπιζονται στο ορος πεντελη και γυρω απο τη λιμνη του μαραθωνα. #φωτια",βαθρακογιαννης φωτια αττικος ενιαιος μετωπο ενεργος εστια εστια εντοπιζω ορος πεντελη λιμνη μαραθωνας φωτια,0.924,1,1,0,"[{'name': 'αττικη', 'ner_label': 'GPE'}, {'name': 'πεντελη', 'ner_label': 'GPE'}, {'name': 'λιμνη του μαραθωνα', 'ner_label': 'LOC'}]","[{'lat': 37.9995238, 'lon': 23.7228379, 'name': 'Αττική', 'osm_class': 'railway', 'osm_type': 'station', 'importance': 0.37797476194049984, 'ner_label': 'GPE', 'original_name': 'αττικη'}, {'lat': 38.0505896, 'lon': 23.8614591, 'name': 'Πεντέλη', 'osm_class': 'place', 'osm_type': 'suburb', 'importance': 0.49026558458181707, 'ner_label': 'GPE', 'original_name': 'πεντελη'}]"
2024-08-12 19:51:18+00:00,1823084867317285008,enikos.gr,Φωτιά στην Αττική: Τραυματίστηκε πυροσβέστης – Μεταφέρεται στο νοσοκομείο https://t.co/McPhqQquq5,4,4,,,,Φωτιά στην Αττική: Τραυματίστηκε πυροσβέστης – Μεταφέρεται στο νοσοκομείο,φωτια στην αττικη: τραυματιστηκε πυροσβεστης – μεταφερεται στο νοσοκομειο,φωτια αττικος τραυματιστηκε πυροσβεστης μεταφερω νοσοκομειο,0.774,1,0,0,"[{'name': 'αττικη', 'ner_label': 'GPE'}]","[{'lat': 37.9995238, 'lon': 23.7228379, 'name': 'Αττική', 'osm_class': 'railway', 'osm_type': 'station', 'importance': 0.37797476194049984, 'ner_label': 'GPE', 'original_name': 'αττικη'}]"
2024-08-12 19:51:29+00:00,1823084916336218176,enikos.gr,Φωτιά στην Αττική: Απόκοσμες εικόνες από τις καταστροφές που έχει αφήσει πίσω της η πύρινη λαίλαπα – ΦΩΤΟ https://t.co/7006VypZXd,4,2,,,,Φωτιά στην Αττική: Απόκοσμες εικόνες από τις καταστροφές που έχει αφήσει πίσω της η πύρινη λαίλαπα – ΦΩΤΟ,φωτια στην αττικη: αποκοσμες εικονες απο τις καταστροφες που εχει αφησει πισω της η πυρινη λαιλαπα – φωτο,φωτια αττικος αποκοσμες εικονα καταστροφη αφηνω πυρινη λαιλαπα φωτο,0.957,1,0,0,"[{'name': 'αττικη', 'ner_label': 'GPE'}]","[{'lat': 37.9995238, 'lon': 23.7228379, 'name': 'Αττική', 'osm_class': 'railway', 'osm_type': 'station', 'importance': 0.37797476194049984, 'ner_label': 'GPE', 'original_name': 'αττικη'}]"
2024-08-12 19:51:59+00:00,1823085038952448243,ThePressProject,Έχουμε ο ένας τον άλλον. #φωτια #Πεντελη #Βαρβαβας #Βριλήσσια Πυρκαγιά στη ΒΑ Αττική  Aris Oikonomou/ SOOC https://t.co/bSDm2VIELm,47,16,,,,Έχουμε ο ένας τον άλλον. #φωτια #Πεντελη #Βαρβαβας #Βριλήσσια Πυρκαγιά στη ΒΑ Αττική Aris Oikonomou/ SOOC,εχουμε ο ενας τον αλλον. #φωτια #πεντελη #βαρβαβας #βριλησσια πυρκαγια στη βα αττικη aris oikonomou/ sooc,φωτια πεντελη βαρβαβας βριλησσια πυρκαγια βα αττικος aris oikonomou sooc,0.968,1,0,0,"[{'name': 'πεντελη βαρβαβας βριλησσια', 'ner_label': 'GPE'}, {'name': 'βα αττικη', 'ner_label': 'GPE'}]","[{'lat': 37.9995238, 'lon': 23.7228379, 'name': 'Αττική', 'osm_class': 'railway', 'osm_type': 'station', 'importance': 0.37797476194049984, 'ner_label': 'GPE', 'original_name': 'βα αττικη'}]"
2024-08-12 19:53:20+00:00,1823085380918260095,I ksenitemeni,Στο ΠΑΛΑΙ Γαλατσιου ανάγκη για crates @DogsVoiceGR  #φωτια #πυρκαγιά #Βαρναβα #Πεντελη #Πατημα_Χαλανδριου https://t.co/7vHBIbrlMO,4,5,,,,Στο ΠΑΛΑΙ Γαλατσιου ανάγκη για crates #φωτια #πυρκαγιά #Βαρναβα #Πεντελη #Πατημα_Χαλανδριου,στο παλαι γαλατσιου αναγκη για crates #φωτια #πυρκαγια #βαρναβα #πεντελη #πατημα_χαλανδριου,παλαι γαλατσιος αναγκη cratesς φωτια πυρκαγια βαρναβα πεντελη πατημα χαλανδριου,0.98,1,0,1,"[{'name': 'παλαι γαλατσιου', 'ner_label': 'GPE'}, {'name': 'βαρναβα πεντελη πατημα _ χαλανδριου', 'ner_label': 'GPE'}]",[]
2024-08-12 19:53:23+00:00,1823085392473497962,Flashnews.gr,"🔥 #Φωτιά στην #Αττική: Στέλνουν βοήθεια Σερβία, Ρουμανία και #Τουρκία https://t.co/Jux5bxIiM6  #Flashnews",1,1,,,,"#Φωτιά στην #Αττική: Στέλνουν βοήθεια Σερβία, Ρουμανία και #Τουρκία #Flashnews","#φωτια στην #αττικη: στελνουν βοηθεια σερβια, ρουμανια και #τουρκια #flashnews",φωτια αττικος στελνω βοηθεια σερβια ρουμανια τουρκια flashnews,0.515,1,0,1,"[{'name': 'αττικη', 'ner_label': 'GPE'}, {'name': 'σερβια', 'ner_label': 'GPE'}, {'name': 'ρουμανια', 'ner_label': 'GPE'}, {'name': 'τουρκια', 'ner_label': 'GPE'}]","[{'lat': 37.9995238, 'lon': 23.7228379, 'name': 'Αττική', 'osm_class': 'railway', 'osm_type': 'station', 'importance': 0.37797476194049984, 'ner_label': 'GPE', 'original_name': 'αττικη'}, {'lat': 40.1846282, 'lon': 21.9990312, 'name': 'Σέρβια', 'osm_class': 'place', 'osm_type': 'town', 'importance': 0.16005593881132218, 'ner_label': 'GPE', 'original_name': 'σερβια'}, {'lat': 39.2437221, 'lon': 20.996481, 'name': 'Ρουμάνια', 'osm_class': 'place', 'osm_type': 'hamlet', 'importance': 0.13339319371328295, 'ner_label': 'GPE', 'original_name': 'ρουμανια'}]"
2024-08-12 19:54:05+00:00,1823085569984889209,The President GR,Ολονύχτια μάχη με τις φλόγες στην Αττική #Αττική #πυρκαγιά   https://t.co/948ilZuEUg,0,0,,,,Ολονύχτια μάχη με τις φλόγες στην Αττική #Αττική #πυρκαγιά,ολονυχτια μαχη με τις φλογες στην αττικη #αττικη #πυρκαγια,ολονυχτια μαχη φλογα αττικος αττικος πυρκαγια,0.979,1,0,0,"[{'name': 'αττικη αττικη', 'ner_label': 'GPE'}]","[{'lat': 37.9974886, 'lon': 23.7258321, 'name': 'Μονάδα Φροντίδας Ηλικιωμένων ""Αττική""', 'osm_class': 'amenity', 'osm_type': 'social_facility', 'importance': 8.327382314789071e-05, 'ner_label': 'GPE', 'original_name': 'αττικη αττικη'}]"
2024-08-12 19:54:40+00:00,1823085715074191604,Γιάννης Κωνσταντάτος,Φωτιά στην Γλυφάδα πάνω από το γήπεδο της Τερψιθέας την κατέγραψε στην εκδήλωση της η κάμερα μας από την Αργυρούπολη και σπεύδουμε να βοηθήσουμε.  Ένα μεγάλο ευχαριστώ στους εθελοντές μας που θυσίασαν διακοπές και παραλίες για να είναι εδώ και να φυλάνε 24ωρες το 24ωρο Θερμοπύλες https://t.co/QKMyQwijFN,35,9,,,,Φωτιά στην Γλυφάδα πάνω από το γήπεδο της Τερψιθέας την κατέγραψε στην εκδήλωση της η κάμερα μας από την Αργυρούπολη και σπεύδουμε να βοηθήσουμε. Ένα μεγάλο ευχαριστώ στους εθελοντές μας που θυσίασαν διακοπές και παραλίες για να είναι εδώ και να φυλάνε 24ωρες το 24ωρο Θερμοπύλες,φωτια στην γλυφαδα πανω απο το γηπεδο της τερψιθεας την κατεγραψε στην εκδηλωση της η καμερα μας απο την αργυρουπολη και σπευδουμε να βοηθησουμε. ενα μεγαλο ευχαριστω στους εθελοντες μας που θυσιασαν διακοπες και παραλιες για να ειναι εδω και να φυλανε 24ωρες το 24ωρο θερμοπυλες,φωτια γλυφαδα γηπεδο τερψιθεα κατεγραψε εκδηλωση καμερα αργυρουπολη σπευδω βοηθω μεγαλος ευχαριστω εθελοντης θυσιασαν διακοπες παραλια φυλανε ωρες ωρο θερμοπυλες,0.888,1,0,1,"[{'name': 'γλυφαδα', 'ner_label': 'GPE'}, {'name': 'τερψιθεας', 'ner_label': 'GPE'}, {'name': 'αργυρουπολη', 'ner_label': 'GPE'}]","[{'lat': 37.8829987, 'lon': 23.767983, 'name': 'Δήμος Γλυφάδας', 'osm_class': 'boundary', 'osm_type': 'administrative', 'importance': 0.2853231881743613, 'ner_label': 'GPE', 'original_name': 'γλυφαδα'}, {'lat': 37.9018403, 'lon': 23.7709411, 'name': 'Τερψιθέα', 'osm_class': 'place', 'osm_type': 'neighbourhood', 'importance': 0.08008327382314791, 'ner_label': 'GPE', 'original_name': 'τερψιθεας'}, {'lat': 37.9059946, 'lon': 23.7503867, 'name': 'Αργυρούπολη', 'osm_class': 'place', 'osm_type': 'suburb', 'importance': 0.14674994048981455, 'ner_label': 'GPE', 'original_name': 'αργυρουπολη'}]"
2024-08-12 19:54:46+00:00,1823085741120905698,Ioannis K. Erripis,"@CopernicusEMS Εδώ πάλι από την πλατεία Δροσιάς, η πίσω πλευρά της Πεντέλης, φαίνονται φλόγες (!) από την φωτιά στην Νέα Πεντέλη και πέρα https://t.co/OGUhVP24Nb",0,0,,,,"Εδώ πάλι από την πλατεία Δροσιάς, η πίσω πλευρά της Πεντέλης, φαίνονται φλόγες (!) από την φωτιά στην Νέα Πεντέλη και πέρα","εδω παλι απο την πλατεια δροσιας, η πισω πλευρα της πεντελης, φαινονται φλογες (!) απο την φωτια στην νεα πεντελη και περα",πλατεια δροσιας πλευρα πεντελης φαινονται φλογα φωτια νεος πεντελη,0.813,1,0,1,"[{'name': 'πλατεια δροσιας', 'ner_label': 'FAC'}, {'name': 'πεντελης', 'ner_label': 'GPE'}, {'name': 'νεα πεντελη', 'ner_label': 'GPE'}]","[{'lat': 38.0505896, 'lon': 23.8614591, 'name': 'Πεντέλη', 'osm_class': 'place', 'osm_type': 'suburb', 'importance': 0.49026558458181707, 'ner_label': 'GPE', 'original_name': 'πεντελης'}, {'lat': 38.0586684, 'lon': 23.8561699, 'name': 'Νέα Πεντέλη', 'osm_class': 'place', 'osm_type': 'suburb', 'importance': 0.14674994048981455, 'ner_label': 'GPE', 'original_name': 'νεα πεντελη'}, {'lat': 38.1205008, 'lon': 23.8586308, 'name': 'πλατεία Δροσιάς', 'osm_class': 'place', 'osm_type': 'square', 'importance': 0.06672528801403829, 'ner_label': 'FAC', 'original_name': 'πλατεια δροσιας'}]"
2024-08-12 19:56:44+00:00,1823086233880309976,e-press.gr,Φωτιά στην Αττική: Μάχη με τις φλόγες για δεύτερο 24ωρο – Ανυπολόγιστη καταστροφή -  https://t.co/pGl8bOhUnE https://t.co/YOSQDIl8zJ,0,0,,,,Φωτιά στην Αττική: Μάχη με τις φλόγες για δεύτερο 24ωρο – Ανυπολόγιστη καταστροφή -,φωτια στην αττικη: μαχη με τις φλογες για δευτερο 24ωρο – ανυπολογιστη καταστροφη -,φωτια αττικος μαχη φλογα δευτερος ωρο ανυπολογιστη καταστροφη,0.979,1,0,0,"[{'name': 'αττικη', 'ner_label': 'GPE'}]","[{'lat': 37.9995238, 'lon': 23.7228379, 'name': 'Αττική', 'osm_class': 'railway', 'osm_type': 'station', 'importance': 0.37797476194049984, 'ner_label': 'GPE', 'original_name': 'αττικη'}]"
2024-08-12 19:57:07+00:00,1823086333000302659,pontosnews.gr,"Δήμαρχος Γλυφάδας: «Από ανθρώπινο χέρι η φωτιά στην Τερψιθέα, ξέρουμε ποιοι είναι» https://t.co/Ijva6lavVV #pontosnews",3,3,,,,"Δήμαρχος Γλυφάδας: «Από ανθρώπινο χέρι η φωτιά στην Τερψιθέα, ξέρουμε ποιοι είναι» #pontosnews","δημαρχος γλυφαδας: «απο ανθρωπινο χερι η φωτια στην τερψιθεα, ξερουμε ποιοι ειναι» #pontosnews",δημαρχος γλυφαδα ανθρωπινος χερι φωτια τερψιθεα ξερω ποιος pontosnews,0.896,1,0,0,"[{'name': 'γλυφαδας', 'ner_label': 'GPE'}, {'name': 'τερψιθεα', 'ner_label': 'GPE'}]","[{'lat': 37.8829987, 'lon': 23.767983, 'name': 'Δήμος Γλυφάδας', 'osm_class': 'boundary', 'osm_type': 'administrative', 'importance': 0.2853231881743613, 'ner_label': 'GPE', 'original_name': 'γλυφαδας'}, {'lat': 37.9018403, 'lon': 23.7709411, 'name': 'Τερψιθέα', 'osm_class': 'place', 'osm_type': 'neighbourhood', 'importance': 0.08008327382314791, 'ner_label': 'GPE', 'original_name': 'τερψιθεα'}]"
2024-08-12 19:57:11+00:00,1823086347474633046,Εκκλησία Online,ΑΔΜΗΕ για τη φωτιά ΤΩΡΑ στην Αττική: Έχουν επηρεαστεί γραμμές μεταφοράς https://t.co/O2mOXGAt1w,0,0,,,,ΑΔΜΗΕ για τη φωτιά ΤΩΡΑ στην Αττική: Έχουν επηρεαστεί γραμμές μεταφοράς,αδμηε για τη φωτια τωρα στην αττικη: εχουν επηρεαστει γραμμες μεταφορας,αδμηε φωτια τωρα αττικος επηρεαστει γραμμη μεταφορα,0.379,1,0,1,"[{'name': 'αττικη', 'ner_label': 'GPE'}]","[{'lat': 37.9995238, 'lon': 23.7228379, 'name': 'Αττική', 'osm_class': 'railway', 'osm_type': 'station', 'importance': 0.37797476194049984, 'ner_label': 'GPE', 'original_name': 'αττικη'}]"
2024-08-12 19:58:42+00:00,1823086728770445744,BankingNews.gr,Αναζωπύρωση και στο #Γραμματικο  – Σκληρή μάχη δίνουν 100 #πυροσβέστες στην περιοχή του Άνω Σουλίου https://t.co/mn3S4QXWm0 via @bankingnewsgr,1,0,,,,Αναζωπύρωση και στο #Γραμματικο – Σκληρή μάχη δίνουν 100 #πυροσβέστες στην περιοχή του Άνω Σουλίου via,αναζωπυρωση και στο #γραμματικο – σκληρη μαχη δινουν 100 #πυροσβεστες στην περιοχη του ανω σουλιου via,αναζωπυρωση γραμματικο σκληρη μαχη δινω πυροσβεστης περιοχη σουλιου via,0.948,1,0,0,"[{'name': 'γραμματικο', 'ner_label': 'GPE'}, {'name': 'ανω σουλιου', 'ner_label': 'LOC'}]","[{'lat': 38.202808, 'lon': 23.9674989, 'name': 'Γραμματικό', 'osm_class': 'place', 'osm_type': 'village', 'importance': 0.4763187189984269, 'ner_label': 'GPE', 'original_name': 'γραμματικο'}]"
2024-08-12 20:00:01+00:00,1823087059751387628,HuffPost Greece,Φωτιά στην Αττική: Ποιες περιοχές έχουν επιβαρυνθεί πιο πολύ από τους καπνούς και τις στάχτες  https://t.co/qfXNzXTc4y,0,0,,,,Φωτιά στην Αττική: Ποιες περιοχές έχουν επιβαρυνθεί πιο πολύ από τους καπνούς και τις στάχτες,φωτια στην αττικη: ποιες περιοχες εχουν επιβαρυνθει πιο πολυ απο τους καπνους και τις σταχτες,φωτια αττικος ποιες περιοχη επιβαρυνθει καπνος σταχτα,0.527,1,0,1,"[{'name': 'αττικη', 'ner_label': 'GPE'}]","[{'lat': 37.9995238, 'lon': 23.7228379, 'name': 'Αττική', 'osm_class': 'railway', 'osm_type': 'station', 'importance': 0.37797476194049984, 'ner_label': 'GPE', 'original_name': 'αττικη'}]"
2024-08-12 20:00:05+00:00,1823087079003128051,Σαδεντρέπεσαι,"Φωτιά στο Χαλάνδρι εγραφε, στη Χαλκιδική διάβασα 😨",1,0,,,,"Φωτιά στο Χαλάνδρι εγραφε, στη Χαλκιδική διάβασα","φωτια στο χαλανδρι εγραφε, στη χαλκιδικη διαβασα",φωτια χαλανδρι εγραφε χαλκιδικη διαβασα,0.947,1,0,0,"[{'name': 'χαλανδρι', 'ner_label': 'GPE'}, {'name': 'χαλκιδικη', 'ner_label': 'GPE'}]","[{'lat': 38.0217116, 'lon': 23.8207549, 'name': 'Χαλάνδρι', 'osm_class': 'railway', 'osm_type': 'station', 'importance': 0.3446563915113022, 'ner_label': 'GPE', 'original_name': 'χαλανδρι'}, {'lat': 40.3309628, 'lon': 23.3621462, 'name': 'Χαλκιδική', 'osm_class': 'natural', 'osm_type': 'peninsula', 'importance': 0.5414732676677823, 'ner_label': 'GPE', 'original_name': 'χαλκιδικη'}]"
2024-08-12 20:00:08+00:00,1823087092102271433,olympiaGR,Φωτιά στην Αττική: Από την πυρκαγιά του 2009 στο χάος του 2024 https://t.co/5nemxOfawq #olympia,1,3,,,,Φωτιά στην Αττική: Από την πυρκαγιά του 2009 στο χάος του 2024 #olympia,φωτια στην αττικη: απο την πυρκαγια του 2009 στο χαος του 2024 #olympia,φωτια αττικος πυρκαγια χαος olympia,0.979,1,0,0,"[{'name': 'αττικη', 'ner_label': 'GPE'}]","[{'lat': 37.9995238, 'lon': 23.7228379, 'name': 'Αττική', 'osm_class': 'railway', 'osm_type': 'station', 'importance': 0.37797476194049984, 'ner_label': 'GPE', 'original_name': 'αττικη'}]"
2024-08-12 20:00:22+00:00,1823087150012957092,Athens Voice,Φωτιά στην Αττική: Σώθηκε τελευταία στιγμή το Αστεροσκοπείο Πεντέλης (Βίντεο)  #φωτια #Αττικη  https://t.co/gjQmSITzvp,2,0,,,,Φωτιά στην Αττική: Σώθηκε τελευταία στιγμή το Αστεροσκοπείο Πεντέλης (Βίντεο) #φωτια #Αττικη,φωτια στην αττικη: σωθηκε τελευταια στιγμη το αστεροσκοπειο πεντελης (βιντεο) #φωτια #αττικη,φωτια αττικος σωθηκε στιγμη αστεροσκοπειο πεντελης βιντεο φωτια αττικη,0.985,1,0,1,"[{'name': 'αττικη', 'ner_label': 'GPE'}, {'name': 'αστεροσκοπειο πεντελης', 'ner_label': 'FAC'}]","[{'lat': 37.9995238, 'lon': 23.7228379, 'name': 'Αττική', 'osm_class': 'railway', 'osm_type': 'station', 'importance': 0.37797476194049984, 'ner_label': 'GPE', 'original_name': 'αττικη'}, {'lat': 38.0473109, 'lon': 23.8645031, 'name': 'Αστεροσκοπείο Πεντέλης', 'osm_class': 'tourism', 'osm_type': 'viewpoint', 'importance': 8.327382314789071e-05, 'ner_label': 'FAC', 'original_name': 'αστεροσκοπειο πεντελης'}]"
2024-08-12 20:01:00+00:00,1823087310025507060,ΒΛΑΧΟΠΟΙΜΗΝ ΜΕΛΙΣΣΟΦΙΛΟΣ,"Η φωτιά από το Βαρνάβα στα Μελίσσια,40 περίπου χιλιόμετρα,έφτασε σε πάνω από 24 ώρες. Ούτε 2χιλ την ώρα. Στο Μάτι σε 1 ώρα διάνυσε περίπου 15 χιλ. Και υπάρχουν άνθρωποι που συγκρίνουν τις δύο πυρκαγιές. Και περιμένετε καλύτερες μέρες. Μη φάτε, έχουμε πατσοπόδαρα στο φούρνο.",14,9,,,,"Η φωτιά από το Βαρνάβα στα Μελίσσια,40 περίπου χιλιόμετρα,έφτασε σε πάνω από 24 ώρες. Ούτε 2χιλ την ώρα. Στο Μάτι σε 1 ώρα διάνυσε περίπου 15 χιλ. Και υπάρχουν άνθρωποι που συγκρίνουν τις δύο πυρκαγιές. Και περιμένετε καλύτερες μέρες. Μη φάτε, έχουμε πατσοπόδαρα στο φούρνο.","η φωτια απο το βαρναβα στα μελισσια,40 περιπου χιλιομετρα,εφτασε σε πανω απο 24 ωρες. ουτε 2χιλ την ωρα. στο ματι σε 1 ωρα διανυσε περιπου 15 χιλ. και υπαρχουν ανθρωποι που συγκρινουν τις δυο πυρκαγιες. και περιμενετε καλυτερες μερες. μη φατε, εχουμε πατσοποδαρα στο φουρνο.",φωτια βαρναβας μελισσια χιλιομετρο φτανω ωρα χιλ ωρα ματι ωρα διανυσε χιλ υπαρχω ανθρωπος συγκρινω δυο πυρκαγιες περιμενετε καλυτερες μερα φατε πατσοποδαρα φουρνος,0.471,1,1,0,"[{'name': 'βαρναβα', 'ner_label': 'GPE'}, {'name': 'μελισσια', 'ner_label': 'GPE'}, {'name': 'ματι', 'ner_label': 'GPE'}]","[{'lat': 37.9656966, 'lon': 23.743307, 'name': 'Πλατεία Βαρνάβα', 'osm_class': 'leisure', 'osm_type': 'park', 'importance': 0.08008327382314791, 'ner_label': 'GPE', 'original_name': 'βαρναβα'}, {'lat': 40.9138035, 'lon': 24.0908794, 'name': 'Μάτι', 'osm_class': 'natural', 'osm_type': 'peak', 'importance': 0.43096957211662124, 'ner_label': 'GPE', 'original_name': 'ματι'}, {'lat': 38.0491855, 'lon': 23.8352653, 'name': 'Μελίσσια', 'osm_class': 'place', 'osm_type': 'suburb', 'importance': 0.14674994048981455, 'ner_label': 'GPE', 'original_name': 'μελισσια'}]"
2024-08-12 20:01:25+00:00,1823087414182597005,PowerGame Greece,"Διάσπαρτες εστίες στην Αττική, με τη φωτιά να αφήνει πίσω της καμένα σπίτια στην Πεντέλη https://t.co/4ZceBTzuUH",0,0,,,,"Διάσπαρτες εστίες στην Αττική, με τη φωτιά να αφήνει πίσω της καμένα σπίτια στην Πεντέλη","διασπαρτες εστιες στην αττικη, με τη φωτια να αφηνει πισω της καμενα σπιτια στην πεντελη",διασπαρτες εστια αττικος φωτια αφηνω καμενος σπιτι πεντελη,0.966,1,0,1,"[{'name': 'αττικη', 'ner_label': 'GPE'}, {'name': 'πεντελη', 'ner_label': 'GPE'}]","[{'lat': 37.9995238, 'lon': 23.7228379, 'name': 'Αττική', 'osm_class': 'railway', 'osm_type': 'station', 'importance': 0.37797476194049984, 'ner_label': 'GPE', 'original_name': 'αττικη'}, {'lat': 38.0505896, 'lon': 23.8614591, 'name': 'Πεντέλη', 'osm_class': 'place', 'osm_type': 'suburb', 'importance': 0.49026558458181707, 'ner_label': 'GPE', 'original_name': 'πεντελη'}]"
2024-08-12 20:01:46+00:00,1823087503114719256,Makeleio.gr,Φωτιά – Παλαιστινιακές ομάδες Πολιτικής Προστασίας έτοιμες να συνδράμουν στην Ελλάδα https://t.co/0zpnhlEPsj https://t.co/nSUqU2kUfl,1,0,,,,Φωτιά – Παλαιστινιακές ομάδες Πολιτικής Προστασίας έτοιμες να συνδράμουν στην Ελλάδα,φωτια – παλαιστινιακες ομαδες πολιτικης προστασιας ετοιμες να συνδραμουν στην ελλαδα,φωτια παλαιστινιακος ομαδα πολιτικος προστασια ετοιμος συνδραμουν ελλαδα,0.439,1,0,1,[],[]
2024-08-12 20:01:52+00:00,1823087528955805871,Νικη Καπετανακη,@ThePressProject Μέχρι αύριο η φωτιά θα έχει φτάσει κ στο Σύνταγμα!,0,0,,,,Μέχρι αύριο η φωτιά θα έχει φτάσει κ στο Σύνταγμα!,μεχρι αυριο η φωτια θα εχει φτασει κ στο συνταγμα!,φωτια φτανω κ συνταγμα,0.761,1,0,1,"[{'name': 'συνταγμα', 'ner_label': 'LOC'}]","[{'lat': 37.9754953, 'lon': 23.7356676, 'name': 'Σύνταγμα', 'osm_class': 'railway', 'osm_type': 'station', 'importance': 0.3733250944850813, 'ner_label': 'LOC', 'original_name': 'συνταγμα'}]"
2024-08-12 20:01:59+00:00,1823087555476099133,Adieksodos.Gr,Φωτιά στην Αττική: Μάχη με τις φλόγες για δεύτερο 24ωρο – Ανυπολόγιστη καταστροφή -  https://t.co/bYqH0THywf https://t.co/4IQ91NpoZM,0,0,,,,Φωτιά στην Αττική: Μάχη με τις φλόγες για δεύτερο 24ωρο – Ανυπολόγιστη καταστροφή -,φωτια στην αττικη: μαχη με τις φλογες για δευτερο 24ωρο – ανυπολογιστη καταστροφη -,φωτια αττικος μαχη φλογα δευτερος ωρο ανυπολογιστη καταστροφη,0.979,1,0,0,"[{'name': 'αττικη', 'ner_label': 'GPE'}]","[{'lat': 37.9995238, 'lon': 23.7228379, 'name': 'Αττική', 'osm_class': 'railway', 'osm_type': 'station', 'importance': 0.37797476194049984, 'ner_label': 'GPE', 'original_name': 'αττικη'}]"
2024-08-12 20:02:10+00:00,1823087602355806260,քouքée® X,"Σε εμπρησμό οφείλεται η πυρκαγιά που εκδηλώθηκε λίγο πριν από τις 8 το βράδυ σε δύσβατη περιοχή, πίσω από το γήπεδο ποδοσφαίρου της Τερψιθέας. Δύο νεαροί εθεάθησαν «επί το έργον», κυνηγήθηκαν από κατοίκους, αναγνωρίστηκαν και συνελήφθησαν από το Τμήμα Ασφαλείας Γλυφάδας #φωτια https://t.co/GBzIA3p2Y9",22,16,,,,"Σε εμπρησμό οφείλεται η πυρκαγιά που εκδηλώθηκε λίγο πριν από τις 8 το βράδυ σε δύσβατη περιοχή, πίσω από το γήπεδο ποδοσφαίρου της Τερψιθέας. Δύο νεαροί εθεάθησαν «επί το έργον», κυνηγήθηκαν από κατοίκους, αναγνωρίστηκαν και συνελήφθησαν από το Τμήμα Ασφαλείας Γλυφάδας #φωτια","σε εμπρησμο οφειλεται η πυρκαγια που εκδηλωθηκε λιγο πριν απο τις 8 το βραδυ σε δυσβατη περιοχη, πισω απο το γηπεδο ποδοσφαιρου της τερψιθεας. δυο νεαροι εθεαθησαν «επι το εργον», κυνηγηθηκαν απο κατοικους, αναγνωριστηκαν και συνεληφθησαν απο το τμημα ασφαλειας γλυφαδας #φωτια",εμπρησμος οφειλω πυρκαγια εκδηλωνω βραδυ δυσβατος περιοχη γηπεδο ποδοσφαιρου τερψιθεα δυο νεαρος εθεαθησαν εργον κυνηγηθηκαν κατοικος αναγνωριστηκαν συνεληφθησαν τμημα ασφαλεια γλυφαδα φωτια,0.866,1,0,1,"[{'name': 'τερψιθεας', 'ner_label': 'GPE'}]","[{'lat': 37.9018403, 'lon': 23.7709411, 'name': 'Τερψιθέα', 'osm_class': 'place', 'osm_type': 'neighbourhood', 'importance': 0.08008327382314791, 'ner_label': 'GPE', 'original_name': 'τερψιθεας'}]"
2024-08-12 20:02:13+00:00,1823087613642690959,Ev@ns,12/08/24 - 2η μέρα του πύρινου μετώπου και σύμφωνα με το FIRMS NASA η #φωτιά πλέον απλώνεται σε μια περιοχή περίπου 180 τ. χλμ. Από αύριο το πρωί αυξάνεται πάλι η ένταση του ανέμου. #Βαρνάβας https://t.co/BfdgxFvlHV,3,1,,,,12/08/24 - 2η μέρα του πύρινου μετώπου και σύμφωνα με το FIRMS NASA η #φωτιά πλέον απλώνεται σε μια περιοχή περίπου 180 τ. χλμ. Από αύριο το πρωί αυξάνεται πάλι η ένταση του ανέμου. #Βαρνάβας,12/08/24 - 2η μερα του πυρινου μετωπου και συμφωνα με το firms nasa η #φωτια πλεον απλωνεται σε μια περιοχη περιπου 180 τ. χλμ. απο αυριο το πρωι αυξανεται παλι η ενταση του ανεμου. #βαρναβας,ος μερα πυρινος μετωπο συμφωνα firms nasa φωτια απλωνω περιοχη τ χλμ πρωι αυξανω ενταση ανεμος βαρναβας,0.864,1,1,0,"[{'name': 'βαρναβας', 'ner_label': 'GPE'}]","[{'lat': 37.9656966, 'lon': 23.743307, 'name': 'Πλατεία Βαρνάβα', 'osm_class': 'leisure', 'osm_type': 'park', 'importance': 0.08008327382314791, 'ner_label': 'GPE', 'original_name': 'βαρναβας'}]"
2024-08-12 20:02:38+00:00,1823087720001868264,MSN Greece,"Φωτιά στην Αττική: Νέες ενισχύσεις από Σερβία, Ρουμανία και Τουρκία https://t.co/6gWdY54Mki",0,0,,,,"Φωτιά στην Αττική: Νέες ενισχύσεις από Σερβία, Ρουμανία και Τουρκία","φωτια στην αττικη: νεες ενισχυσεις απο σερβια, ρουμανια και τουρκια",φωτια αττικος νεες ενισχυση σερβια ρουμανια τουρκια,0.974,1,0,0,"[{'name': 'αττικη', 'ner_label': 'GPE'}, {'name': 'σερβια', 'ner_label': 'GPE'}, {'name': 'ρουμανια', 'ner_label': 'GPE'}, {'name': 'τουρκια', 'ner_label': 'GPE'}]","[{'lat': 37.9995238, 'lon': 23.7228379, 'name': 'Αττική', 'osm_class': 'railway', 'osm_type': 'station', 'importance': 0.37797476194049984, 'ner_label': 'GPE', 'original_name': 'αττικη'}, {'lat': 40.1846282, 'lon': 21.9990312, 'name': 'Σέρβια', 'osm_class': 'place', 'osm_type': 'town', 'importance': 0.16005593881132218, 'ner_label': 'GPE', 'original_name': 'σερβια'}, {'lat': 39.2437221, 'lon': 20.996481, 'name': 'Ρουμάνια', 'osm_class': 'place', 'osm_type': 'hamlet', 'importance': 0.13339319371328295, 'ner_label': 'GPE', 'original_name': 'ρουμανια'}]"
2024-08-12 20:02:41+00:00,1823087730856718797,Πυροσβεστικό Σώμα,Έκτακτη νεότερη ενημέρωση για την πυρκαγιά στο Βαρνάβα Αττικής πραγματοποίησε ο Εκπρόσωπος Τύπου του Πυροσβεστικού Σώματος: https://t.co/VT27ezAwem https://t.co/7DV7ZoP9eA,57,20,,,,Έκτακτη νεότερη ενημέρωση για την πυρκαγιά στο Βαρνάβα Αττικής πραγματοποίησε ο Εκπρόσωπος Τύπου του Πυροσβεστικού Σώματος:,εκτακτη νεοτερη ενημερωση για την πυρκαγια στο βαρναβα αττικης πραγματοποιησε ο εκπροσωπος τυπου του πυροσβεστικου σωματος:,εκτακτη νεοτερη ενημερωση πυρκαγια βαρναβας αττικη πραγματοποιω εκπροσωπος τυπος πυροσβεστικου σωμα,0.698,1,0,0,"[{'name': 'βαρναβα αττικης', 'ner_label': 'GPE'}]","[{'lat': 37.9656966, 'lon': 23.743307, 'name': 'Πλατεία Βαρνάβα', 'osm_class': 'leisure', 'osm_type': 'park', 'importance': 0.08008327382314791, 'ner_label': 'GPE', 'original_name': 'βαρναβα αττικης'}]"
2024-08-12 20:04:17+00:00,1823088135779021306,Money Review,ΑΔΜΗΕ: Από τη φωτιά στη ΒΑ Αττική έχουν επηρεαστεί σημαντικά κυκλώματα υπερυψηλής τάσης #moneyreview https://t.co/Abmn4CRXhj,0,0,,,,ΑΔΜΗΕ: Από τη φωτιά στη ΒΑ Αττική έχουν επηρεαστεί σημαντικά κυκλώματα υπερυψηλής τάσης #moneyreview,αδμηε: απο τη φωτια στη βα αττικη εχουν επηρεαστει σημαντικα κυκλωματα υπερυψηλης τασης #moneyreview,αδμηε φωτια βα αττικος επηρεαζω σημαντικος κυκλωμα υπερυψηλος ταση moneyreview,0.363,1,0,0,"[{'name': 'βα αττικη', 'ner_label': 'LOC'}]","[{'lat': 37.9995238, 'lon': 23.7228379, 'name': 'Αττική', 'osm_class': 'railway', 'osm_type': 'station', 'importance': 0.37797476194049984, 'ner_label': 'LOC', 'original_name': 'βα αττικη'}]"
2024-08-12 20:05:05+00:00,1823088336954855650,Dnews,"Φωτιά στην Αττική: Δεν έχουμε μέτωπο, αλλά πολλές ενεργές εστίες σε Πεντέλη και Μαραθώνα #ΦΩΤΙΑ_ΤΩΡΑ #ΦΩΤΙΑ_ΑΤΤΙΚΗ https://t.co/i86gPQyr4Q",0,0,,,,"Φωτιά στην Αττική: Δεν έχουμε μέτωπο, αλλά πολλές ενεργές εστίες σε Πεντέλη και Μαραθώνα #ΦΩΤΙΑ_ΤΩΡΑ #ΦΩΤΙΑ_ΑΤΤΙΚΗ","φωτια στην αττικη: δεν εχουμε μετωπο, αλλα πολλες ενεργες εστιες σε πεντελη και μαραθωνα #φωτια_τωρα #φωτια_αττικη",φωτια αττικος μετωπο ενεργος εστια πεντελη μαραθωνας φωτια τωρα φωτια αττικη,0.985,1,1,0,"[{'name': 'αττικη', 'ner_label': 'GPE'}, {'name': 'πεντελη', 'ner_label': 'GPE'}, {'name': 'μαραθωνα', 'ner_label': 'GPE'}]","[{'lat': 37.9995238, 'lon': 23.7228379, 'name': 'Αττική', 'osm_class': 'railway', 'osm_type': 'station', 'importance': 0.37797476194049984, 'ner_label': 'GPE', 'original_name': 'αττικη'}, {'lat': 38.0505896, 'lon': 23.8614591, 'name': 'Πεντέλη', 'osm_class': 'place', 'osm_type': 'suburb', 'importance': 0.49026558458181707, 'ner_label': 'GPE', 'original_name': 'πεντελη'}, {'lat': 38.1498866, 'lon': 24.0141843, 'name': 'Ολυμπιακό Κωπηλατοδρόμιο Σχινιά Μαραθώνα', 'osm_class': 'landuse', 'osm_type': 'recreation_ground', 'importance': 0.0800602922102693, 'ner_label': 'GPE', 'original_name': 'μαραθωνα'}]"
2024-08-12 20:05:31+00:00,1823088446325596403,Vivian Efthimiopoulou 🎗️,"Πριν από μια ώρα η φωτιά στα Βριλήσσια οπως την έβλεπα από το παράθυρο μου ήταν έτσι, 👇αυτή τη φωτογραφία την ποσταρα και στο φμπ. Τώρα φλόγες δεν φαίνονται αλλά ψιλοφυσαει. Βέβαια εδώ που είμαι ΠΑΝΤΑ φυσάει. Ας ελπίσουμε ότι δεν θα αναζωπυρωθεί https://t.co/HZuPmAF63E",10,0,,,,"Πριν από μια ώρα η φωτιά στα Βριλήσσια οπως την έβλεπα από το παράθυρο μου ήταν έτσι, αυτή τη φωτογραφία την ποσταρα και στο φμπ. Τώρα φλόγες δεν φαίνονται αλλά ψιλοφυσαει. Βέβαια εδώ που είμαι ΠΑΝΤΑ φυσάει. Ας ελπίσουμε ότι δεν θα αναζωπυρωθεί","πριν απο μια ωρα η φωτια στα βριλησσια οπως την εβλεπα απο το παραθυρο μου ηταν ετσι, αυτη τη φωτογραφια την ποσταρα και στο φμπ. τωρα φλογες δεν φαινονται αλλα ψιλοφυσαει. βεβαια εδω που ειμαι παντα φυσαει. ας ελπισουμε οτι δεν θα αναζωπυρωθει",ωρα φωτια βριλησσιο οπως εβλεπα παραθυρο φωτογραφια ποσταρα φμπ φλογα φαινομαι ψιλοφυσαει παντα φυσαει ελπιζω αναζωπυρωθει,0.761,1,0,0,"[{'name': 'βριλησσια', 'ner_label': 'GPE'}]","[{'lat': 38.0399028, 'lon': 23.8389373, 'name': 'Βριλήσσια', 'osm_class': 'place', 'osm_type': 'suburb', 'importance': 0.14674994048981455, 'ner_label': 'GPE', 'original_name': 'βριλησσια'}]"
2024-08-12 20:05:32+00:00,1823088449819451745,Βαρβάρα,"Ξέσπασε σε υψόμετρο 1.600μ.. Καίει ξερά φύλλα κάτω στο έδαφος, και σπάνια τυλίγεται στις φλόγες κάποιο δέντρο. Δεν υπάρχει φόβος για να εισχωρήσουν φλόγες σε κάποιο χωριό, υπάρχουν αντιπυρικές ζώνες.  #πυρκαγιά #φωτια #Κικιλιας #Μητσοτακης #Ορβηλος",2,1,,,,"Ξέσπασε σε υψόμετρο 1.600μ... Καίει ξερά φύλλα κάτω στο έδαφος, και σπάνια τυλίγεται στις φλόγες κάποιο δέντρο. Δεν υπάρχει φόβος για να εισχωρήσουν φλόγες σε κάποιο χωριό, υπάρχουν αντιπυρικές ζώνες. #πυρκαγιά #φωτια #Κικιλιας #Μητσοτακης #Ορβηλος","ξεσπασε σε υψομετρο 1.600μ... καιει ξερα φυλλα κατω στο εδαφος, και σπανια τυλιγεται στις φλογες καποιο δεντρο. δεν υπαρχει φοβος για να εισχωρησουν φλογες σε καποιο χωριο, υπαρχουν αντιπυρικες ζωνες. #πυρκαγια #φωτια #κικιλιας #μητσοτακης #ορβηλος",ξεσπασε υψομετρο μ καιει ξερος φυλλο εδαφος σπανια τυλιγω φλογα δεντρο υπαρχω φοβος εισχωρηζω φλογα χωριο υπαρχω αντιπυρικος ζωνη πυρκαγια φωτια κικιλιας μητσοτακης ορβηλος,0.853,1,1,1,[],[]
2024-08-12 20:06:43+00:00,1823088748092948490,infonews24,Χωρίς ενεργό μέτωπο η πυρκαγιά νότια του Μενοικίου (Δαφνούδι)- Σε επιφυλακή οι δυνάμεις  #πυρκαγιά #Μενοίκιο #Δαφνούδι #φωτιά #πυροσβεστική #Δήμος_Εμμανουήλ_Παππά #Serres https://t.co/l0N1NbXuw9,1,0,,,,Χωρίς ενεργό μέτωπο η πυρκαγιά νότια του Μενοικίου (Δαφνούδι)- Σε επιφυλακή οι δυνάμεις #πυρκαγιά #Μενοίκιο #Δαφνούδι #φωτιά #πυροσβεστική #Δήμος_Εμμανουήλ_Παππά #Serres,χωρις ενεργο μετωπο η πυρκαγια νοτια του μενοικιου (δαφνουδι)- σε επιφυλακη οι δυναμεις #πυρκαγια #μενοικιο #δαφνουδι #φωτια #πυροσβεστικη #δημος_εμμανουηλ_παππα #serres,ενεργος μετωπο πυρκαγια νοτια μενοικιου δαφνουδι επιφυλακη δυναμη πυρκαγια μενοικιο δαφνουδι φωτια πυροσβεστικος δημος εμμανουηλ παππα serres,0.978,1,1,0,"[{'name': 'μενοικιου', 'ner_label': 'GPE'}, {'name': 'δαφνουδι', 'ner_label': 'GPE'}, {'name': 'μενοικιο δαφνουδι', 'ner_label': 'LOC'}]","[{'lat': 41.0606331, 'lon': 23.7470128, 'name': 'Δαφνούδι', 'osm_class': 'place', 'osm_type': 'village', 'importance': 0.14672104600595098, 'ner_label': 'GPE', 'original_name': 'δαφνουδι'}]"
2024-08-12 20:06:58+00:00,1823088809036411323,Voice News,Φωτιά στην Αττική – Αναζωπύρωση και στο Γραμματικό – Αντιπυρικές ζώνες δημιουργεί η πυροσβεστική προς τον Μαραθώνα https://t.co/QoV7PgwCjy #Αττικη #φωτια #Γραμματικο #αναζωπυρωση https://t.co/OaXWWc0qRS,1,2,,,,Φωτιά στην Αττική – Αναζωπύρωση και στο Γραμματικό – Αντιπυρικές ζώνες δημιουργεί η πυροσβεστική προς τον Μαραθώνα #Αττικη #φωτια #Γραμματικο #αναζωπυρωση,φωτια στην αττικη – αναζωπυρωση και στο γραμματικο – αντιπυρικες ζωνες δημιουργει η πυροσβεστικη προς τον μαραθωνα #αττικη #φωτια #γραμματικο #αναζωπυρωση,φωτια αττικος αναζωπυρωση γραμματικο αντιπυρικες ζωνη δημιουργω πυροσβεστικος μαραθωνα αττικη φωτια γραμματικο αναζωπυρωσος,0.983,1,0,0,"[{'name': 'αττικη', 'ner_label': 'GPE'}, {'name': 'γραμματικο', 'ner_label': 'GPE'}, {'name': 'μαραθωνα αττικη', 'ner_label': 'GPE'}]","[{'lat': 37.9995238, 'lon': 23.7228379, 'name': 'Αττική', 'osm_class': 'railway', 'osm_type': 'station', 'importance': 0.37797476194049984, 'ner_label': 'GPE', 'original_name': 'αττικη'}, {'lat': 38.202808, 'lon': 23.9674989, 'name': 'Γραμματικό', 'osm_class': 'place', 'osm_type': 'village', 'importance': 0.4763187189984269, 'ner_label': 'GPE', 'original_name': 'γραμματικο'}]"
2024-08-12 20:07:17+00:00,1823088891970375807,PLURALISM.GR,Φωτιά στην Αττική: Ξυπνούν εφιαλτικές μνήμες – Οι φλόγες φτάνουν ... https://t.co/QlWxRrIpEe https://t.co/YEKrxVD8hg,0,0,,,,Φωτιά στην Αττική: Ξυπνούν εφιαλτικές μνήμες – Οι φλόγες φτάνουν ...,φωτια στην αττικη: ξυπνουν εφιαλτικες μνημες – οι φλογες φτανουν ...,φωτια αττικος ξυπνω εφιαλτικος μνημα φλογα φτανω,0.964,1,0,0,"[{'name': 'αττικη', 'ner_label': 'GPE'}]","[{'lat': 37.9995238, 'lon': 23.7228379, 'name': 'Αττική', 'osm_class': 'railway', 'osm_type': 'station', 'importance': 0.37797476194049984, 'ner_label': 'GPE', 'original_name': 'αττικη'}]"
2024-08-12 20:07:48+00:00,1823089021180080455,enikos.gr,Φωτιά στην Αττική: Ιερέας ρίχτηκε στη μάχη με τις φλόγες – «Να σώσουμε την πατρίδα μας» – ΒΙΝΤΕΟ https://t.co/lq8NRsWeKz,17,2,,,,Φωτιά στην Αττική: Ιερέας ρίχτηκε στη μάχη με τις φλόγες – «Να σώσουμε την πατρίδα μας» – ΒΙΝΤΕΟ,φωτια στην αττικη: ιερεας ριχτηκε στη μαχη με τις φλογες – «να σωσουμε την πατριδα μας» – βιντεο,φωτια αττικος ιερεας ριχτηκε μαχη φλογα σωσουμε πατριδα βιντεο,0.77,1,0,0,"[{'name': 'αττικη', 'ner_label': 'GPE'}]","[{'lat': 37.9995238, 'lon': 23.7228379, 'name': 'Αττική', 'osm_class': 'railway', 'osm_type': 'station', 'importance': 0.37797476194049984, 'ner_label': 'GPE', 'original_name': 'αττικη'}]"
2024-08-12 20:08:05+00:00,1823089093607039405,XanthiNea.gr,"Κραυγή αγωνίας για τη φωτιά στον Όρβηλο – Καίει για 26η μέρα, δεν πετούν πλέον εναέρια μέσα https://t.co/P64SegCo4E",0,0,,,,"Κραυγή αγωνίας για τη φωτιά στον Όρβηλο – Καίει για 26η μέρα, δεν πετούν πλέον εναέρια μέσα","κραυγη αγωνιας για τη φωτια στον ορβηλο – καιει για 26η μερα, δεν πετουν πλεον εναερια μεσα",κραυγη αγωνια φωτια ορβηλο καιει ος μερα πετω εναεριο,0.832,1,1,0,"[{'name': 'ορβηλο', 'ner_label': 'GPE'}]",[]
2024-08-12 20:08:39+00:00,1823089233671692435,Κώστας Νι Ταφ Έξι,"Όταν η #φωτιά φτάνει μέσα στα #Βριλήσσια, το Πάτημα Χαλανδρίου και  το #Γέρακα για δεύτερη φορά μέσα σε δύο χρόνια, ένα πράγμα ισχύει!  Δεν είναι η κλιματική αλλαγή!  ΕΙΝΑΙ Η ΑΝΙΚΑΝΟΤΗΤΑ ΤΟΥΣ. https://t.co/nlw023bqCc",26,6,,,,"Όταν η #φωτιά φτάνει μέσα στα #Βριλήσσια, το Πάτημα Χαλανδρίου και το #Γέρακα για δεύτερη φορά μέσα σε δύο χρόνια, ένα πράγμα ισχύει! Δεν είναι η κλιματική αλλαγή! ΕΙΝΑΙ Η ΑΝΙΚΑΝΟΤΗΤΑ ΤΟΥΣ.","οταν η #φωτια φτανει μεσα στα #βριλησσια, το πατημα χαλανδριου και το #γερακα για δευτερη φορα μεσα σε δυο χρονια, ενα πραγμα ισχυει! δεν ειναι η κλιματικη αλλαγη! ειναι η ανικανοτητα τους.",φωτια φτανω βριλησσια πατημα χαλανδριου γερακας δευτερος φορα δυο χρονος πραγμα ισχυω κλιματικος αλλαγη ειναι ανικανοτητα,0.41,1,0,0,"[{'name': 'βριλησσια', 'ner_label': 'GPE'}, {'name': 'πατημα χαλανδριου', 'ner_label': 'GPE'}, {'name': 'γερακα', 'ner_label': 'GPE'}]","[{'lat': 38.0399028, 'lon': 23.8389373, 'name': 'Βριλήσσια', 'osm_class': 'place', 'osm_type': 'suburb', 'importance': 0.14674994048981455, 'ner_label': 'GPE', 'original_name': 'βριλησσια'}]"
2024-08-12 20:09:34+00:00,1823089464589328721,PRISMA 91.6,Βελτιώνεται η εικόνα της φωτιάς στην Βορειοανατολική Αττική- Η Πυροσβεστική δεν έλαβε κλήσεις για αγνοούμενο https://t.co/1OA6hRjCgg,0,0,,,,Βελτιώνεται η εικόνα της φωτιάς στην Βορειοανατολική Αττική- Η Πυροσβεστική δεν έλαβε κλήσεις για αγνοούμενο,βελτιωνεται η εικονα της φωτιας στην βορειοανατολικη αττικη- η πυροσβεστικη δεν ελαβε κλησεις για αγνοουμενο,βελτιωνω εικονα φωτια βορειοανατολικος αττικος πυροσβεστικος αλαμβανω κλησεις αγνοουμενος,0.757,1,0,0,"[{'name': 'βορειοανατολικη αττικη', 'ner_label': 'GPE'}]",[]
2024-08-12 20:09:40+00:00,1823089490723790865,Fire Fighting Greece,Εκπρόσωπος Τύπου του Π.Σ: Βελτίωση παρουσιάζει η πυρκαγιά στην βορειοανατολική Αττική https://t.co/jszaNyxT58,2,2,,,,Εκπρόσωπος Τύπου του Π.Σ: Βελτίωση παρουσιάζει η πυρκαγιά στην βορειοανατολική Αττική,εκπροσωπος τυπου του π.ς: βελτιωση παρουσιαζει η πυρκαγια στην βορειοανατολικη αττικη,εκπροσωπος τυπος π ς βελτιωσης παρουσιαζω πυρκαγια βορειοανατολικος αττικος,0.921,1,0,0,"[{'name': 'αττικη', 'ner_label': 'GPE'}]","[{'lat': 37.9995238, 'lon': 23.7228379, 'name': 'Αττική', 'osm_class': 'railway', 'osm_type': 'station', 'importance': 0.37797476194049984, 'ner_label': 'GPE', 'original_name': 'αττικη'}]"
2024-08-12 20:09:55+00:00,1823089555098210317,katerina ✊,Σε λίγο η φωτιά θα φτάσει στην πλατεία συντάγματος και την Ομονοία.. Αδέλφια ώρα να πάρουμε τους δρόμους,2,1,,,,Σε λίγο η φωτιά θα φτάσει στην πλατεία συντάγματος και την Ομονοία... Αδέλφια ώρα να πάρουμε τους δρόμους,σε λιγο η φωτια θα φτασει στην πλατεια συνταγματος και την ομονοια... αδελφια ωρα να παρουμε τους δρομους,φωτια φτανω πλατεια συνταγμα ομονοια αδελφια ωρα παρουμε δρομος,0.954,1,0,1,"[{'name': 'πλατεια συνταγματος', 'ner_label': 'LOC'}, {'name': 'ομονοια', 'ner_label': 'LOC'}]","[{'lat': 37.9755158, 'lon': 23.7349503, 'name': 'Πλατεία Συντάγματος', 'osm_class': 'place', 'osm_type': 'square', 'importance': 0.4562086448809265, 'ner_label': 'LOC', 'original_name': 'πλατεια συνταγματος'}, {'lat': 37.9841825, 'lon': 23.7283018, 'name': 'Ομόνοια', 'osm_class': 'place', 'osm_type': 'neighbourhood', 'importance': 0.38584692642506985, 'ner_label': 'LOC', 'original_name': 'ομονοια'}]"
2024-08-12 20:13:20+00:00,1823090413114462673,iefimerida,"Φωτιά στην Τερψιθέα: «Δύο νέα παιδιά έβαλαν τη φωτιά, έχουμε στοιχεία», δηλώνει ο δήμαρχος Γλυφάδας [βίντεο] https://t.co/9dA7nAccMR",1,1,,,,"Φωτιά στην Τερψιθέα: «Δύο νέα παιδιά έβαλαν τη φωτιά, έχουμε στοιχεία», δηλώνει ο δήμαρχος Γλυφάδας [βίντεο]","φωτια στην τερψιθεα: «δυο νεα παιδια εβαλαν τη φωτια, εχουμε στοιχεια», δηλωνει ο δημαρχος γλυφαδας [βιντεο]",φωτια τερψιθεα δυο νεος παιδι εβαλαν φωτια στοιχειο δηλωνω δημαρχος γλυφαδα βιντεο,0.95,1,0,0,"[{'name': 'τερψιθεα', 'ner_label': 'GPE'}, {'name': 'γλυφαδας', 'ner_label': 'GPE'}]","[{'lat': 37.9018403, 'lon': 23.7709411, 'name': 'Τερψιθέα', 'osm_class': 'place', 'osm_type': 'neighbourhood', 'importance': 0.08008327382314791, 'ner_label': 'GPE', 'original_name': 'τερψιθεα'}, {'lat': 37.8829987, 'lon': 23.767983, 'name': 'Δήμος Γλυφάδας', 'osm_class': 'boundary', 'osm_type': 'administrative', 'importance': 0.2853231881743613, 'ner_label': 'GPE', 'original_name': 'γλυφαδας'}]"
2024-08-12 20:13:26+00:00,1823090438800105486,SKAI.gr,🔥 Βελτιώνεται η εικόνα της #φωτιάς στην Βορειοανατολική #Αττική- Η Πυροσβεστική δεν έλαβε κλήσεις για αγνοούμενο 📸 https://t.co/vrZ7sqQ7Lc,1,0,,,,Βελτιώνεται η εικόνα της #φωτιάς στην Βορειοανατολική #Αττική- Η Πυροσβεστική δεν έλαβε κλήσεις για αγνοούμενο,βελτιωνεται η εικονα της #φωτιας στην βορειοανατολικη #αττικη- η πυροσβεστικη δεν ελαβε κλησεις για αγνοουμενο,βελτιωνω εικονα φωτια βορειοανατολικος αττικος πυροσβεστικος αλαμβανω κλησεις αγνοουμενος,0.873,1,0,0,"[{'name': 'βορειοανατολικη αττικη', 'ner_label': 'GPE'}]",[]
2024-08-12 20:13:43+00:00,1823090508509446417,Πικρό Χέσιμο,Το φαινόμενο της πεταλούδας.  Μια φωτιά στον Βαρνάβα μπορεί να προκαλέσει καψιμο σπιτιών στο χαλανδρι.,23,9,,,,Το φαινόμενο της πεταλούδας. Μια φωτιά στον Βαρνάβα μπορεί να προκαλέσει καψιμο σπιτιών στο χαλανδρι.,το φαινομενο της πεταλουδας. μια φωτια στον βαρναβα μπορει να προκαλεσει καψιμο σπιτιων στο χαλανδρι.,φαινομενο πεταλουδα φωτια βαρναβας προκαλω καψιμο σπιτιων χαλανδρι,0.818,1,0,1,"[{'name': 'βαρναβα', 'ner_label': 'GPE'}, {'name': 'χαλανδρι', 'ner_label': 'GPE'}]","[{'lat': 37.9656966, 'lon': 23.743307, 'name': 'Πλατεία Βαρνάβα', 'osm_class': 'leisure', 'osm_type': 'park', 'importance': 0.08008327382314791, 'ner_label': 'GPE', 'original_name': 'βαρναβα'}, {'lat': 38.0217116, 'lon': 23.8207549, 'name': 'Χαλάνδρι', 'osm_class': 'railway', 'osm_type': 'station', 'importance': 0.3446563915113022, 'ner_label': 'GPE', 'original_name': 'χαλανδρι'}]"
2024-08-12 20:14:24+00:00,1823090680165441821,Ant1news.gr,Νέα ενημέρωση της Πυροσβεστικής: Χωρίς ενιαίο μέτωπο η φωτιά - Πολλές ενεργές εστίες https://t.co/Xci7IcmTsz #Ant1news #φωτιες #Αττικη https://t.co/sjznx0NPt2,2,0,,,,Νέα ενημέρωση της Πυροσβεστικής: Χωρίς ενιαίο μέτωπο η φωτιά - Πολλές ενεργές εστίες #Ant1news #φωτιες #Αττικη,νεα ενημερωση της πυροσβεστικης: χωρις ενιαιο μετωπο η φωτια - πολλες ενεργες εστιες #ant1news #φωτιες #αττικη,νεος ενημερωση πυροσβεστικη ενιαιος μετωπο φωτια ενεργες εστια ant news φωτια αττικη,0.901,1,1,0,"[{'name': 'αττικη', 'ner_label': 'GPE'}]","[{'lat': 37.9995238, 'lon': 23.7228379, 'name': 'Αττική', 'osm_class': 'railway', 'osm_type': 'station', 'importance': 0.37797476194049984, 'ner_label': 'GPE', 'original_name': 'αττικη'}]"
2024-08-12 20:14:35+00:00,1823090727288549661,(α) Ρεηηy (for yoυr τhoυghτς),@Khlysty1 Κιάμος - Φωτιά με Φωτιά Σαμίου - Εκεί που καίγομαι πολύ  Κουκα - Ρίξε στο κορμί μου σπίρτο Αντζελα -Φωτιά στα Σαββατοβραδα ΛεΠα- Καίγομαι Καίγομαι  😬😬😬,1,0,,,,Κιάμος - Φωτιά με Φωτιά Σαμίου - Εκεί που καίγομαι πολύ Κουκα - Ρίξε στο κορμί μου σπίρτο Αντζελα -Φωτιά στα Σαββατοβραδα ΛεΠα- Καίγομαι Καίγομαι,κιαμος - φωτια με φωτια σαμιου - εκει που καιγομαι πολυ κουκα - ριξε στο κορμι μου σπιρτο αντζελα -φωτια στα σαββατοβραδα λεπα- καιγομαι καιγομαι,κιαμος φωτια φωτια σαμιου καιγομαι κουκα ριξε κορμι σπιρτο αντζελα φωτια σαββατοβραδα λεπα καιγομαι καιγομαι,0.446,1,1,0,[],[]
2024-08-12 20:15:01+00:00,1823090834855678232,Sta_trena,Φωτιά στην Αττική: Το πύρινο μέτωπο σε νέο χάρτη της NASA https://t.co/c1ZLSJHhPu,1,0,,,,Φωτιά στην Αττική: Το πύρινο μέτωπο σε νέο χάρτη της NASA,φωτια στην αττικη: το πυρινο μετωπο σε νεο χαρτη της nasa,φωτια αττικος πυρινος μετωπο νεος χαρτης nasa,0.979,1,1,0,"[{'name': 'αττικη', 'ner_label': 'GPE'}]","[{'lat': 37.9995238, 'lon': 23.7228379, 'name': 'Αττική', 'osm_class': 'railway', 'osm_type': 'station', 'importance': 0.37797476194049984, 'ner_label': 'GPE', 'original_name': 'αττικη'}]"
2024-08-12 20:15:06+00:00,1823090856221618664,ilialive.gr,Βουπρασία: Νυχτερινή πυρκαγιά στη Λάμια - Καίγεται ξανά το έλος https://t.co/cJRrazUlk3 https://t.co/aTw2R8MtqQ,0,0,,,,Βουπρασία: Νυχτερινή πυρκαγιά στη Λάμια - Καίγεται ξανά το έλος,βουπρασια: νυχτερινη πυρκαγια στη λαμια - καιγεται ξανα το ελος,βουπρασια νυχτερινη πυρκαγια λαμια καιω ελος,0.974,1,0,0,"[{'name': 'βουπρασια', 'ner_label': 'LOC'}, {'name': 'λαμια', 'ner_label': 'GPE'}]","[{'lat': 38.8993832, 'lon': 22.433582, 'name': 'Λαμία', 'osm_class': 'place', 'osm_type': 'city', 'importance': 0.5386925914714319, 'ner_label': 'GPE', 'original_name': 'λαμια'}]"
2024-08-12 20:15:27+00:00,1823090945618833412,Anna,@giannopoulos35 @AdonisGeorgiadi Η φωτιά μπήκε στην πόλη. Άκου συγχαρητήρια...,0,0,,,,Η φωτιά μπήκε στην πόλη. Άκου συγχαρητήρια...,η φωτια μπηκε στην πολη. ακου συγχαρητηρια...,φωτια μπηκε πολη ακου συγχαρητηρια,0.753,1,0,1,[],[]
2024-08-12 20:15:34+00:00,1823090976577192442,kou tsou bi lo,Κάηκε στην Πεντέλη το σπίτι του ανθρώπου που ξεκίνησε τη φωτιά στο Μάτι,0,0,,,,Κάηκε στην Πεντέλη το σπίτι του ανθρώπου που ξεκίνησε τη φωτιά στο Μάτι,καηκε στην πεντελη το σπιτι του ανθρωπου που ξεκινησε τη φωτια στο ματι,καηκε πεντελη σπιτι ανθρωπου ξεκινω φωτια ματι,0.933,1,0,1,"[{'name': 'πεντελη', 'ner_label': 'GPE'}, {'name': 'ματι', 'ner_label': 'GPE'}]","[{'lat': 38.0505896, 'lon': 23.8614591, 'name': 'Πεντέλη', 'osm_class': 'place', 'osm_type': 'suburb', 'importance': 0.49026558458181707, 'ner_label': 'GPE', 'original_name': 'πεντελη'}, {'lat': 40.9138035, 'lon': 24.0908794, 'name': 'Μάτι', 'osm_class': 'natural', 'osm_type': 'peak', 'importance': 0.43096957211662124, 'ner_label': 'GPE', 'original_name': 'ματι'}]"
2024-08-12 20:15:38+00:00,1823090992011985161,ERTNEWS,Φωτιά στην Αττική: Ενεργό μέτωπο στην Πεντέλη – Στις φλόγες επιχείρηση ξυλείας δίπλα στο δασαρχείο https://t.co/rpLRC0sBhj,0,0,,,,Φωτιά στην Αττική: Ενεργό μέτωπο στην Πεντέλη – Στις φλόγες επιχείρηση ξυλείας δίπλα στο δασαρχείο,φωτια στην αττικη: ενεργο μετωπο στην πεντελη – στις φλογες επιχειρηση ξυλειας διπλα στο δασαρχειο,φωτια αττικος ενεργο μετωπο πεντελη φλογα επιχειρηση ξυλεια δασαρχειο,0.986,1,1,1,"[{'name': 'αττικη', 'ner_label': 'GPE'}, {'name': 'πεντελη', 'ner_label': 'GPE'}]","[{'lat': 37.9995238, 'lon': 23.7228379, 'name': 'Αττική', 'osm_class': 'railway', 'osm_type': 'station', 'importance': 0.37797476194049984, 'ner_label': 'GPE', 'original_name': 'αττικη'}, {'lat': 38.0505896, 'lon': 23.8614591, 'name': 'Πεντέλη', 'osm_class': 'place', 'osm_type': 'suburb', 'importance': 0.49026558458181707, 'ner_label': 'GPE', 'original_name': 'πεντελη'}]"
2024-08-12 20:15:46+00:00,1823091024677220839,liberal.gr,Φωτιά στην Αττική - Άνω Σούλι: Η πυροσβεστική δημιουργεί αντιπυρικές ζώνες https://t.co/Lq7XuU8Jam,0,0,,,,Φωτιά στην Αττική - Άνω Σούλι: Η πυροσβεστική δημιουργεί αντιπυρικές ζώνες,φωτια στην αττικη - ανω σουλι: η πυροσβεστικη δημιουργει αντιπυρικες ζωνες,φωτια αττικος σουλι πυροσβεστικος δημιουργω αντιπυρικος ζωνη,0.932,1,0,0,"[{'name': 'αττικη', 'ner_label': 'GPE'}, {'name': 'ανω σουλι', 'ner_label': 'GPE'}]","[{'lat': 37.9995238, 'lon': 23.7228379, 'name': 'Αττική', 'osm_class': 'railway', 'osm_type': 'station', 'importance': 0.37797476194049984, 'ner_label': 'GPE', 'original_name': 'αττικη'}, {'lat': 38.1831563, 'lon': 23.9779323, 'name': 'Άνω Σούλι', 'osm_class': 'place', 'osm_type': 'village', 'importance': 0.14672695887693593, 'ner_label': 'GPE', 'original_name': 'ανω σουλι'}]"
2024-08-12 20:16:42+00:00,1823091259570786684,ΕΦΗΜΕΡΙΔΑ ΜΑΚΕΔΟΝΙΑ,Σημάδια βελτίωσης στην πυρκαγιά στην Αττική - Κρίσιμη νύχτα για να τεθεί υπό έλεγχο (βίντεο) https://t.co/PxgEdLWWF8 https://t.co/P5t0vtxL5J,0,0,,,,Σημάδια βελτίωσης στην πυρκαγιά στην Αττική - Κρίσιμη νύχτα για να τεθεί υπό έλεγχο (βίντεο),σημαδια βελτιωσης στην πυρκαγια στην αττικη - κρισιμη νυχτα για να τεθει υπο ελεγχο (βιντεο),σημαδια βελτιωση πυρκαγια αττικος κρισιμος νυχτα θετω ελεγχος βιντεο,0.756,1,0,0,"[{'name': 'αττικη', 'ner_label': 'GPE'}]","[{'lat': 37.9995238, 'lon': 23.7228379, 'name': 'Αττική', 'osm_class': 'railway', 'osm_type': 'station', 'importance': 0.37797476194049984, 'ner_label': 'GPE', 'original_name': 'αττικη'}]"
2024-08-12 20:17:17+00:00,1823091408313405599,Penny Rage,Ανακοίνωση από ΑΒ Βασιλόπουλος Ανοικτό όλη τη νύχτα 20ο χλμ Εθνικής Οδού Αθηνών-Λαμίας #Φωτια_τωρα #φωτιατωρα #φωτια #πυρκαγια https://t.co/hMi2BVgdgC,7,4,,,,Ανακοίνωση από ΑΒ Βασιλόπουλος Ανοικτό όλη τη νύχτα 20ο χλμ Εθνικής Οδού Αθηνών-Λαμίας #Φωτια_τωρα #φωτιατωρα #φωτια #πυρκαγια,ανακοινωση απο αβ βασιλοπουλος ανοικτο ολη τη νυχτα 20ο χλμ εθνικης οδου αθηνων-λαμιας #φωτια_τωρα #φωτιατωρα #φωτια #πυρκαγια,ανακοινωσης αβ βασιλοπουλος ανοικτο νυχτα ο χλμ εθνικος οδου αθηνων λαμιας φωτια τωρα φωτιατωρα φωτια πυρκαγια,0.386,1,0,1,"[{'name': '20ο χλμ εθνικης οδου αθηνων - λαμιας', 'ner_label': 'FAC'}]",[]
2024-08-12 20:18:20+00:00,1823091670268973350,Voice News,Φωτιά στην Αττική – Τραυματίστηκε πυροσβέστης – Μεταφέρθηκε στο νοσοκομείο https://t.co/4R9UOP0syh #Αττικη #φωτια #πυροσβεστης #νοσοκομειο https://t.co/D2HhxE2bG0,0,0,,,,Φωτιά στην Αττική – Τραυματίστηκε πυροσβέστης – Μεταφέρθηκε στο νοσοκομείο #Αττικη #φωτια #πυροσβεστης #νοσοκομειο,φωτια στην αττικη – τραυματιστηκε πυροσβεστης – μεταφερθηκε στο νοσοκομειο #αττικη #φωτια #πυροσβεστης #νοσοκομειο,φωτια αττικος τραυματιστηκε πυροσβεστης μεταφερω νοσοκομειο αττικη φωτια πυροσβεστης νοσοκομειο,0.769,1,0,1,"[{'name': 'αττικη', 'ner_label': 'GPE'}]","[{'lat': 37.9995238, 'lon': 23.7228379, 'name': 'Αττική', 'osm_class': 'railway', 'osm_type': 'station', 'importance': 0.37797476194049984, 'ner_label': 'GPE', 'original_name': 'αττικη'}]"
2024-08-12 20:18:29+00:00,1823091711129669687,Η ΑΥΓΗ,#Φωτιά στην #Αττική / Χάος με καμένα σπίτια και επιχειρήσεις - Εφιαλτικές ώρες σε Πεντέλη και Βριλήσσια https://t.co/mprgWCvzqo,2,0,,,,#Φωτιά στην #Αττική / Χάος με καμένα σπίτια και επιχειρήσεις - Εφιαλτικές ώρες σε Πεντέλη και Βριλήσσια,#φωτια στην #αττικη / χαος με καμενα σπιτια και επιχειρησεις - εφιαλτικες ωρες σε πεντελη και βριλησσια,φωτια αττικος χαος καμενος σπιτι επιχειρηση εφιαλτικος ωρα πεντελη βριλησσια,0.982,1,0,1,"[{'name': 'αττικη', 'ner_label': 'GPE'}, {'name': 'πεντελη', 'ner_label': 'GPE'}, {'name': 'βριλησσια', 'ner_label': 'GPE'}]","[{'lat': 37.9995238, 'lon': 23.7228379, 'name': 'Αττική', 'osm_class': 'railway', 'osm_type': 'station', 'importance': 0.37797476194049984, 'ner_label': 'GPE', 'original_name': 'αττικη'}, {'lat': 38.0505896, 'lon': 23.8614591, 'name': 'Πεντέλη', 'osm_class': 'place', 'osm_type': 'suburb', 'importance': 0.49026558458181707, 'ner_label': 'GPE', 'original_name': 'πεντελη'}, {'lat': 38.0399028, 'lon': 23.8389373, 'name': 'Βριλήσσια', 'osm_class': 'place', 'osm_type': 'suburb', 'importance': 0.14674994048981455, 'ner_label': 'GPE', 'original_name': 'βριλησσια'}]"
2024-08-12 20:18:39+00:00,1823091751852155311,Palucky_Luke®,@Khlysty1 Βρέχει φωτιά στην στράτα μου,1,0,,,,Βρέχει φωτιά στην στράτα μου,βρεχει φωτια στην στρατα μου,βρεχει φωτια στρατα,0.476,1,0,0,[],[]
2024-08-12 20:18:59+00:00,1823091835356553502,Euronews ελληνικά,Ελλάδα: Πύρινη λαίλαπα στην Αττική - Δραματικές ώρες με τη φωτιά στον αστικό ιστό #EuropeNews https://t.co/t1L7As9kFt https://t.co/CREVkEY2BA,2,0,,,,Ελλάδα: Πύρινη λαίλαπα στην Αττική - Δραματικές ώρες με τη φωτιά στον αστικό ιστό #EuropeNews,ελλαδα: πυρινη λαιλαπα στην αττικη - δραματικες ωρες με τη φωτια στον αστικο ιστο #europenews,ελλαδα πυρινη λαιλαπα αττικος δραματικος ωρα φωτια αστικος ιστος europe news,0.976,1,0,1,"[{'name': 'αττικη', 'ner_label': 'GPE'}]","[{'lat': 37.9995238, 'lon': 23.7228379, 'name': 'Αττική', 'osm_class': 'railway', 'osm_type': 'station', 'importance': 0.37797476194049984, 'ner_label': 'GPE', 'original_name': 'αττικη'}]"
2024-08-12 20:19:01+00:00,1823091841253654952,Johnny Hoston,"Σε άλλα νέα, κοντά στο μέτωπο της #φωτιά στη Νέα Πεντέλη βρέθηκαν… πλαστά διαβατήρια!  Τυχαίο είναι, σίγουρα.- https://t.co/nh8zK60m32",456,121,,,,"Σε άλλα νέα, κοντά στο μέτωπο της #φωτιά στη Νέα Πεντέλη βρέθηκαν… πλαστά διαβατήρια! Τυχαίο είναι, σίγουρα.-","σε αλλα νεα, κοντα στο μετωπο της #φωτια στη νεα πεντελη βρεθηκαν… πλαστα διαβατηρια! τυχαιο ειναι, σιγουρα.-",νεος μετωπο φωτια νεος πεντελη βρεθηκαν πλαστος διαβατηριο τυχαιος σιγουρα,0.677,1,1,1,"[{'name': 'νεα πεντελη', 'ner_label': 'GPE'}]","[{'lat': 38.0586684, 'lon': 23.8561699, 'name': 'Νέα Πεντέλη', 'osm_class': 'place', 'osm_type': 'suburb', 'importance': 0.14674994048981455, 'ner_label': 'GPE', 'original_name': 'νεα πεντελη'}]"
2024-08-12 20:19:07+00:00,1823091867753365990,Athens Voice,Φωτιά στην Αττική: Βελτίωση παρουσιάζει το μέτωπο στον Βαρνάβα  #φωτια #Αττικη  https://t.co/pkpa2bADGS,6,1,,,,Φωτιά στην Αττική: Βελτίωση παρουσιάζει το μέτωπο στον Βαρνάβα #φωτια #Αττικη,φωτια στην αττικη: βελτιωση παρουσιαζει το μετωπο στον βαρναβα #φωτια #αττικη,φωτια αττικος βελτιωση παρουσιαζω μετωπο βαρναβας φωτια αττικη,0.987,1,1,0,"[{'name': 'αττικη', 'ner_label': 'GPE'}, {'name': 'βαρναβα', 'ner_label': 'GPE'}]","[{'lat': 37.9995238, 'lon': 23.7228379, 'name': 'Αττική', 'osm_class': 'railway', 'osm_type': 'station', 'importance': 0.37797476194049984, 'ner_label': 'GPE', 'original_name': 'αττικη'}, {'lat': 37.9656966, 'lon': 23.743307, 'name': 'Πλατεία Βαρνάβα', 'osm_class': 'leisure', 'osm_type': 'park', 'importance': 0.08008327382314791, 'ner_label': 'GPE', 'original_name': 'βαρναβα'}]"
2024-08-12 20:19:35+00:00,1823091985630261723,Dnews,"Φωτιά στην Αττική: Στάχτη δεκάδες σπίτια σε Πεντέλη, Βριλήσσια - Μάχη σε Μαραθώνα και Γραμματικό #ΦΩΤΙΑ_ΤΩΡΑ #ΦΩΤΙΑ_ΑΤΤΙΚΗ https://t.co/nZ8SDvTIy1",0,1,,,,"Φωτιά στην Αττική: Στάχτη δεκάδες σπίτια σε Πεντέλη, Βριλήσσια - Μάχη σε Μαραθώνα και Γραμματικό #ΦΩΤΙΑ_ΤΩΡΑ #ΦΩΤΙΑ_ΑΤΤΙΚΗ","φωτια στην αττικη: σταχτη δεκαδες σπιτια σε πεντελη, βριλησσια - μαχη σε μαραθωνα και γραμματικο #φωτια_τωρα #φωτια_αττικη",φωτια αττικος σταχτη δεκαδα σπιτι πεντελη βριλησσια μαχη μαραθωνας γραμματικος φωτια τωρα φωτια αττικη,0.985,1,0,1,"[{'name': 'αττικη', 'ner_label': 'GPE'}, {'name': 'πεντελη', 'ner_label': 'GPE'}, {'name': 'βριλησσια', 'ner_label': 'GPE'}, {'name': 'μαραθωνα', 'ner_label': 'GPE'}, {'name': 'γραμματικο', 'ner_label': 'GPE'}]","[{'lat': 37.9995238, 'lon': 23.7228379, 'name': 'Αττική', 'osm_class': 'railway', 'osm_type': 'station', 'importance': 0.37797476194049984, 'ner_label': 'GPE', 'original_name': 'αττικη'}, {'lat': 38.0505896, 'lon': 23.8614591, 'name': 'Πεντέλη', 'osm_class': 'place', 'osm_type': 'suburb', 'importance': 0.49026558458181707, 'ner_label': 'GPE', 'original_name': 'πεντελη'}, {'lat': 38.0399028, 'lon': 23.8389373, 'name': 'Βριλήσσια', 'osm_class': 'place', 'osm_type': 'suburb', 'importance': 0.14674994048981455, 'ner_label': 'GPE', 'original_name': 'βριλησσια'}, {'lat': 38.1498866, 'lon': 24.0141843, 'name': 'Ολυμπιακό Κωπηλατοδρόμιο Σχινιά Μαραθώνα', 'osm_class': 'landuse', 'osm_type': 'recreation_ground', 'importance': 0.0800602922102693, 'ner_label': 'GPE', 'original_name': 'μαραθωνα'}, {'lat': 38.202808, 'lon': 23.9674989, 'name': 'Γραμματικό', 'osm_class': 'place', 'osm_type': 'village', 'importance': 0.4763187189984269, 'ner_label': 'GPE', 'original_name': 'γραμματικο'}]"
2024-08-12 20:20:11+00:00,1823092134872035742,iefimerida,Φωτιά στην Αττική: Κάηκε το σπίτι του ανθρώπου που καταδικάστηκε για την πυρκαγιά στο Μάτι [βίντεο] https://t.co/BjHLREroO4,2,0,,,,Φωτιά στην Αττική: Κάηκε το σπίτι του ανθρώπου που καταδικάστηκε για την πυρκαγιά στο Μάτι [βίντεο],φωτια στην αττικη: καηκε το σπιτι του ανθρωπου που καταδικαστηκε για την πυρκαγια στο ματι [βιντεο],φωτια αττικος καηκε σπιτι ανθρωπου καταδικαζω πυρκαγια ματι βιντεο,0.63,1,0,1,"[{'name': 'αττικη', 'ner_label': 'GPE'}, {'name': 'ματι', 'ner_label': 'GPE'}]","[{'lat': 37.9995238, 'lon': 23.7228379, 'name': 'Αττική', 'osm_class': 'railway', 'osm_type': 'station', 'importance': 0.37797476194049984, 'ner_label': 'GPE', 'original_name': 'αττικη'}, {'lat': 40.9138035, 'lon': 24.0908794, 'name': 'Μάτι', 'osm_class': 'natural', 'osm_type': 'peak', 'importance': 0.43096957211662124, 'ner_label': 'GPE', 'original_name': 'ματι'}]"
2024-08-12 20:20:20+00:00,1823092176709984656,ΑΠΕ-ΜΠΕ,#Πυροσβεστική : Βελτιωμένη εικόνα στα μέτωπα της φωτιάς - Μάχη με τις διάσπαρτες εστίες   https://t.co/KsJ7a6FYVQ https://t.co/0aLrhstm8y,11,8,,,,#Πυροσβεστική : Βελτιωμένη εικόνα στα μέτωπα της φωτιάς - Μάχη με τις διάσπαρτες εστίες,#πυροσβεστικη : βελτιωμενη εικονα στα μετωπα της φωτιας - μαχη με τις διασπαρτες εστιες,πυροσβεστικη βελτιωμενη εικονα μετωπο φωτια μαχη διασπαρτος εστια,0.357,1,1,0,[],[]
2024-08-12 20:20:56+00:00,1823092327545553009,lawandorder.gr,Φωτιά στην Αττική: Τραυματίστηκε πυροσβέστης – Μεταφέρεται σε νοσοκομείο https://t.co/14am1GRHcl,0,0,,,,Φωτιά στην Αττική: Τραυματίστηκε πυροσβέστης – Μεταφέρεται σε νοσοκομείο,φωτια στην αττικη: τραυματιστηκε πυροσβεστης – μεταφερεται σε νοσοκομειο,φωτια αττικος τραυματιστηκε πυροσβεστης μεταφερω νοσοκομειο,0.764,1,0,0,"[{'name': 'αττικη', 'ner_label': 'GPE'}]","[{'lat': 37.9995238, 'lon': 23.7228379, 'name': 'Αττική', 'osm_class': 'railway', 'osm_type': 'station', 'importance': 0.37797476194049984, 'ner_label': 'GPE', 'original_name': 'αττικη'}]"
2024-08-12 20:21:00+00:00,1823092344289186220,attica24.gr,Φωτιά στην Αττική: Το συγκλονιστικό μήνυμα της Α.Ε. Πεντέλης για το καμένο γήπεδο 🏀  #φωτια #πυρκαγια #Πεντελη #Αττικη #μπασκετ #αθλητισμος  https://t.co/OpNuBCZxEz,0,0,,,,Φωτιά στην Αττική: Το συγκλονιστικό μήνυμα της Α.Ε. Πεντέλης για το καμένο γήπεδο #φωτια #πυρκαγια #Πεντελη #Αττικη #μπασκετ #αθλητισμος,φωτια στην αττικη: το συγκλονιστικο μηνυμα της α.ε. πεντελης για το καμενο γηπεδο #φωτια #πυρκαγια #πεντελη #αττικη #μπασκετ #αθλητισμος,φωτια αττικος συγκλονιστικος μηνυμα α ε πεντελης καμενος γηπεδο φωτια πυρκαγια πεντελη αττικη μπασκετ αθλητισμος,0.533,1,0,1,"[{'name': 'αττικη', 'ner_label': 'GPE'}, {'name': 'πεντελη αττικη', 'ner_label': 'GPE'}]","[{'lat': 37.9995238, 'lon': 23.7228379, 'name': 'Αττική', 'osm_class': 'railway', 'osm_type': 'station', 'importance': 0.37797476194049984, 'ner_label': 'GPE', 'original_name': 'αττικη'}]"
2024-08-12 20:21:24+00:00,1823092442582675534,Ioannis Stevis,Την Τρίτη η επιχείρηση εξουδετέρωσης της νάρκης στην Αγία Φωτιά Χίου (βίντεο &amp; φωτό) @istevis #chios #ekriktika https://t.co/LaBtOx44xM,0,0,,,,Την Τρίτη η επιχείρηση εξουδετέρωσης της νάρκης στην Αγία Φωτιά Χίου (βίντεο & φωτό) #chios #ekriktika,την τριτη η επιχειρηση εξουδετερωσης της ναρκης στην αγια φωτια χιου (βιντεο & φωτο) #chios #ekriktika,επιχειρηση εξουδετερωση ναρκης αγια φωτια χιου βιντεο φωτο chios ekriktika,0.807,1,0,1,"[{'name': 'αγια φωτια χιου', 'ner_label': 'GPE'}]","[{'lat': 38.2853581, 'lon': 26.1199501, 'name': 'Αγία Φωτεινή', 'osm_class': 'natural', 'osm_type': 'beach', 'importance': 0.10672102616922252, 'ner_label': 'GPE', 'original_name': 'αγια φωτια χιου'}]"
2024-08-12 20:21:38+00:00,1823092500753727550,fonien.gr,Νέα ενημέρωση της Πυροσβεστικής: Χωρίς ενιαίο μέτωπο η φωτιά -Πολλές ενεργές εστίες σε Πεντέλη και λίμνη Μαραθώνα https://t.co/c1lyCXVOec https://t.co/KWaH7vgBvW,0,0,,,,Νέα ενημέρωση της Πυροσβεστικής: Χωρίς ενιαίο μέτωπο η φωτιά -Πολλές ενεργές εστίες σε Πεντέλη και λίμνη Μαραθώνα,νεα ενημερωση της πυροσβεστικης: χωρις ενιαιο μετωπο η φωτια -πολλες ενεργες εστιες σε πεντελη και λιμνη μαραθωνα,νεος ενημερωση πυροσβεστικη ενιαιος μετωπο φωτια πολλος ενεργος εστια πεντελη λιμνη μαραθωνας,0.975,1,1,0,"[{'name': 'πεντελη', 'ner_label': 'GPE'}, {'name': 'λιμνη μαραθωνα', 'ner_label': 'GPE'}]","[{'lat': 38.0505896, 'lon': 23.8614591, 'name': 'Πεντέλη', 'osm_class': 'place', 'osm_type': 'suburb', 'importance': 0.49026558458181707, 'ner_label': 'GPE', 'original_name': 'πεντελη'}, {'lat': 38.1621187, 'lon': 23.9024823, 'name': 'Λίμνη Μαραθώνα', 'osm_class': 'place', 'osm_type': 'hamlet', 'importance': 0.13339362554360262, 'ner_label': 'GPE', 'original_name': 'λιμνη μαραθωνα'}]"
2024-08-12 20:22:12+00:00,1823092643913416969,Πέτρος Ούτσης,"Στο Πομακοχώρι Θέρμες στην Ξάνθη, δίπλα στα σύνορα με Βουλγαρία εκδηλώθηκε φωτιά Στο σημείο έσπευσαν 1 ελικόπτερο,5 αεροσκάφη,10 πυροσβεστικά οχήματα, 1 ομάδα πεζοπόρου τμήματος και 30 πυροσβέστες Αυτή η διασπορά μέσων υπάρχει σε ολη την Ελλάδα",5,0,,,,"Στο Πομακοχώρι Θέρμες στην Ξάνθη, δίπλα στα σύνορα με Βουλγαρία εκδηλώθηκε φωτιά Στο σημείο έσπευσαν 1 ελικόπτερο,5 αεροσκάφη,10 πυροσβεστικά οχήματα, 1 ομάδα πεζοπόρου τμήματος και 30 πυροσβέστες Αυτή η διασπορά μέσων υπάρχει σε ολη την Ελλάδα","στο πομακοχωρι θερμες στην ξανθη, διπλα στα συνορα με βουλγαρια εκδηλωθηκε φωτια στο σημειο εσπευσαν 1 ελικοπτερο,5 αεροσκαφη,10 πυροσβεστικα οχηματα, 1 ομαδα πεζοπορου τμηματος και 30 πυροσβεστες αυτη η διασπορα μεσων υπαρχει σε ολη την ελλαδα",πομακοχωρι θερμες ξανθη συνορο βουλγαρια εκδηλωνω φωτια σημειο εσπευσαν ελικοπτερο αεροσκαφη πυροσβεστικος οχημα ομαδα πεζοπορος τμημα πυροσβεστης διασπορα μεσο υπαρχω ολος ελλαδα,0.982,1,1,1,"[{'name': 'πομακοχωρι', 'ner_label': 'GPE'}, {'name': 'ξανθη', 'ner_label': 'GPE'}, {'name': 'βουλγαρια', 'ner_label': 'GPE'}]","[{'lat': 41.13805, 'lon': 24.8864089, 'name': 'Ξάνθη', 'osm_class': 'place', 'osm_type': 'city', 'importance': 0.5358252428318324, 'ner_label': 'GPE', 'original_name': 'ξανθη'}]"
2024-08-12 20:23:09+00:00,1823092883110428758,Leonidas ToEat ♎☘🇬🇷🇬🇧,Επιτέλους θετικά νέα!  Χωρίς ενεργό μέτωπο η πυρκαγιά στη Β - ΒΑ Αττική Διάσπαρτες εστίες στις οποίες επιχειρούν οι δυνάμεις της Πολιτικής Προστασίας και του ΠΣ Δεν επιβεβαιώνεται η πληροφορία για αγνοούμενο άτομο. Δεν έχει αναφερθεί στο ΠΣ τέτοιο συμβάν,210,37,,,,Επιτέλους θετικά νέα! Χωρίς ενεργό μέτωπο η πυρκαγιά στη Β - ΒΑ Αττική Διάσπαρτες εστίες στις οποίες επιχειρούν οι δυνάμεις της Πολιτικής Προστασίας και του ΠΣ Δεν επιβεβαιώνεται η πληροφορία για αγνοούμενο άτομο. Δεν έχει αναφερθεί στο ΠΣ τέτοιο συμβάν,επιτελους θετικα νεα! χωρις ενεργο μετωπο η πυρκαγια στη β - βα αττικη διασπαρτες εστιες στις οποιες επιχειρουν οι δυναμεις της πολιτικης προστασιας και του πς δεν επιβεβαιωνεται η πληροφορια για αγνοουμενο ατομο. δεν εχει αναφερθει στο πς τετοιο συμβαν,επιτελους θετικα νεος ενεργος μετωπο πυρκαγια β βα αττικη διασπαρτες εστια επιχειρω δυναμη πολιτικη προστασια πς επιβεβαιωνω πληροφορια αγνοουμενος ατομο αναφερθει πς συμβαν,0.844,1,1,0,"[{'name': 'β - βα αττικη', 'ner_label': 'LOC'}]",[]
2024-08-12 20:23:10+00:00,1823092887111729634,ΔΕΞΙ ΕΞΤΡΕΜ,Φωτιά στην Αττική: Στις εγκαταστάσεις του Εθνικού Αστεροσκοπείου Αθηνών οι φλόγες – Τρομακτική εικόνα https://t.co/OXpzJmR6RZ,0,0,,,,Φωτιά στην Αττική: Στις εγκαταστάσεις του Εθνικού Αστεροσκοπείου Αθηνών οι φλόγες – Τρομακτική εικόνα,φωτια στην αττικη: στις εγκαταστασεις του εθνικου αστεροσκοπειου αθηνων οι φλογες – τρομακτικη εικονα,φωτια αττικος εγκατασταση εθνικος αστεροσκοπειου αθηνων φλογα τρομακτικη εικονα,0.98,1,0,1,"[{'name': 'αττικη', 'ner_label': 'GPE'}]","[{'lat': 37.9995238, 'lon': 23.7228379, 'name': 'Αττική', 'osm_class': 'railway', 'osm_type': 'station', 'importance': 0.37797476194049984, 'ner_label': 'GPE', 'original_name': 'αττικη'}]"
2024-08-12 20:23:13+00:00,1823092901045285198,SKAI.gr,🔥 ❗️ 🔴 Μήνυμα από το 112: #Φωτιά στην περιοχή Βρανά Mαραθώνα- Απομακρυνθείτε προς Νέα Μάκρη https://t.co/KAtqZGMgD1,0,0,,,,Μήνυμα από το 112: #Φωτιά στην περιοχή Βρανά Mαραθώνα- Απομακρυνθείτε προς Νέα Μάκρη,μηνυμα απο το 112: #φωτια στην περιοχη βρανα mαραθωνα- απομακρυνθειτε προς νεα μακρη,μηνυμα φωτια περιοχη βρανα mαραθωνα απομακρυνθειτε νεος μακρη,0.99,1,0,1,"[{'name': 'βρανα mαραθωνα', 'ner_label': 'LOC'}, {'name': 'νεα μακρη', 'ner_label': 'GPE'}]","[{'lat': 38.083049, 'lon': 23.97907, 'name': 'Νέα Μάκρη', 'osm_class': 'place', 'osm_type': 'town', 'importance': 0.1600602922102693, 'ner_label': 'GPE', 'original_name': 'νεα μακρη'}]"
2024-08-12 20:23:32+00:00,1823092979499708698,ΔΕΞΙ ΕΞΤΡΕΜ,📺Φωτιά στην Αττική: Κάηκε ολοσχερώς το κλειστό της Νέας Πεντέλης - Δείτε βίντεο https://t.co/ZV2eLBotzh,0,0,,,,Φωτιά στην Αττική: Κάηκε ολοσχερώς το κλειστό της Νέας Πεντέλης - Δείτε βίντεο,φωτια στην αττικη: καηκε ολοσχερως το κλειστο της νεας πεντελης - δειτε βιντεο,φωτια αττικος καηκε ολοσχερως κλειστος νεας πεντελης δειτε βιντεο,0.986,1,0,1,"[{'name': 'αττικη', 'ner_label': 'GPE'}, {'name': 'νεας πεντελης', 'ner_label': 'GPE'}]","[{'lat': 37.9995238, 'lon': 23.7228379, 'name': 'Αττική', 'osm_class': 'railway', 'osm_type': 'station', 'importance': 0.37797476194049984, 'ner_label': 'GPE', 'original_name': 'αττικη'}, {'lat': 38.057991, 'lon': 23.8579915, 'name': 'πλατεία Ηρώων Πολυτεχνείου (Νέας Πεντέλης)', 'osm_class': 'leisure', 'osm_type': 'park', 'importance': 0.08008327382314791, 'ner_label': 'GPE', 'original_name': 'νεας πεντελης'}]"
2024-08-12 20:23:36+00:00,1823092996692447641,ΔΕΞΙ ΕΞΤΡΕΜ,Ολοκληρώθηκε η προληπτική εκκένωση του νοσοκομείου «Αμαλία Φλέμινγκ» https://t.co/yCgAztwqro,0,0,,,,Ολοκληρώθηκε η προληπτική εκκένωση του νοσοκομείου «Αμαλία Φλέμινγκ»,ολοκληρωθηκε η προληπτικη εκκενωση του νοσοκομειου «αμαλια φλεμινγκ»,ολοκληρωνω προληπτικος εκκενωση νοσοκομειος αμαλια φλεμινγκ,0.563,1,0,1,[],[]
2024-08-12 20:23:37+00:00,1823093001318461869,Ysterografo News,"Φωτιά στην Αττική - Βαθρακογιάννης για φωτιές στην Αττική: Δεν έχουμε ενιαίο μέτωπο, αλλά πολλές ενεργές εστίες σε Πεντέλη και Μαραθώνα https://t.co/ZcFddvMWaA https://t.co/mbAc9dkjdg",1,0,,,,"Φωτιά στην Αττική - Βαθρακογιάννης για φωτιές στην Αττική: Δεν έχουμε ενιαίο μέτωπο, αλλά πολλές ενεργές εστίες σε Πεντέλη και Μαραθώνα","φωτια στην αττικη - βαθρακογιαννης για φωτιες στην αττικη: δεν εχουμε ενιαιο μετωπο, αλλα πολλες ενεργες εστιες σε πεντελη και μαραθωνα",φωτια αττικος βαθρακογιαννης φωτια αττικος ενιαιος μετωπο ενεργος εστια πεντελη μαραθωνας,0.925,1,1,0,"[{'name': 'αττικη', 'ner_label': 'GPE'}, {'name': 'πεντελη', 'ner_label': 'GPE'}, {'name': 'μαραθωνα', 'ner_label': 'GPE'}]","[{'lat': 37.9995238, 'lon': 23.7228379, 'name': 'Αττική', 'osm_class': 'railway', 'osm_type': 'station', 'importance': 0.37797476194049984, 'ner_label': 'GPE', 'original_name': 'αττικη'}, {'lat': 38.0505896, 'lon': 23.8614591, 'name': 'Πεντέλη', 'osm_class': 'place', 'osm_type': 'suburb', 'importance': 0.49026558458181707, 'ner_label': 'GPE', 'original_name': 'πεντελη'}, {'lat': 38.1498866, 'lon': 24.0141843, 'name': 'Ολυμπιακό Κωπηλατοδρόμιο Σχινιά Μαραθώνα', 'osm_class': 'landuse', 'osm_type': 'recreation_ground', 'importance': 0.0800602922102693, 'ner_label': 'GPE', 'original_name': 'μαραθωνα'}]"
2024-08-12 20:24:04+00:00,1823093112584945774,ERTNEWS,Φωτιά στην ΒΑ Αττική: Νέο 112 για πυρκαγιά στην περιοχή Βρανά Μαραθώνα https://t.co/UoXaUqgyF5,5,2,,,,Φωτιά στην ΒΑ Αττική: Νέο 112 για πυρκαγιά στην περιοχή Βρανά Μαραθώνα,φωτια στην βα αττικη: νεο 112 για πυρκαγια στην περιοχη βρανα μαραθωνα,φωτια βα αττικη νεος πυρκαγια περιοχη βρανα μαραθωνας,0.99,1,0,1,"[{'name': 'αττικη', 'ner_label': 'GPE'}, {'name': 'βρανα μαραθωνα', 'ner_label': 'GPE'}]","[{'lat': 37.9995238, 'lon': 23.7228379, 'name': 'Αττική', 'osm_class': 'railway', 'osm_type': 'station', 'importance': 0.37797476194049984, 'ner_label': 'GPE', 'original_name': 'αττικη'}]"
2024-08-12 20:24:05+00:00,1823093116535968235,ΔΕΞΙ ΕΞΤΡΕΜ,📺Φωτιά στην Αττική: Καίγεται εργοστάσιο ξυλείας στον Γέρακα – Δείτε βίντεο https://t.co/l0tiUA7u66,1,1,,,,Φωτιά στην Αττική: Καίγεται εργοστάσιο ξυλείας στον Γέρακα – Δείτε βίντεο,φωτια στην αττικη: καιγεται εργοστασιο ξυλειας στον γερακα – δειτε βιντεο,φωτια αττικος καιω εργοστασιο ξυλεια γερακα δειτε βιντεο,0.985,1,0,1,"[{'name': 'αττικη', 'ner_label': 'GPE'}, {'name': 'γερακα', 'ner_label': 'GPE'}]","[{'lat': 37.9995238, 'lon': 23.7228379, 'name': 'Αττική', 'osm_class': 'railway', 'osm_type': 'station', 'importance': 0.37797476194049984, 'ner_label': 'GPE', 'original_name': 'αττικη'}]"
2024-08-12 20:24:10+00:00,1823093137256173702,PRISMA 91.6,Υπό έλεγχο η φωτιά κοντά στη Βόνιτσα https://t.co/urddl0cyG2,0,0,,,,Υπό έλεγχο η φωτιά κοντά στη Βόνιτσα,υπο ελεγχο η φωτια κοντα στη βονιτσα,ελεγχος φωτια βονιτσα,0.992,1,0,0,"[{'name': 'βονιτσα', 'ner_label': 'GPE'}]","[{'lat': 38.9184883, 'lon': 20.8893237, 'name': 'Βόνιτσα', 'osm_class': 'place', 'osm_type': 'town', 'importance': 0.16005999313344013, 'ner_label': 'GPE', 'original_name': 'βονιτσα'}]"
2024-08-12 20:24:19+00:00,1823093179052110256,ΔΕΞΙ ΕΞΤΡΕΜ,📺Φωτιά στην Αττική: Συγκλονιστικό βίντεο από το Πάτημα Χαλανδρίου – Ρίψεις νερού από ελικόπτερο μέσα στον αστικό ιστό https://t.co/8hrNQQiFfd,0,0,,,,Φωτιά στην Αττική: Συγκλονιστικό βίντεο από το Πάτημα Χαλανδρίου – Ρίψεις νερού από ελικόπτερο μέσα στον αστικό ιστό,φωτια στην αττικη: συγκλονιστικο βιντεο απο το πατημα χαλανδριου – ριψεις νερου απο ελικοπτερο μεσα στον αστικο ιστο,φωτια αττικος συγκλονιστικο βιντεο πατημα χαλανδριου ριψεις νερο ελικοπτερο αστικος ιστος,0.977,1,1,1,"[{'name': 'αττικη', 'ner_label': 'GPE'}, {'name': 'πατημα χαλανδριου', 'ner_label': 'GPE'}]","[{'lat': 37.9995238, 'lon': 23.7228379, 'name': 'Αττική', 'osm_class': 'railway', 'osm_type': 'station', 'importance': 0.37797476194049984, 'ner_label': 'GPE', 'original_name': 'αττικη'}]"
2024-08-12 20:24:29+00:00,1823093220215238880,ΔΕΞΙ ΕΞΤΡΕΜ,📺Φωτιά στην Αττική: Κάηκε το σπίτι του 65χρονου που καταδικάστηκε για την πυρκαγιά στο Μάτι - «Δεν έχω λόγια» https://t.co/6Qro3bPbwu,0,0,,,,Φωτιά στην Αττική: Κάηκε το σπίτι του 65χρονου που καταδικάστηκε για την πυρκαγιά στο Μάτι - «Δεν έχω λόγια»,φωτια στην αττικη: καηκε το σπιτι του 65χρονου που καταδικαστηκε για την πυρκαγια στο ματι - «δεν εχω λογια»,φωτια αττικος καηκε σπιτι χρονος καταδικαζω πυρκαγια ματι λογος,0.314,1,0,1,"[{'name': 'αττικη', 'ner_label': 'GPE'}, {'name': 'ματι', 'ner_label': 'GPE'}]","[{'lat': 37.9995238, 'lon': 23.7228379, 'name': 'Αττική', 'osm_class': 'railway', 'osm_type': 'station', 'importance': 0.37797476194049984, 'ner_label': 'GPE', 'original_name': 'αττικη'}, {'lat': 40.9138035, 'lon': 24.0908794, 'name': 'Μάτι', 'osm_class': 'natural', 'osm_type': 'peak', 'importance': 0.43096957211662124, 'ner_label': 'GPE', 'original_name': 'ματι'}]"
2024-08-12 20:24:33+00:00,1823093237218992554,ΔΕΞΙ ΕΞΤΡΕΜ,Νέα ενημέρωση της Πυροσβεστικής: Χωρίς ενιαίο μέτωπο η φωτιά -Πολλές ενεργές εστίες σε Πεντέλη και λίμνη Μαραθώνα https://t.co/1oJdsJzDRG,0,0,,,,Νέα ενημέρωση της Πυροσβεστικής: Χωρίς ενιαίο μέτωπο η φωτιά -Πολλές ενεργές εστίες σε Πεντέλη και λίμνη Μαραθώνα,νεα ενημερωση της πυροσβεστικης: χωρις ενιαιο μετωπο η φωτια -πολλες ενεργες εστιες σε πεντελη και λιμνη μαραθωνα,νεος ενημερωση πυροσβεστικη ενιαιος μετωπο φωτια πολλος ενεργος εστια πεντελη λιμνη μαραθωνας,0.975,1,1,0,"[{'name': 'πεντελη', 'ner_label': 'GPE'}, {'name': 'λιμνη μαραθωνα', 'ner_label': 'GPE'}]","[{'lat': 38.0505896, 'lon': 23.8614591, 'name': 'Πεντέλη', 'osm_class': 'place', 'osm_type': 'suburb', 'importance': 0.49026558458181707, 'ner_label': 'GPE', 'original_name': 'πεντελη'}, {'lat': 38.1621187, 'lon': 23.9024823, 'name': 'Λίμνη Μαραθώνα', 'osm_class': 'place', 'osm_type': 'hamlet', 'importance': 0.13339362554360262, 'ner_label': 'GPE', 'original_name': 'λιμνη μαραθωνα'}]"
2024-08-12 20:25:35+00:00,1823093494791184894,ilialive.gr,Megafire η πυρκαγιά της βορειοανατολικής Αττικής - Έχουν καεί πάνω από 100.000 στρέμματα https://t.co/D6hXwxFinv https://t.co/8WralCfpIW,0,0,,,,Megafire η πυρκαγιά της βορειοανατολικής Αττικής - Έχουν καεί πάνω από 100.000 στρέμματα,megafire η πυρκαγια της βορειοανατολικης αττικης - εχουν καει πανω απο 100.000 στρεμματα,megafire πυρκαγια βορειοανατολικος αττικη καει στρεμματο,0.951,1,1,0,"[{'name': 'αττικης', 'ner_label': 'GPE'}]","[{'lat': 37.9995238, 'lon': 23.7228379, 'name': 'Αττική', 'osm_class': 'railway', 'osm_type': 'station', 'importance': 0.37797476194049984, 'ner_label': 'GPE', 'original_name': 'αττικης'}]"
2024-08-12 20:25:56+00:00,1823093584108691599,enikos.gr,Φωτιά στην Αττική: Ήχησε ξανά το 112 στον Μαραθώνα - Εκκενώνεται η περιοχή Βρανά https://t.co/LhSBWZhFYi,12,9,,,,Φωτιά στην Αττική: Ήχησε ξανά το 112 στον Μαραθώνα - Εκκενώνεται η περιοχή Βρανά,φωτια στην αττικη: ηχησε ξανα το 112 στον μαραθωνα - εκκενωνεται η περιοχη βρανα,φωτια αττικος ηχησε μαραθωνας εκκενωνεται περιοχη βρανα,0.987,1,0,1,"[{'name': 'αττικη', 'ner_label': 'GPE'}, {'name': 'μαραθωνα', 'ner_label': 'GPE'}, {'name': 'βρανα', 'ner_label': 'LOC'}]","[{'lat': 37.9995238, 'lon': 23.7228379, 'name': 'Αττική', 'osm_class': 'railway', 'osm_type': 'station', 'importance': 0.37797476194049984, 'ner_label': 'GPE', 'original_name': 'αττικη'}, {'lat': 38.1498866, 'lon': 24.0141843, 'name': 'Ολυμπιακό Κωπηλατοδρόμιο Σχινιά Μαραθώνα', 'osm_class': 'landuse', 'osm_type': 'recreation_ground', 'importance': 0.0800602922102693, 'ner_label': 'GPE', 'original_name': 'μαραθωνα'}, {'lat': 38.1198607, 'lon': 23.941483, 'name': 'Ρέμα Βρανά', 'osm_class': 'waterway', 'osm_type': 'stream', 'importance': 0.10672695887693597, 'ner_label': 'LOC', 'original_name': 'βρανα'}]"
2024-08-12 20:26:07+00:00,1823093628706721794,Penny Rage,"#Θεσσαλια ΤΩΡΑ: #Φωτιά σε αγροτική περιοχή της Καρίτσας Φωτιά ξέσπασε πριν από λίγη ώρα στην αγροτική περιοχή “3 μάρμαρα” της Καρίτσας, προκαλώντας αναστάτωση στην περιοχή. Οι φλόγες, κάψανε καλαμιές και ξερά χόρτα. #Φωτια_τωρα #Πυρκαγια #φωτιατωρα https://t.co/tGOfxnHphp",1,1,,,,"#Θεσσαλια ΤΩΡΑ: #Φωτιά σε αγροτική περιοχή της Καρίτσας Φωτιά ξέσπασε πριν από λίγη ώρα στην αγροτική περιοχή “3 μάρμαρα” της Καρίτσας, προκαλώντας αναστάτωση στην περιοχή. Οι φλόγες, κάψανε καλαμιές και ξερά χόρτα. #Φωτια_τωρα #Πυρκαγια #φωτιατωρα","#θεσσαλια τωρα: #φωτια σε αγροτικη περιοχη της καριτσας φωτια ξεσπασε πριν απο λιγη ωρα στην αγροτικη περιοχη “3 μαρμαρα” της καριτσας, προκαλωντας αναστατωση στην περιοχη. οι φλογες, καψανε καλαμιες και ξερα χορτα. #φωτια_τωρα #πυρκαγια #φωτιατωρα",θεσσαλια τωρα φωτια αγροτικος περιοχη καριτσα φωτια ξεσπασε λιγη ωρα αγροτικος περιοχη μαρμαρο καριτσα προκαλω αναστατωση περιοχη φλογα καψανε καλαμιες ξερος χορτο φωτια τωρα πυρκαγια φωτιατωρα,0.986,1,1,1,"[{'name': 'καριτσας', 'ner_label': 'GPE'}, {'name': '3 μαρμαρα', 'ner_label': 'LOC'}]","[{'lat': 37.9984357, 'lon': 23.7514532, 'name': '3', 'osm_class': 'place', 'osm_type': 'house', 'importance': 9.99999999995449e-06, 'ner_label': 'LOC', 'original_name': '3 μαρμαρα'}]"
2024-08-12 20:26:14+00:00,1823093660289773937,Penny Rage,"Επίσης, κάηκαν 50 μπάλες με άχυρο. Στο σημείο έχουν σπεύσει δυνάμεις της Πυροσβεστικής, οι οποίες επιχειρούν με όλα τα διαθέσιμα μέσα για να περιορίσουν τη φωτιά και να αποτρέψουν την εξάπλωσή της.",0,0,,,,"Επίσης, κάηκαν 50 μπάλες με άχυρο. Στο σημείο έχουν σπεύσει δυνάμεις της Πυροσβεστικής, οι οποίες επιχειρούν με όλα τα διαθέσιμα μέσα για να περιορίσουν τη φωτιά και να αποτρέψουν την εξάπλωσή της.","επισης, καηκαν 50 μπαλες με αχυρο. στο σημειο εχουν σπευσει δυναμεις της πυροσβεστικης, οι οποιες επιχειρουν με ολα τα διαθεσιμα μεσα για να περιορισουν τη φωτια και να αποτρεψουν την εξαπλωση της.",καηκαν μπαλα αχυρο σημειο σπευσει δυναμη πυροσβεστικη επιχειρω διαθεσιμος περιοριζω φωτια αποτρεπω εξαπλωση,0.798,1,0,1,[],[]
2024-08-12 20:27:11+00:00,1823093897720955167,Εκκλησία Online,Φωτιά στην Αττική: Αλυσίδα αλληλεγγύης με εθελοντές – Κρατούσαν ψηλά τη μάνικα για να διευκολύνουν την κατάσβεση https://t.co/PU1BISJhvh,5,1,,,,Φωτιά στην Αττική: Αλυσίδα αλληλεγγύης με εθελοντές – Κρατούσαν ψηλά τη μάνικα για να διευκολύνουν την κατάσβεση,φωτια στην αττικη: αλυσιδα αλληλεγγυης με εθελοντες – κρατουσαν ψηλα τη μανικα για να διευκολυνουν την κατασβεση,φωτια αττικος αλυσιδα αλληλεγγυης εθελοντης κρατουσαν ψηλα μανικα διευκολυνουν κατασβεση,0.722,1,1,0,"[{'name': 'αττικη', 'ner_label': 'GPE'}]","[{'lat': 37.9995238, 'lon': 23.7228379, 'name': 'Αττική', 'osm_class': 'railway', 'osm_type': 'station', 'importance': 0.37797476194049984, 'ner_label': 'GPE', 'original_name': 'αττικη'}]"
2024-08-12 20:27:35+00:00,1823093999802188112,newshub.gr,Φωτιά Αττική: Μάχη με διάσπαρτες εστίες σε Πεντέλη και Μαραθώνα - Στάχτη πάνω από 100.000 στρέμματα (LIVE) https://t.co/7a41vSi5Lc 👈 κλικ εδώ #newshubgr #crete #ellada #nea #νέα https://t.co/F1nOqrBj5Q,0,0,,,,Φωτιά Αττική: Μάχη με διάσπαρτες εστίες σε Πεντέλη και Μαραθώνα - Στάχτη πάνω από 100.000 στρέμματα (LIVE) κλικ εδώ #newshubgr #crete #ellada #nea #νέα,φωτια αττικη: μαχη με διασπαρτες εστιες σε πεντελη και μαραθωνα - σταχτη πανω απο 100.000 στρεμματα (live) κλικ εδω #newshubgr #crete #ellada #nea #νεα,φωτια αττικος μαχη διασπαρτος εστια πεντελη μαραθωνα σταχτη στρεμματο live κλικ newshubgr crete ellada nea νεος,0.946,1,1,0,"[{'name': 'αττικη', 'ner_label': 'GPE'}, {'name': 'πεντελη', 'ner_label': 'GPE'}, {'name': 'μαραθωνα', 'ner_label': 'GPE'}]","[{'lat': 37.9995238, 'lon': 23.7228379, 'name': 'Αττική', 'osm_class': 'railway', 'osm_type': 'station', 'importance': 0.37797476194049984, 'ner_label': 'GPE', 'original_name': 'αττικη'}, {'lat': 38.0505896, 'lon': 23.8614591, 'name': 'Πεντέλη', 'osm_class': 'place', 'osm_type': 'suburb', 'importance': 0.49026558458181707, 'ner_label': 'GPE', 'original_name': 'πεντελη'}, {'lat': 38.1498866, 'lon': 24.0141843, 'name': 'Ολυμπιακό Κωπηλατοδρόμιο Σχινιά Μαραθώνα', 'osm_class': 'landuse', 'osm_type': 'recreation_ground', 'importance': 0.0800602922102693, 'ner_label': 'GPE', 'original_name': 'μαραθωνα'}]"
2024-08-12 20:28:33+00:00,1823094243830980950,112 Greece,"⚠️ Ενεργοποίηση 1️⃣1️⃣2️⃣  🔥 Δασική πυρκαγιά στην περιοχή #Βρανά #Μαραθώνα  🆘 Αν βρίσκεστε στην περιοχή #Βρανά #Μαραθώνα, απομακρυνθείτε προς #Νέα_Μάκρη.  ‼️ Ακολουθείτε τις οδηγίες των Αρχών  ℹ️ https://t.co/kexUnloeCt  @pyrosvestiki @hellenicpolice",33,35,,,,"Ενεργοποίηση Δασική πυρκαγιά στην περιοχή #Βρανά #Μαραθώνα Αν βρίσκεστε στην περιοχή #Βρανά #Μαραθώνα, απομακρυνθείτε προς #Νέα_Μάκρη. Ακολουθείτε τις οδηγίες των Αρχών","ενεργοποιηση δασικη πυρκαγια στην περιοχη #βρανα #μαραθωνα αν βρισκεστε στην περιοχη #βρανα #μαραθωνα, απομακρυνθειτε προς #νεα_μακρη. ακολουθειτε τις οδηγιες των αρχων",ενεργοποιηση δασικος πυρκαγια περιοχη βρανα μαραθωνα βρισκεστε περιοχη βρανα μαραθωνα απομακρυνθειτε νεα μακρη ακολουθειτε οδηγια αρχων,0.989,1,1,1,"[{'name': 'βρανα μαραθωνα', 'ner_label': 'GPE'}, {'name': 'νεα _ μακρη', 'ner_label': 'GPE'}]","[{'lat': 38.083049, 'lon': 23.97907, 'name': 'Νέα Μάκρη', 'osm_class': 'place', 'osm_type': 'town', 'importance': 0.1600602922102693, 'ner_label': 'GPE', 'original_name': 'νεα _ μακρη'}]"
2024-08-12 20:28:51+00:00,1823094316220272714,Penny Rage,"Ακόμη μια φωτιά, στο γειτονικό χωριό Βόνη, η οποία έκαψε καλλιεργήσιμες εκτάσεις ωστόσο και αυτή οριοθετήθηκε σύντομα. Πηγη:patris. gr",0,0,,,,"Ακόμη μια φωτιά, στο γειτονικό χωριό Βόνη, η οποία έκαψε καλλιεργήσιμες εκτάσεις ωστόσο και αυτή οριοθετήθηκε σύντομα. Πηγη:patris. gr","ακομη μια φωτια, στο γειτονικο χωριο βονη, η οποια εκαψε καλλιεργησιμες εκτασεις ωστοσο και αυτη οριοθετηθηκε συντομα. πηγη:patris. gr",φωτια γειτονικος χωριο βονη εκαψε καλλιεργησιμος εκτασεις οριοθετηθηκε συντομα πηγη patris gr,0.97,1,1,1,"[{'name': 'βονη', 'ner_label': 'GPE'}]","[{'lat': 35.2313682, 'lon': 33.4955565, 'name': 'Gökhan', 'osm_class': 'boundary', 'osm_type': 'administrative', 'importance': 0.42316500223065584, 'ner_label': 'GPE', 'original_name': 'βονη'}]"
2024-08-12 20:29:09+00:00,1823094392120312055,Karaliotas Tasos,Αν βρίσκεστε στο Σύνταγμα εκκένωστε προς Ομόνοια η Μοναστηράκι…δασική πυρκαγιά στην περιοχή σας….#Greece_failed_state #ξεφτίλα #ώρα_να_μεταναστευουμε,4,0,,,,Αν βρίσκεστε στο Σύνταγμα εκκένωστε προς Ομόνοια η Μοναστηράκι…δασική πυρκαγιά στην περιοχή σας….#Greece_failed_state #ξεφτίλα #ώρα_να_μεταναστευουμε,αν βρισκεστε στο συνταγμα εκκενωστε προς ομονοια η μοναστηρακι…δασικη πυρκαγια στην περιοχη σας….#greece_failed_state #ξεφτιλα #ωρα_να_μεταναστευουμε,βρισκεστε συνταγμα εκκενωστε ομονοια μοναστηρακι δασικος πυρκαγια περιοχη greece failed state ξεφτιλα ωρα να μεταναστευω,0.97,1,0,1,"[{'name': 'συνταγμα', 'ner_label': 'LOC'}, {'name': 'ομονοια', 'ner_label': 'LOC'}, {'name': 'μοναστηρακι', 'ner_label': 'LOC'}]","[{'lat': 37.9754953, 'lon': 23.7356676, 'name': 'Σύνταγμα', 'osm_class': 'railway', 'osm_type': 'station', 'importance': 0.3733250944850813, 'ner_label': 'LOC', 'original_name': 'συνταγμα'}, {'lat': 37.9841825, 'lon': 23.7283018, 'name': 'Ομόνοια', 'osm_class': 'place', 'osm_type': 'neighbourhood', 'importance': 0.38584692642506985, 'ner_label': 'LOC', 'original_name': 'ομονοια'}, {'lat': 37.9760959, 'lon': 23.7256297, 'name': 'Μοναστηράκι', 'osm_class': 'railway', 'osm_type': 'station', 'importance': 0.38850590600538054, 'ner_label': 'LOC', 'original_name': 'μοναστηρακι'}]"
2024-08-12 20:30:03+00:00,1823094618285879794,Βασίλης Βιλιάρδος,"«Megafire η #πυρκαγιά στη βορειοανατολική Αττική - έχουν καεί πάνω από 100.000 στρέμματα».  Ποιο είναι το κριτήριο του χαρακτηρισμού «Megafire»; Τα 100.000 στρέμματα καμένων - από το Διόνυσο, τα Βριλήσσια, τα Μελίσσια, το Χαλάνδρι και το Γέρακα, έως τη Γλυφάδα, το #Μαραθώνα και https://t.co/2rGKKYxQ6l",11,1,,,,"«Megafire η #πυρκαγιά στη βορειοανατολική Αττική - έχουν καεί πάνω από 100.000 στρέμματα». Ποιο είναι το κριτήριο του χαρακτηρισμού «Megafire»; Τα 100.000 στρέμματα καμένων - από το Διόνυσο, τα Βριλήσσια, τα Μελίσσια, το Χαλάνδρι και το Γέρακα, έως τη Γλυφάδα, το #Μαραθώνα και","«megafire η #πυρκαγια στη βορειοανατολικη αττικη - εχουν καει πανω απο 100.000 στρεμματα». ποιο ειναι το κριτηριο του χαρακτηρισμου «megafire»; τα 100.000 στρεμματα καμενων - απο το διονυσο, τα βριλησσια, τα μελισσια, το χαλανδρι και το γερακα, εως τη γλυφαδα, το #μαραθωνα και",megafire πυρκαγια βορειοανατολικος αττικος καει στρεμματο ποιος κριτηριο χαρακτηρισμος megafire στρεμματα καμενων διονυσος βριλησσι μελισσι χαλανδρι γερακας γλυφαδα μαραθωνας,0.727,1,1,1,"[{'name': 'αττικη', 'ner_label': 'GPE'}, {'name': 'διονυσο', 'ner_label': 'GPE'}, {'name': 'βριλησσια', 'ner_label': 'GPE'}, {'name': 'μελισσια', 'ner_label': 'GPE'}, {'name': 'χαλανδρι', 'ner_label': 'GPE'}, {'name': 'γερακα', 'ner_label': 'GPE'}, {'name': 'γλυφαδα', 'ner_label': 'GPE'}, {'name': 'μαραθωνα', 'ner_label': 'GPE'}]","[{'lat': 37.9995238, 'lon': 23.7228379, 'name': 'Αττική', 'osm_class': 'railway', 'osm_type': 'station', 'importance': 0.37797476194049984, 'ner_label': 'GPE', 'original_name': 'αττικη'}, {'lat': 37.970586, 'lon': 23.727629, 'name': 'Θέατρο του Διονύσου', 'osm_class': 'tourism', 'osm_type': 'attraction', 'importance': 0.5138517514351957, 'ner_label': 'GPE', 'original_name': 'διονυσο'}, {'lat': 38.0399028, 'lon': 23.8389373, 'name': 'Βριλήσσια', 'osm_class': 'place', 'osm_type': 'suburb', 'importance': 0.14674994048981455, 'ner_label': 'GPE', 'original_name': 'βριλησσια'}, {'lat': 38.0491855, 'lon': 23.8352653, 'name': 'Μελίσσια', 'osm_class': 'place', 'osm_type': 'suburb', 'importance': 0.14674994048981455, 'ner_label': 'GPE', 'original_name': 'μελισσια'}, {'lat': 38.0217116, 'lon': 23.8207549, 'name': 'Χαλάνδρι', 'osm_class': 'railway', 'osm_type': 'station', 'importance': 0.3446563915113022, 'ner_label': 'GPE', 'original_name': 'χαλανδρι'}, {'lat': 37.8829987, 'lon': 23.767983, 'name': 'Δήμος Γλυφάδας', 'osm_class': 'boundary', 'osm_type': 'administrative', 'importance': 0.2853231881743613, 'ner_label': 'GPE', 'original_name': 'γλυφαδα'}, {'lat': 38.1498866, 'lon': 24.0141843, 'name': 'Ολυμπιακό Κωπηλατοδρόμιο Σχινιά Μαραθώνα', 'osm_class': 'landuse', 'osm_type': 'recreation_ground', 'importance': 0.0800602922102693, 'ner_label': 'GPE', 'original_name': 'μαραθωνα'}]"
2024-08-12 20:30:27+00:00,1823094719855075535,infonews24,Άγκιστρο: Διαμαρτυρία κατοίκων για την φωτιά στον Όρβηλο που καίει 26 ημέρες  #Όρβηλος #πυρκαγιά #διαμαρτυρία #Άγκιστρο #Serres https://t.co/bXWrN86IRx,5,0,,,,Άγκιστρο: Διαμαρτυρία κατοίκων για την φωτιά στον Όρβηλο που καίει 26 ημέρες #Όρβηλος #πυρκαγιά #διαμαρτυρία #Άγκιστρο #Serres,αγκιστρο: διαμαρτυρια κατοικων για την φωτια στον ορβηλο που καιει 26 ημερες #ορβηλος #πυρκαγια #διαμαρτυρια #αγκιστρο #serres,αγκιστρο διαμαρτυρια κατοικων φωτια ορβηλο καιω ημερα ορβηλος πυρκαγια διαμαρτυρια αγκιστρο serres,0.703,1,0,1,"[{'name': 'αγκιστρο', 'ner_label': 'GPE'}, {'name': 'ορβηλο', 'ner_label': 'GPE'}, {'name': 'αγκιστρο serres', 'ner_label': 'GPE'}]","[{'lat': 41.3749881, 'lon': 23.4423999, 'name': 'Άγκιστρο', 'osm_class': 'place', 'osm_type': 'village', 'importance': 0.1467168650339513, 'ner_label': 'GPE', 'original_name': 'αγκιστρο'}, {'lat': 41.3749881, 'lon': 23.4423999, 'name': 'Άγκιστρο', 'osm_class': 'place', 'osm_type': 'village', 'importance': 0.1467168650339513, 'ner_label': 'GPE', 'original_name': 'αγκιστρο serres'}]"
2024-08-12 20:30:40+00:00,1823094775295119558,Ελεύθερος Τύπος,#Φωτιά στην Αττική: Εκκενώνεται ο Βρανάς στον Μαραθώνα - «Απομακρυνθείτε προς Νέα Μάκρη» https://t.co/J3NiEY5S0J,0,0,,,,#Φωτιά στην Αττική: Εκκενώνεται ο Βρανάς στον Μαραθώνα - «Απομακρυνθείτε προς Νέα Μάκρη»,#φωτια στην αττικη: εκκενωνεται ο βρανας στον μαραθωνα - «απομακρυνθειτε προς νεα μακρη»,φωτια αττικος εκκενωνεται βρανας μαραθωνας απομακρυνθειτε νεος μακρη,0.987,1,0,1,"[{'name': 'αττικη', 'ner_label': 'GPE'}, {'name': 'βρανας', 'ner_label': 'FAC'}, {'name': 'μαραθωνα', 'ner_label': 'GPE'}, {'name': 'νεα μακρη', 'ner_label': 'GPE'}]","[{'lat': 37.9995238, 'lon': 23.7228379, 'name': 'Αττική', 'osm_class': 'railway', 'osm_type': 'station', 'importance': 0.37797476194049984, 'ner_label': 'GPE', 'original_name': 'αττικη'}, {'lat': 38.1198607, 'lon': 23.941483, 'name': 'Ρέμα Βρανά', 'osm_class': 'waterway', 'osm_type': 'stream', 'importance': 0.10672695887693597, 'ner_label': 'FAC', 'original_name': 'βρανας'}, {'lat': 38.1498866, 'lon': 24.0141843, 'name': 'Ολυμπιακό Κωπηλατοδρόμιο Σχινιά Μαραθώνα', 'osm_class': 'landuse', 'osm_type': 'recreation_ground', 'importance': 0.0800602922102693, 'ner_label': 'GPE', 'original_name': 'μαραθωνα'}, {'lat': 38.083049, 'lon': 23.97907, 'name': 'Νέα Μάκρη', 'osm_class': 'place', 'osm_type': 'town', 'importance': 0.1600602922102693, 'ner_label': 'GPE', 'original_name': 'νεα μακρη'}]"
2024-08-12 20:31:06+00:00,1823094885882417635,Takalos,#φωτια #μαραθωνας Μήνυμα από το 112: #Φωτιά στην περιοχή Βρανά Mαραθώνα- Απομακρυνθείτε προς Νέα Μάκρη https://t.co/ptkumLakWl,2,1,,,,#φωτια #μαραθωνας Μήνυμα από το 112: #Φωτιά στην περιοχή Βρανά Mαραθώνα- Απομακρυνθείτε προς Νέα Μάκρη,#φωτια #μαραθωνας μηνυμα απο το 112: #φωτια στην περιοχη βρανα mαραθωνα- απομακρυνθειτε προς νεα μακρη,φωτια μαραθωνας μηνυμα φωτια περιοχη βρανα mαραθωνα απομακρυνθειτε νεος μακρη,0.988,1,0,1,"[{'name': 'μαραθωνας', 'ner_label': 'GPE'}, {'name': 'βρανα mαραθωνα', 'ner_label': 'LOC'}, {'name': 'νεα μακρη', 'ner_label': 'GPE'}]","[{'lat': 38.1498866, 'lon': 24.0141843, 'name': 'Ολυμπιακό Κωπηλατοδρόμιο Σχινιά Μαραθώνα', 'osm_class': 'landuse', 'osm_type': 'recreation_ground', 'importance': 0.0800602922102693, 'ner_label': 'GPE', 'original_name': 'μαραθωνας'}, {'lat': 38.083049, 'lon': 23.97907, 'name': 'Νέα Μάκρη', 'osm_class': 'place', 'osm_type': 'town', 'importance': 0.1600602922102693, 'ner_label': 'GPE', 'original_name': 'νεα μακρη'}]"
2024-08-12 20:31:48+00:00,1823095061711626691,PowerGame Greece,«Ανθρώπινο χέρι» πίσω από τη φωτιά στη Γλυφάδα. Τι καταγγέλλουν δύο δήμαρχοι για την πυρκαγιά στην Τερψιθέα https://t.co/FwTVKsITrj,1,0,,,,«Ανθρώπινο χέρι» πίσω από τη φωτιά στη Γλυφάδα. Τι καταγγέλλουν δύο δήμαρχοι για την πυρκαγιά στην Τερψιθέα,«ανθρωπινο χερι» πισω απο τη φωτια στη γλυφαδα. τι καταγγελλουν δυο δημαρχοι για την πυρκαγια στην τερψιθεα,ανθρωπινο χερι φωτια γλυφαδα καταγγελλω δυο δημαρχος πυρκαγια τερψιθεα,0.418,1,0,0,"[{'name': 'γλυφαδα', 'ner_label': 'GPE'}, {'name': 'τερψιθεα', 'ner_label': 'GPE'}]","[{'lat': 37.8829987, 'lon': 23.767983, 'name': 'Δήμος Γλυφάδας', 'osm_class': 'boundary', 'osm_type': 'administrative', 'importance': 0.2853231881743613, 'ner_label': 'GPE', 'original_name': 'γλυφαδα'}, {'lat': 37.9018403, 'lon': 23.7709411, 'name': 'Τερψιθέα', 'osm_class': 'place', 'osm_type': 'neighbourhood', 'importance': 0.08008327382314791, 'ner_label': 'GPE', 'original_name': 'τερψιθεα'}]"
2024-08-12 20:32:08+00:00,1823095144952066495,Merik Landrow,"@3ellas @Konstan01214403 Η φωτιά στο αστεροσκοπέιο ηρθε από έξω, έφτασε ως εκεί η φωτιά που έκαιγε στην περιοχή, δεν προέκυψε από μέσα.",4,0,,,,"Η φωτιά στο αστεροσκοπέιο ηρθε από έξω, έφτασε ως εκεί η φωτιά που έκαιγε στην περιοχή, δεν προέκυψε από μέσα.","η φωτια στο αστεροσκοπειο ηρθε απο εξω, εφτασε ως εκει η φωτια που εκαιγε στην περιοχη, δεν προεκυψε απο μεσα.",φωτια αστεροσκοπειο ηρθε φτανω φωτια εκαιγε περιοχη προεκυψε,0.87,1,0,0,"[{'name': 'αστεροσκοπειο', 'ner_label': 'FAC'}]","[{'lat': 37.9731246, 'lon': 23.7199851, 'name': 'Αστεροσκοπείο', 'osm_class': 'place', 'osm_type': 'neighbourhood', 'importance': 0.3841981265934431, 'ner_label': 'FAC', 'original_name': 'αστεροσκοπειο'}]"
2024-08-12 20:32:37+00:00,1823095266624627080,Κανιμπαλέρος,"Εν τω μεταξύ στο Βρανά Μαραθώνα ήρθε 112 για εκκένωση, έγκυρη ενημέρωση https://t.co/1Zt22ujvHS",0,0,,,,"Εν τω μεταξύ στο Βρανά Μαραθώνα ήρθε 112 για εκκένωση, έγκυρη ενημέρωση","εν τω μεταξυ στο βρανα μαραθωνα ηρθε 112 για εκκενωση, εγκυρη ενημερωση",τω βρανα μαραθωνα ηρθε εκκενωση εγκυρος ενημερωση,0.466,1,0,1,"[{'name': 'βρανα μαραθωνα', 'ner_label': 'GPE'}]",[]
2024-08-12 20:32:55+00:00,1823095342935535890,liberal.gr,Πυρκαγιά στην Αττική - Meteo: Στάχτη πάνω από 100.000 στρέμματα - (pic) https://t.co/zF7VIr1Rlr,0,0,,,,Πυρκαγιά στην Αττική - Meteo: Στάχτη πάνω από 100.000 στρέμματα - (pic),πυρκαγια στην αττικη - meteo: σταχτη πανω απο 100.000 στρεμματα - (pic),πυρκαγια αττικος meteo σταχτη στρεμμα pic,0.987,1,1,1,"[{'name': 'αττικη', 'ner_label': 'GPE'}]","[{'lat': 37.9995238, 'lon': 23.7228379, 'name': 'Αττική', 'osm_class': 'railway', 'osm_type': 'station', 'importance': 0.37797476194049984, 'ner_label': 'GPE', 'original_name': 'αττικη'}]"
2024-08-12 20:33:11+00:00,1823095406584062420,🔴⚪ Ο λογιστίξ ⚪🔴,Η φωτιά έχει τεθεί υπο έλεγχο ή θα σβήσει στο αυλάκι; Ξερει κανεις; #φωτια,1,0,,,,Η φωτιά έχει τεθεί υπο έλεγχο ή θα σβήσει στο αυλάκι; Ξερει κανεις; #φωτια,η φωτια εχει τεθει υπο ελεγχο η θα σβησει στο αυλακι; ξερει κανεις; #φωτια,φωτια θετω υπο ελεγχος η σβησει αυλακι ξερει κανεις φωτια,0.462,1,0,1,[],[]
2024-08-12 20:33:18+00:00,1823095439098302794,liberal.gr,Πυρκαγιά στην Αττική - Συνολικά πέντε τραυματίες πυροσβέστες https://t.co/FKrt7Cweyg,0,0,,,,Πυρκαγιά στην Αττική - Συνολικά πέντε τραυματίες πυροσβέστες,πυρκαγια στην αττικη - συνολικα πεντε τραυματιες πυροσβεστες,πυρκαγια αττικος συνολικα πεντε τραυματιας πυροσβεστης,0.699,1,0,0,"[{'name': 'αττικη', 'ner_label': 'GPE'}]","[{'lat': 37.9995238, 'lon': 23.7228379, 'name': 'Αττική', 'osm_class': 'railway', 'osm_type': 'station', 'importance': 0.37797476194049984, 'ner_label': 'GPE', 'original_name': 'αττικη'}]"
2024-08-12 20:33:29+00:00,1823095482757038559,Penny Rage,"Ενώ οι πυροσβεστικές δυνάμεις κατάφεραν να θέσουν υπό πλήρη έλεγχο το μέτωπο πάνω από την Αγία Μαρίνα, μία από τις εστίες στη Νέα Μάκρη έχει αναζωπυρωθεί και έθεσε σε κόκκινο συναγερμό την Πυροσβεστική.",0,0,,,,"Ενώ οι πυροσβεστικές δυνάμεις κατάφεραν να θέσουν υπό πλήρη έλεγχο το μέτωπο πάνω από την Αγία Μαρίνα, μία από τις εστίες στη Νέα Μάκρη έχει αναζωπυρωθεί και έθεσε σε κόκκινο συναγερμό την Πυροσβεστική.","ενω οι πυροσβεστικες δυναμεις καταφεραν να θεσουν υπο πληρη ελεγχο το μετωπο πανω απο την αγια μαρινα, μια απο τις εστιες στη νεα μακρη εχει αναζωπυρωθει και εθεσε σε κοκκινο συναγερμο την πυροσβεστικη.",πυροσβεστικος δυναμη καταφερνω θεσουν πληρης ελεγχος μετωπο αγια μαρινα εστια νεος μακρη αναζωπυρωθει εθεσε κοκκινος συναγερμος πυροσβεστικη,0.939,1,1,0,"[{'name': 'αγια μαρινα', 'ner_label': 'LOC'}, {'name': 'νεα μακρη', 'ner_label': 'LOC'}]","[{'lat': 38.083049, 'lon': 23.97907, 'name': 'Νέα Μάκρη', 'osm_class': 'place', 'osm_type': 'town', 'importance': 0.1600602922102693, 'ner_label': 'LOC', 'original_name': 'νεα μακρη'}, {'lat': 38.0623619, 'lon': 23.9721154, 'name': 'Αγία Μαρίνα', 'osm_class': 'place', 'osm_type': 'suburb', 'importance': 0.14672203326466768, 'ner_label': 'LOC', 'original_name': 'αγια μαρινα'}]"
2024-08-12 20:33:52+00:00,1823095578508542451,Oknews.gr,Φωτιά στην Αττική: Δεν υπάρχει ενιαίο μέτωπο αλλά διάσπαρτες εστίες σε Πεντέλη και Λίμνη του Μαραθώνα – ‘Εχουν καεί 100.000 στρέματα -Συνεχής ενημέρωση https://t.co/o47X71l8RJ,0,0,,,,Φωτιά στην Αττική: Δεν υπάρχει ενιαίο μέτωπο αλλά διάσπαρτες εστίες σε Πεντέλη και Λίμνη του Μαραθώνα – ‘Εχουν καεί 100.000 στρέματα -Συνεχής ενημέρωση,φωτια στην αττικη: δεν υπαρχει ενιαιο μετωπο αλλα διασπαρτες εστιες σε πεντελη και λιμνη του μαραθωνα – ‘εχουν καει 100.000 στρεματα -συνεχης ενημερωση,φωτια αττικος υπαρχω ενιαιος μετωπο διασπαρτος εστια πεντελη λιμνη μαραθωνα εχω καει στρεματα συνεχης ενημερωση,0.947,1,1,0,"[{'name': 'αττικη', 'ner_label': 'GPE'}, {'name': 'πεντελη', 'ner_label': 'GPE'}, {'name': 'λιμνη του μαραθωνα', 'ner_label': 'LOC'}]","[{'lat': 37.9995238, 'lon': 23.7228379, 'name': 'Αττική', 'osm_class': 'railway', 'osm_type': 'station', 'importance': 0.37797476194049984, 'ner_label': 'GPE', 'original_name': 'αττικη'}, {'lat': 38.0505896, 'lon': 23.8614591, 'name': 'Πεντέλη', 'osm_class': 'place', 'osm_type': 'suburb', 'importance': 0.49026558458181707, 'ner_label': 'GPE', 'original_name': 'πεντελη'}, {'lat': 38.1621187, 'lon': 23.9024823, 'name': 'Λίμνη Μαραθώνα', 'osm_class': 'place', 'osm_type': 'hamlet', 'importance': 0.13339362554360262, 'ner_label': 'LOC', 'original_name': 'λιμνη του μαραθωνα'}]"
2024-08-12 20:33:58+00:00,1823095607629951250,Penny Rage,"Με τον αέρα να γυρίζει και τη μυρωδιά να είναι πλέον πολύ έντονη σε όλη την περιοχή, φούντωσαν και οι φλόγες στο Αγριλίκι, πάνω από το Κέντρο Υγείας Νέας Μάκρης. Ήδη έχουν συγκεντρωθεί δυνάμεις στο σημείο προκειμένου να ανακόψουν τη φωτιά πριν γίνει πολύ απειλητική.",0,0,,,,"Με τον αέρα να γυρίζει και τη μυρωδιά να είναι πλέον πολύ έντονη σε όλη την περιοχή, φούντωσαν και οι φλόγες στο Αγριλίκι, πάνω από το Κέντρο Υγείας Νέας Μάκρης. Ήδη έχουν συγκεντρωθεί δυνάμεις στο σημείο προκειμένου να ανακόψουν τη φωτιά πριν γίνει πολύ απειλητική.","με τον αερα να γυριζει και τη μυρωδια να ειναι πλεον πολυ εντονη σε ολη την περιοχη, φουντωσαν και οι φλογες στο αγριλικι, πανω απο το κεντρο υγειας νεας μακρης. ηδη εχουν συγκεντρωθει δυναμεις στο σημειο προκειμενου να ανακοψουν τη φωτια πριν γινει πολυ απειλητικη.",αερας γυριζω μυρωδια εντονος περιοχη φουντωσαν φλογα αγριλικι κεντρο υγεια νεας μακρης συγκεντρωνω δυναμη σημειο ανακοψουν φωτια γινομαι απειλητικος,0.84,1,0,1,"[{'name': 'αγριλικι', 'ner_label': 'GPE'}]","[{'lat': 38.1053224, 'lon': 23.9489596, 'name': 'Αγριλίκι', 'osm_class': 'natural', 'osm_type': 'peak', 'importance': 0.1600602922102693, 'ner_label': 'GPE', 'original_name': 'αγριλικι'}]"
2024-08-12 20:35:00+00:00,1823095863927042048,enikos.gr,Φωτιά στην Αττική: Έχουν καεί πάνω από 100.000 στρέμματα μέχρι στιγμής – Τα κριτήρια για να χαρακτηριστεί ως «megafire» https://t.co/dsmmA1IwRP,2,1,,,,Φωτιά στην Αττική: Έχουν καεί πάνω από 100.000 στρέμματα μέχρι στιγμής – Τα κριτήρια για να χαρακτηριστεί ως «megafire»,φωτια στην αττικη: εχουν καει πανω απο 100.000 στρεμματα μεχρι στιγμης – τα κριτηρια για να χαρακτηριστει ως «megafire»,φωτια αττικος καει στρεμματο στιγμη κριτηριο χαρακτηριζω megafire,0.946,1,0,1,"[{'name': 'αττικη', 'ner_label': 'GPE'}]","[{'lat': 37.9995238, 'lon': 23.7228379, 'name': 'Αττική', 'osm_class': 'railway', 'osm_type': 'station', 'importance': 0.37797476194049984, 'ner_label': 'GPE', 'original_name': 'αττικη'}]"
2024-08-12 20:35:02+00:00,1823095875008106711,Oknews.gr,"Φωτιά στην Αττική: Νέο 112, εκκενώνεται ο Βρανάς Μαραθώνα – «Απομακρυνθείτε προς Νέα Μάκρη» https://t.co/yr2gzhgwMJ #OknewsGr μέσω @OknewsGr",0,1,,,,"Φωτιά στην Αττική: Νέο 112, εκκενώνεται ο Βρανάς Μαραθώνα – «Απομακρυνθείτε προς Νέα Μάκρη» #OknewsGr μέσω","φωτια στην αττικη: νεο 112, εκκενωνεται ο βρανας μαραθωνα – «απομακρυνθειτε προς νεα μακρη» #oknewsgr μεσω",φωτια αττικος νεος εκκενωνω βρανας μαραθωνα απομακρυνθειτε νεος μακρη oknews gr,0.985,1,0,1,"[{'name': 'αττικη', 'ner_label': 'GPE'}, {'name': 'βρανας μαραθωνα', 'ner_label': 'GPE'}, {'name': 'νεα μακρη', 'ner_label': 'GPE'}]","[{'lat': 37.9995238, 'lon': 23.7228379, 'name': 'Αττική', 'osm_class': 'railway', 'osm_type': 'station', 'importance': 0.37797476194049984, 'ner_label': 'GPE', 'original_name': 'αττικη'}, {'lat': 38.083049, 'lon': 23.97907, 'name': 'Νέα Μάκρη', 'osm_class': 'place', 'osm_type': 'town', 'importance': 0.1600602922102693, 'ner_label': 'GPE', 'original_name': 'νεα μακρη'}, {'lat': 38.1219138, 'lon': 23.9466557, 'name': 'Αρχαιολογικό Μουσείο Μαραθώνα', 'osm_class': 'tourism', 'osm_type': 'museum', 'importance': 0.19938740066310082, 'ner_label': 'GPE', 'original_name': 'βρανας μαραθωνα'}]"
2024-08-12 20:35:03+00:00,1823095877374030165,Dnews,Φωτιά στην Αττική: Εντολή εκκένωσης για την περιοχή Βρανά https://t.co/uZgUG93HaG,0,0,,,,Φωτιά στην Αττική: Εντολή εκκένωσης για την περιοχή Βρανά,φωτια στην αττικη: εντολη εκκενωσης για την περιοχη βρανα,φωτια αττικος εντολη εκκενωση περιοχη βρανα,0.979,1,0,1,"[{'name': 'αττικη', 'ner_label': 'GPE'}, {'name': 'βρανα', 'ner_label': 'LOC'}]","[{'lat': 37.9995238, 'lon': 23.7228379, 'name': 'Αττική', 'osm_class': 'railway', 'osm_type': 'station', 'importance': 0.37797476194049984, 'ner_label': 'GPE', 'original_name': 'αττικη'}, {'lat': 38.1198607, 'lon': 23.941483, 'name': 'Ρέμα Βρανά', 'osm_class': 'waterway', 'osm_type': 'stream', 'importance': 0.10672695887693597, 'ner_label': 'LOC', 'original_name': 'βρανα'}]"
2024-08-12 20:35:14+00:00,1823095925553725735,agrinio24.gr,Φωτιά στην Αττική: Τιτάνια μάχη με τις φλόγες – Τεράστια καταστροφή -  https://t.co/5pnjyWjnOT https://t.co/RuzL7yHHME,0,0,,,,Φωτιά στην Αττική: Τιτάνια μάχη με τις φλόγες – Τεράστια καταστροφή -,φωτια στην αττικη: τιτανια μαχη με τις φλογες – τεραστια καταστροφη -,φωτια αττικος τιτανια μαχη φλογα τεραστιος καταστροφη,0.973,1,0,0,"[{'name': 'αττικη', 'ner_label': 'GPE'}]","[{'lat': 37.9995238, 'lon': 23.7228379, 'name': 'Αττική', 'osm_class': 'railway', 'osm_type': 'station', 'importance': 0.37797476194049984, 'ner_label': 'GPE', 'original_name': 'αττικη'}]"
2024-08-12 20:36:40+00:00,1823096285198475384,lawandorder.gr,Φωτιά στην Αττική: Ο εκπρόσωπος της Πυροσβεστικής διαψεύδει ότι υπάρχει αγνοούμενη γυναίκα (βίντεο) https://t.co/fSBZnSnpDq,0,0,,,,Φωτιά στην Αττική: Ο εκπρόσωπος της Πυροσβεστικής διαψεύδει ότι υπάρχει αγνοούμενη γυναίκα (βίντεο),φωτια στην αττικη: ο εκπροσωπος της πυροσβεστικης διαψευδει οτι υπαρχει αγνοουμενη γυναικα (βιντεο),φωτια αττικος εκπροσωπος πυροσβεστικη διαψευδω υπαρχω αγνοουμενος γυναικα βιντεο,0.505,1,0,0,"[{'name': 'αττικη', 'ner_label': 'GPE'}]","[{'lat': 37.9995238, 'lon': 23.7228379, 'name': 'Αττική', 'osm_class': 'railway', 'osm_type': 'station', 'importance': 0.37797476194049984, 'ner_label': 'GPE', 'original_name': 'αττικη'}]"
2024-08-12 20:36:56+00:00,1823096351321727178,Johnny D. Thinking man,"Η Φωτιά ξεκίνησε απο Βαρνάβα πήγε Γραματικό απο κει έφτασε Ωροπό μετά γύρισε πίσω και πήγε προς Διόνυσο, Νέα Πεντέλη και τελικά έφτασε μέχρι Χαλάνδι.  Ζούμε στη χώρα που οι φωτιές κόβουν βόλτες ..ανενόχλητες..!",260,62,,,,"Η Φωτιά ξεκίνησε απο Βαρνάβα πήγε Γραματικό απο κει έφτασε Ωροπό μετά γύρισε πίσω και πήγε προς Διόνυσο, Νέα Πεντέλη και τελικά έφτασε μέχρι Χαλάνδι. Ζούμε στη χώρα που οι φωτιές κόβουν βόλτες ...ανενόχλητες...!","η φωτια ξεκινησε απο βαρναβα πηγε γραματικο απο κει εφτασε ωροπο μετα γυρισε πισω και πηγε προς διονυσο, νεα πεντελη και τελικα εφτασε μεχρι χαλανδι. ζουμε στη χωρα που οι φωτιες κοβουν βολτες ...ανενοχλητες...!",φωτια ξεκινω απο βαρναβας πηγε γραματικο απο κει εφτασε ωροπο γυρισε πηγε διονυσο νεος πεντελη φτανω χαλανδι ζουμε χωρα φωτια κοβω βολτα ανενοχλητος,0.641,1,0,0,"[{'name': 'βαρναβα', 'ner_label': 'GPE'}, {'name': 'ωροπο', 'ner_label': 'LOC'}, {'name': 'διονυσο', 'ner_label': 'GPE'}, {'name': 'νεα πεντελη', 'ner_label': 'GPE'}, {'name': 'χαλανδι', 'ner_label': 'GPE'}]","[{'lat': 37.9656966, 'lon': 23.743307, 'name': 'Πλατεία Βαρνάβα', 'osm_class': 'leisure', 'osm_type': 'park', 'importance': 0.08008327382314791, 'ner_label': 'GPE', 'original_name': 'βαρναβα'}, {'lat': 37.970586, 'lon': 23.727629, 'name': 'Θέατρο του Διονύσου', 'osm_class': 'tourism', 'osm_type': 'attraction', 'importance': 0.5138517514351957, 'ner_label': 'GPE', 'original_name': 'διονυσο'}, {'lat': 38.0586684, 'lon': 23.8561699, 'name': 'Νέα Πεντέλη', 'osm_class': 'place', 'osm_type': 'suburb', 'importance': 0.14674994048981455, 'ner_label': 'GPE', 'original_name': 'νεα πεντελη'}, {'lat': 38.0217116, 'lon': 23.8207549, 'name': 'Χαλάνδρι', 'osm_class': 'railway', 'osm_type': 'station', 'importance': 0.3446563915113022, 'ner_label': 'GPE', 'original_name': 'χαλανδι'}]"
2024-08-12 20:37:33+00:00,1823096508205744350,maria,φωτιά τώρα στη δυτική Θεσσαλονίκη (προς Κωτσόβολο- πλαίσιο)  #φωτια,6,0,,,,φωτιά τώρα στη δυτική Θεσσαλονίκη (προς Κωτσόβολο- πλαίσιο) #φωτια,φωτια τωρα στη δυτικη θεσσαλονικη (προς κωτσοβολο- πλαισιο) #φωτια,φωτια δυτικος θεσσαλονικη κωτσοβολος πλαισιο φωτια,0.991,1,0,0,"[{'name': 'θεσσαλονικη', 'ner_label': 'GPE'}]","[{'lat': 40.6403167, 'lon': 22.9352716, 'name': 'Θεσσαλονίκη', 'osm_class': 'place', 'osm_type': 'city', 'importance': 0.7032802514986225, 'ner_label': 'GPE', 'original_name': 'θεσσαλονικη'}]"
2024-08-12 20:37:45+00:00,1823096559346540621,Kouti Pandoras,Φωτιά στην Αττική: Συγκλονίζει με δάκρυα στα μάτια κάτοικος της Πεντέλης – «Με 5-10 πυροσβεστικά δεν γίνεται τίποτα» (video) #Αττικη #πυρκαγια #φωτια https://t.co/3PBBf4mzCu,7,0,,,,Φωτιά στην Αττική: Συγκλονίζει με δάκρυα στα μάτια κάτοικος της Πεντέλης – «Με 5-10 πυροσβεστικά δεν γίνεται τίποτα» (video) #Αττικη #πυρκαγια #φωτια,φωτια στην αττικη: συγκλονιζει με δακρυα στα ματια κατοικος της πεντελης – «με 5-10 πυροσβεστικα δεν γινεται τιποτα» (video) #αττικη #πυρκαγια #φωτια,φωτια αττικος συγκλονιζω δακρυα ματι κατοικος πεντελης πυροσβεστικος γινομαι video αττικη πυρκαγια φωτια,0.911,1,0,0,"[{'name': 'αττικη', 'ner_label': 'GPE'}, {'name': 'πεντελης', 'ner_label': 'GPE'}]","[{'lat': 37.9995238, 'lon': 23.7228379, 'name': 'Αττική', 'osm_class': 'railway', 'osm_type': 'station', 'importance': 0.37797476194049984, 'ner_label': 'GPE', 'original_name': 'αττικη'}, {'lat': 38.0505896, 'lon': 23.8614591, 'name': 'Πεντέλη', 'osm_class': 'place', 'osm_type': 'suburb', 'importance': 0.49026558458181707, 'ner_label': 'GPE', 'original_name': 'πεντελης'}]"
2024-08-12 20:37:54+00:00,1823096594780098719,Hot Doc,Φωτιά στην Αττική: Συγκλονίζει με δάκρυα στα μάτια κάτοικος της Πεντέλης – «Με 5-10 πυροσβεστικά δεν γίνεται τίποτα» (video) #Αττικη #πυρκαγια #φωτια https://t.co/oRkbbOLnt8,6,1,,,,Φωτιά στην Αττική: Συγκλονίζει με δάκρυα στα μάτια κάτοικος της Πεντέλης – «Με 5-10 πυροσβεστικά δεν γίνεται τίποτα» (video) #Αττικη #πυρκαγια #φωτια,φωτια στην αττικη: συγκλονιζει με δακρυα στα ματια κατοικος της πεντελης – «με 5-10 πυροσβεστικα δεν γινεται τιποτα» (video) #αττικη #πυρκαγια #φωτια,φωτια αττικος συγκλονιζω δακρυα ματι κατοικος πεντελης πυροσβεστικος γινομαι video αττικη πυρκαγια φωτια,0.911,1,0,0,"[{'name': 'αττικη', 'ner_label': 'GPE'}, {'name': 'πεντελης', 'ner_label': 'GPE'}]","[{'lat': 37.9995238, 'lon': 23.7228379, 'name': 'Αττική', 'osm_class': 'railway', 'osm_type': 'station', 'importance': 0.37797476194049984, 'ner_label': 'GPE', 'original_name': 'αττικη'}, {'lat': 38.0505896, 'lon': 23.8614591, 'name': 'Πεντέλη', 'osm_class': 'place', 'osm_type': 'suburb', 'importance': 0.49026558458181707, 'ner_label': 'GPE', 'original_name': 'πεντελης'}]"
2024-08-12 20:38:07+00:00,1823096648001876103,PRISMA 91.6,Μήνυμα από το 112: Φωτιά στην περιοχή Βρανά Mαραθώνα- Απομακρυνθείτε προς Νέα Μάκρη https://t.co/jzmDBBtsdd,0,0,,,,Μήνυμα από το 112: Φωτιά στην περιοχή Βρανά Mαραθώνα- Απομακρυνθείτε προς Νέα Μάκρη,μηνυμα απο το 112: φωτια στην περιοχη βρανα mαραθωνα- απομακρυνθειτε προς νεα μακρη,μηνυμα φωτια περιοχη βρανα mαραθωνα απομακρυνθειτε νεος μακρη,0.991,1,0,1,"[{'name': 'βρανα mαραθωνα', 'ner_label': 'LOC'}, {'name': 'νεα μακρη', 'ner_label': 'GPE'}]","[{'lat': 38.1219138, 'lon': 23.9466557, 'name': 'Αρχαιολογικό Μουσείο Μαραθώνα', 'osm_class': 'tourism', 'osm_type': 'museum', 'importance': 0.19938740066310082, 'ner_label': 'LOC', 'original_name': 'βρανα mαραθωνα'}, {'lat': 38.083049, 'lon': 23.97907, 'name': 'Νέα Μάκρη', 'osm_class': 'place', 'osm_type': 'town', 'importance': 0.1600602922102693, 'ner_label': 'GPE', 'original_name': 'νεα μακρη'}]"
2024-08-12 20:40:00+00:00,1823097122851602693,Real,Φωτιά στην Αττική: Στάχτη έγιναν πάνω από 100.000 στρέμματα   #φωτια #πυρκαγια #φωτιά #καπνός  #φωτιατωρα #φωτια_πεντελη #πυρκαγιά #Πεντέλη #Βαρναβας #Ραφηνα #Πεντέλη #Μαραθώνας  https://t.co/Hx1lfIDf6j,0,0,,,,Φωτιά στην Αττική: Στάχτη έγιναν πάνω από 100.000 στρέμματα #φωτια #πυρκαγια #φωτιά #καπνός #φωτιατωρα #φωτια_πεντελη #πυρκαγιά #Πεντέλη #Βαρναβας #Ραφηνα #Πεντέλη #Μαραθώνας,φωτια στην αττικη: σταχτη εγιναν πανω απο 100.000 στρεμματα #φωτια #πυρκαγια #φωτια #καπνος #φωτιατωρα #φωτια_πεντελη #πυρκαγια #πεντελη #βαρναβας #ραφηνα #πεντελη #μαραθωνας,φωτια αττικος σταχτη στρεμματο φωτια πυρκαγια φωτια καπνος φωτιατωρα φωτια πεντελη πυρκαγια πεντελη βαρναβας ραφηνα πεντελη μαραθωνας,0.977,1,1,1,"[{'name': 'αττικη', 'ner_label': 'GPE'}, {'name': 'πεντελη', 'ner_label': 'GPE'}, {'name': 'πεντελη βαρναβας ραφηνα πεντελη μαραθωνας', 'ner_label': 'GPE'}]","[{'lat': 37.9995238, 'lon': 23.7228379, 'name': 'Αττική', 'osm_class': 'railway', 'osm_type': 'station', 'importance': 0.37797476194049984, 'ner_label': 'GPE', 'original_name': 'αττικη'}, {'lat': 38.0505896, 'lon': 23.8614591, 'name': 'Πεντέλη', 'osm_class': 'place', 'osm_type': 'suburb', 'importance': 0.49026558458181707, 'ner_label': 'GPE', 'original_name': 'πεντελη'}]"
2024-08-12 20:40:39+00:00,1823097288362733936,Documento📰,Φωτιά στην Αττική: Εκκενώνεται και ο Βρανάς Μαραθώνα https://t.co/5m7on6FEgU,21,5,,,,Φωτιά στην Αττική: Εκκενώνεται και ο Βρανάς Μαραθώνα,φωτια στην αττικη: εκκενωνεται και ο βρανας μαραθωνα,φωτια αττικος εκκενωνεται βρανας μαραθωνας,0.99,1,0,1,"[{'name': 'αττικη', 'ner_label': 'GPE'}, {'name': 'βρανας μαραθωνα', 'ner_label': 'GPE'}]","[{'lat': 37.9995238, 'lon': 23.7228379, 'name': 'Αττική', 'osm_class': 'railway', 'osm_type': 'station', 'importance': 0.37797476194049984, 'ner_label': 'GPE', 'original_name': 'αττικη'}, {'lat': 38.1219138, 'lon': 23.9466557, 'name': 'Αρχαιολογικό Μουσείο Μαραθώνα', 'osm_class': 'tourism', 'osm_type': 'museum', 'importance': 0.19938740066310082, 'ner_label': 'GPE', 'original_name': 'βρανας μαραθωνα'}]"
2024-08-12 20:41:17+00:00,1823097446123118618,Excubitor 🇬🇷 ☦️,@GMacedonas Πήρε φωτιά το Καρατάσου στη Θεσσαλονίκη........ https://t.co/1cL3TD5L3h,2,3,,,,Πήρε φωτιά το Καρατάσου στη Θεσσαλονίκη...,πηρε φωτια το καρατασου στη θεσσαλονικη...,πηρε φωτια καρατασου θεσσαλονικη,0.97,1,0,0,"[{'name': 'καρατασου', 'ner_label': 'LOC'}, {'name': 'θεσσαλονικη', 'ner_label': 'GPE'}]","[{'lat': 40.6403167, 'lon': 22.9352716, 'name': 'Θεσσαλονίκη', 'osm_class': 'place', 'osm_type': 'city', 'importance': 0.7032802514986225, 'ner_label': 'GPE', 'original_name': 'θεσσαλονικη'}]"
2024-08-12 20:42:04+00:00,1823097644601799109,lawandorder.gr,Γλυφάδα: Συνελήφθησαν οι νεαροί που έβαλαν τη φωτιά στην Τερψιθέα https://t.co/holQTKWik6,2,1,,,,Γλυφάδα: Συνελήφθησαν οι νεαροί που έβαλαν τη φωτιά στην Τερψιθέα,γλυφαδα: συνεληφθησαν οι νεαροι που εβαλαν τη φωτια στην τερψιθεα,γλυφαδα συνεληφθησαν νεαρος εβαλαν φωτια τερψιθεα,0.363,1,0,0,"[{'name': 'γλυφαδα', 'ner_label': 'GPE'}, {'name': 'τερψιθεα', 'ner_label': 'GPE'}]","[{'lat': 37.8829987, 'lon': 23.767983, 'name': 'Δήμος Γλυφάδας', 'osm_class': 'boundary', 'osm_type': 'administrative', 'importance': 0.2853231881743613, 'ner_label': 'GPE', 'original_name': 'γλυφαδα'}, {'lat': 37.9018403, 'lon': 23.7709411, 'name': 'Τερψιθέα', 'osm_class': 'place', 'osm_type': 'neighbourhood', 'importance': 0.08008327382314791, 'ner_label': 'GPE', 'original_name': 'τερψιθεα'}]"
2024-08-12 20:44:02+00:00,1823098137474650454,Ελεύθερος Τύπος,#Φωτιά στην Αττική: Κανένα ενεργό μέτωπο - Ολονύχτια μάχη με τις αναζωπυρώσεις σε Μαραθώνα και Πεντέλη - Έχουν καεί πάνω από 100.000 στρέμματα https://t.co/AbJ3pVt62E,7,1,,,,#Φωτιά στην Αττική: Κανένα ενεργό μέτωπο - Ολονύχτια μάχη με τις αναζωπυρώσεις σε Μαραθώνα και Πεντέλη - Έχουν καεί πάνω από 100.000 στρέμματα,#φωτια στην αττικη: κανενα ενεργο μετωπο - ολονυχτια μαχη με τις αναζωπυρωσεις σε μαραθωνα και πεντελη - εχουν καει πανω απο 100.000 στρεμματα,φωτια αττικος ενεργος μετωπο ολονυχτια μαχη αναζωπυρωσεις μαραθωνας πεντελη καει στρεμματο,0.975,1,1,0,"[{'name': 'αττικη', 'ner_label': 'GPE'}, {'name': 'μαραθωνα', 'ner_label': 'GPE'}, {'name': 'πεντελη', 'ner_label': 'GPE'}]","[{'lat': 37.9995238, 'lon': 23.7228379, 'name': 'Αττική', 'osm_class': 'railway', 'osm_type': 'station', 'importance': 0.37797476194049984, 'ner_label': 'GPE', 'original_name': 'αττικη'}, {'lat': 38.1498866, 'lon': 24.0141843, 'name': 'Ολυμπιακό Κωπηλατοδρόμιο Σχινιά Μαραθώνα', 'osm_class': 'landuse', 'osm_type': 'recreation_ground', 'importance': 0.0800602922102693, 'ner_label': 'GPE', 'original_name': 'μαραθωνα'}, {'lat': 38.0505896, 'lon': 23.8614591, 'name': 'Πεντέλη', 'osm_class': 'place', 'osm_type': 'suburb', 'importance': 0.49026558458181707, 'ner_label': 'GPE', 'original_name': 'πεντελη'}]"
2024-08-12 20:44:09+00:00,1823098170148028547,Athens Voice,Φωτιά στην Αττική: Συγκλονιστικό βίντεο με αστυνομικούς να σώζουν σκύλο  #φωτια #Αττικη  https://t.co/3nDPypAs3Q,13,3,,,,Φωτιά στην Αττική: Συγκλονιστικό βίντεο με αστυνομικούς να σώζουν σκύλο #φωτια #Αττικη,φωτια στην αττικη: συγκλονιστικο βιντεο με αστυνομικους να σωζουν σκυλο #φωτια #αττικη,φωτια αττικος συγκλονιστικο βιντεο αστυνομικος σωζω σκυλο φωτια αττικη,0.645,1,0,0,"[{'name': 'αττικη', 'ner_label': 'GPE'}]","[{'lat': 37.9995238, 'lon': 23.7228379, 'name': 'Αττική', 'osm_class': 'railway', 'osm_type': 'station', 'importance': 0.37797476194049984, 'ner_label': 'GPE', 'original_name': 'αττικη'}]"
2024-08-12 20:44:14+00:00,1823098187827106273,iefimerida,Φωτιά στην Τερψιθέα Γλυφάδας: Συνελήφθησαν νεαροί που έβαλαν τη φωτιά https://t.co/VV8EvmYVNL,5,1,,,,Φωτιά στην Τερψιθέα Γλυφάδας: Συνελήφθησαν νεαροί που έβαλαν τη φωτιά,φωτια στην τερψιθεα γλυφαδας: συνεληφθησαν νεαροι που εβαλαν τη φωτια,φωτια τερψιθεα γλυφαδα συνεληφθησαν νεαρος εβαλαν φωτια,0.94,1,0,0,"[{'name': 'τερψιθεα γλυφαδας', 'ner_label': 'GPE'}]","[{'lat': 37.9018403, 'lon': 23.7709411, 'name': 'Τερψιθέα', 'osm_class': 'place', 'osm_type': 'neighbourhood', 'importance': 0.08008327382314791, 'ner_label': 'GPE', 'original_name': 'τερψιθεα γλυφαδας'}]"
2024-08-12 20:44:28+00:00,1823098248564974075,newsbomb.gr,Φωτιά στην Τερψιθέα Γλυφάδας: Συνελήφθησαν νεαροί που έβαλαν την πυρκαγιά https://t.co/LMax8dsyjk,31,27,,,,Φωτιά στην Τερψιθέα Γλυφάδας: Συνελήφθησαν νεαροί που έβαλαν την πυρκαγιά,φωτια στην τερψιθεα γλυφαδας: συνεληφθησαν νεαροι που εβαλαν την πυρκαγια,φωτια τερψιθεα γλυφαδα συνεληφθησαν νεαρος εβαλαν πυρκαγια,0.904,1,0,0,"[{'name': 'τερψιθεα γλυφαδας', 'ner_label': 'GPE'}]","[{'lat': 37.9018403, 'lon': 23.7709411, 'name': 'Τερψιθέα', 'osm_class': 'place', 'osm_type': 'neighbourhood', 'importance': 0.08008327382314791, 'ner_label': 'GPE', 'original_name': 'τερψιθεα γλυφαδας'}]"
2024-08-12 20:44:35+00:00,1823098278101098595,Speedynews.gr,Φωτιά στην Αττική / Χωρίς καταβολή διοδίων στην Αττική Οδό - https://t.co/YPJpErP4iU,0,0,,,,Φωτιά στην Αττική / Χωρίς καταβολή διοδίων στην Αττική Οδό -,φωτια στην αττικη / χωρις καταβολη διοδιων στην αττικη οδο -,φωτια αττικος καταβολη διοδιος αττικος οδο,0.985,1,0,1,"[{'name': 'αττικη', 'ner_label': 'GPE'}, {'name': 'αττικη οδο', 'ner_label': 'FAC'}]","[{'lat': 37.9995238, 'lon': 23.7228379, 'name': 'Αττική', 'osm_class': 'railway', 'osm_type': 'station', 'importance': 0.37797476194049984, 'ner_label': 'GPE', 'original_name': 'αττικη'}]"
2024-08-12 20:46:24+00:00,1823098733925408772,Voice News,Φωτιά στην Αττική – Νέο 112 σε Βρανά Μαραθώνα – «Απομακρυνθείτε προς Νέα Μάκρη» https://t.co/9UaOQ1VKBU #Αττικη #φωτια #Μαραθωνας #Νεα_Μακρη https://t.co/kCFYxYzVI5,2,2,,,,Φωτιά στην Αττική – Νέο 112 σε Βρανά Μαραθώνα – «Απομακρυνθείτε προς Νέα Μάκρη» #Αττικη #φωτια #Μαραθωνας #Νεα_Μακρη,φωτια στην αττικη – νεο 112 σε βρανα μαραθωνα – «απομακρυνθειτε προς νεα μακρη» #αττικη #φωτια #μαραθωνας #νεα_μακρη,φωτια αττικος νεος βρανα μαραθωνα απομακρυνθειτε νεος μακρη αττικη φωτια μαραθωνας νεα μακρη,0.989,1,0,1,"[{'name': 'αττικη', 'ner_label': 'GPE'}, {'name': 'βρανα μαραθωνα', 'ner_label': 'GPE'}, {'name': 'νεα μακρη', 'ner_label': 'GPE'}, {'name': 'μαραθωνας', 'ner_label': 'GPE'}, {'name': 'μακρη', 'ner_label': 'GPE'}]","[{'lat': 37.9995238, 'lon': 23.7228379, 'name': 'Αττική', 'osm_class': 'railway', 'osm_type': 'station', 'importance': 0.37797476194049984, 'ner_label': 'GPE', 'original_name': 'αττικη'}, {'lat': 38.1219138, 'lon': 23.9466557, 'name': 'Αρχαιολογικό Μουσείο Μαραθώνα', 'osm_class': 'tourism', 'osm_type': 'museum', 'importance': 0.19938740066310082, 'ner_label': 'GPE', 'original_name': 'βρανα μαραθωνα'}, {'lat': 38.083049, 'lon': 23.97907, 'name': 'Νέα Μάκρη', 'osm_class': 'place', 'osm_type': 'town', 'importance': 0.1600602922102693, 'ner_label': 'GPE', 'original_name': 'νεα μακρη'}, {'lat': 38.1498866, 'lon': 24.0141843, 'name': 'Ολυμπιακό Κωπηλατοδρόμιο Σχινιά Μαραθώνα', 'osm_class': 'landuse', 'osm_type': 'recreation_ground', 'importance': 0.0800602922102693, 'ner_label': 'GPE', 'original_name': 'μαραθωνας'}, {'lat': 38.3602465, 'lon': 21.0335783, 'name': 'Μάκρη', 'osm_class': 'place', 'osm_type': 'island', 'importance': 0.3552828743550627, 'ner_label': 'GPE', 'original_name': 'μακρη'}]"
2024-08-12 20:48:05+00:00,1823099159664320675,newshub.gr,Γλυφάδα: Συνελήφθησαν 2 νεαροί για την φωτιά στην Τερψιθέα https://t.co/r52etEIEeK 👈 κλικ εδώ #newshubgr #crete #ellada #εξελίξεις #νέα https://t.co/GVJ5u9YxSc,0,1,,,,Γλυφάδα: Συνελήφθησαν 2 νεαροί για την φωτιά στην Τερψιθέα κλικ εδώ #newshubgr #crete #ellada #εξελίξεις #νέα,γλυφαδα: συνεληφθησαν 2 νεαροι για την φωτια στην τερψιθεα κλικ εδω #newshubgr #crete #ellada #εξελιξεις #νεα,γλυφαδα συνεληφθησαν νεαρος φωτια τερψιθεα κλικ newshubgr crete ellada εξελιξη νεος,0.319,1,0,0,"[{'name': 'γλυφαδα', 'ner_label': 'GPE'}, {'name': 'τερψιθεα', 'ner_label': 'GPE'}]","[{'lat': 37.8829987, 'lon': 23.767983, 'name': 'Δήμος Γλυφάδας', 'osm_class': 'boundary', 'osm_type': 'administrative', 'importance': 0.2853231881743613, 'ner_label': 'GPE', 'original_name': 'γλυφαδα'}, {'lat': 37.9018403, 'lon': 23.7709411, 'name': 'Τερψιθέα', 'osm_class': 'place', 'osm_type': 'neighbourhood', 'importance': 0.08008327382314791, 'ner_label': 'GPE', 'original_name': 'τερψιθεα'}]"
2024-08-12 20:48:11+00:00,1823099184834101550,Dimitris Raptis,Φωτιά στην Τερψιθέα Γλυφάδας: Συνελήφθησαν νεαροί που έβαλαν τη φωτιά  https://t.co/2bvRwooijz,5,0,,,,Φωτιά στην Τερψιθέα Γλυφάδας: Συνελήφθησαν νεαροί που έβαλαν τη φωτιά,φωτια στην τερψιθεα γλυφαδας: συνεληφθησαν νεαροι που εβαλαν τη φωτια,φωτια τερψιθεα γλυφαδα συνεληφθησαν νεαρος εβαλαν φωτια,0.94,1,0,0,"[{'name': 'τερψιθεα γλυφαδας', 'ner_label': 'GPE'}]","[{'lat': 37.9018403, 'lon': 23.7709411, 'name': 'Τερψιθέα', 'osm_class': 'place', 'osm_type': 'neighbourhood', 'importance': 0.08008327382314791, 'ner_label': 'GPE', 'original_name': 'τερψιθεα γλυφαδας'}]"
2024-08-12 20:48:37+00:00,1823099293558882459,🏆illiterate🏆,#φωτιά #πυρκαγια   Όταν φτάσει η φωτιά στο Μέγαρο Μαξίμου https://t.co/oHp3TXAhec,34,3,,,,#φωτιά #πυρκαγια Όταν φτάσει η φωτιά στο Μέγαρο Μαξίμου,#φωτια #πυρκαγια οταν φτασει η φωτια στο μεγαρο μαξιμου,φωτια πυρκαγια φτανω φωτια μεγαρο μαξιμου,0.968,1,0,0,"[{'name': 'μεγαρο μαξιμου', 'ner_label': 'FAC'}]","[{'lat': 37.9734876, 'lon': 23.7407074, 'name': 'Μέγαρο Μαξίμου', 'osm_class': 'office', 'osm_type': 'government', 'importance': 8.327382314789071e-05, 'ner_label': 'FAC', 'original_name': 'μεγαρο μαξιμου'}]"
2024-08-12 20:48:38+00:00,1823099297409425416,Η ΑΥΓΗ,#Φωτιά στην Αττική: Ο #Κασσελάκης διέθεσε όχημα σε κατοίκους - «Τα αυτοκίνητά μας ανήκουν στον ελληνικό λαό» https://t.co/1XAk6FLh2J,136,28,,,,#Φωτιά στην Αττική: Ο #Κασσελάκης διέθεσε όχημα σε κατοίκους - «Τα αυτοκίνητά μας ανήκουν στον ελληνικό λαό»,#φωτια στην αττικη: ο #κασσελακης διεθεσε οχημα σε κατοικους - «τα αυτοκινητα μας ανηκουν στον ελληνικο λαο»,φωτια αττικος κασσελακης διεθεσε οχημα κατοικος αυτοκινη ανηκω ελληνικος λαος,0.37,1,0,1,"[{'name': 'αττικη', 'ner_label': 'GPE'}]","[{'lat': 37.9995238, 'lon': 23.7228379, 'name': 'Αττική', 'osm_class': 'railway', 'osm_type': 'station', 'importance': 0.37797476194049984, 'ner_label': 'GPE', 'original_name': 'αττικη'}]"
2024-08-12 20:48:58+00:00,1823099380091482598,Χιονιτσα,Φωτιά τώρα στην Θεσσαλονίκη δυτικά απ'ότι διακρίνω είναι κοντά στον περιφερειακό προς 424 ξέρει κανείς τι καίγεται; φαίνεται μεγάλη,13,7,,,,Φωτιά τώρα στην Θεσσαλονίκη δυτικά απ'ότι διακρίνω είναι κοντά στον περιφερειακό προς 424 ξέρει κανείς τι καίγεται; φαίνεται μεγάλη,φωτια τωρα στην θεσσαλονικη δυτικα απ'οτι διακρινω ειναι κοντα στον περιφερειακο προς 424 ξερει κανεις τι καιγεται; φαινεται μεγαλη,φωτια θεσσαλονικη δυτικα απο διακρινω περιφερειακος ξερω καιω φαινομαι μεγαλος,0.958,1,0,0,"[{'name': 'θεσσαλονικη', 'ner_label': 'GPE'}]","[{'lat': 40.6403167, 'lon': 22.9352716, 'name': 'Θεσσαλονίκη', 'osm_class': 'place', 'osm_type': 'city', 'importance': 0.7032802514986225, 'ner_label': 'GPE', 'original_name': 'θεσσαλονικη'}]"
2024-08-12 20:49:42+00:00,1823099566738075894,Nikos Nikoletakis,Από τις πιο συγκλονιστικές φωτό από την #φωτια. Πηγή REUTERS/Stelios Misinas #πυρκαγιας #φωτιες #Φωτια_τωρα https://t.co/F9Mrmn0VHq,95,21,,,,Από τις πιο συγκλονιστικές φωτό από την #φωτια. Πηγή REUTERS/Stelios Misinas #πυρκαγιας #φωτιες #Φωτια_τωρα,απο τις πιο συγκλονιστικες φωτο απο την #φωτια. πηγη reuters/stelios misinas #πυρκαγιας #φωτιες #φωτια_τωρα,συγκλονιστικος φωτο φωτια πηγη reuters stelios misinas πυρκαγιας φωτιες φωτια τωρα,0.3,1,0,0,[],[]
2024-08-12 20:50:00+00:00,1823099639551406183,Real,Φωτιά στην Αττική: Καίγεται εργοστάσιο ξυλείας στον Γέρακα – ΒΙΝΤΕΟ  #εργοστάσιο #ξυλεία #φωτια #πυρκαγια #φωτιά #καπνός  #φωτιατωρα #φωτια_πεντελη #πυρκαγιά #Πεντέλη #Βαρναβας #Ραφηνα #Πεντέλη #Μαραθώνας   https://t.co/xarKJIgrhw,1,1,,,,Φωτιά στην Αττική: Καίγεται εργοστάσιο ξυλείας στον Γέρακα – ΒΙΝΤΕΟ #εργοστάσιο #ξυλεία #φωτια #πυρκαγια #φωτιά #καπνός #φωτιατωρα #φωτια_πεντελη #πυρκαγιά #Πεντέλη #Βαρναβας #Ραφηνα #Πεντέλη #Μαραθώνας,φωτια στην αττικη: καιγεται εργοστασιο ξυλειας στον γερακα – βιντεο #εργοστασιο #ξυλεια #φωτια #πυρκαγια #φωτια #καπνος #φωτιατωρα #φωτια_πεντελη #πυρκαγια #πεντελη #βαρναβας #ραφηνα #πεντελη #μαραθωνας,φωτια αττικος καιω εργοστασιο ξυλεια γερακα βιντεο εργοστασιο ξυλεια φωτια πυρκαγια φωτια καπνος φωτιατωρα φωτια πεντελη πυρκαγια πεντελη βαρναβας ραφηνα πεντελη μαραθωνας,0.984,1,0,1,"[{'name': 'αττικη', 'ner_label': 'GPE'}, {'name': 'γερακα', 'ner_label': 'GPE'}, {'name': 'πεντελη', 'ner_label': 'GPE'}, {'name': 'πεντελη βαρναβας ραφηνα πεντελη μαραθωνας', 'ner_label': 'GPE'}]","[{'lat': 37.9995238, 'lon': 23.7228379, 'name': 'Αττική', 'osm_class': 'railway', 'osm_type': 'station', 'importance': 0.37797476194049984, 'ner_label': 'GPE', 'original_name': 'αττικη'}, {'lat': 38.0505896, 'lon': 23.8614591, 'name': 'Πεντέλη', 'osm_class': 'place', 'osm_type': 'suburb', 'importance': 0.49026558458181707, 'ner_label': 'GPE', 'original_name': 'πεντελη'}]"
2024-08-12 20:50:00+00:00,1823099641422110833,✩ ʀᴀꜰ 🪐 LOUIS ✩,@chionitsa69035 Έχει φωτια στο στρατόπεδο κατατασου,1,0,,,,Έχει φωτια στο στρατόπεδο κατατασου,εχει φωτια στο στρατοπεδο κατατασου,φωτια στρατοπεδο κατατασος,0.925,1,0,1,"[{'name': 'στρατοπεδο κατατασου', 'ner_label': 'FAC'}]",[]
2024-08-12 20:50:33+00:00,1823099780148629535,Zougla.gr,"Πυρκαγιά στην Αττική: Νέες ενισχύσεις από Σερβία, Ρουμανία και Τουρκία https://t.co/tJVDUHiaHQ",1,0,,,,"Πυρκαγιά στην Αττική: Νέες ενισχύσεις από Σερβία, Ρουμανία και Τουρκία","πυρκαγια στην αττικη: νεες ενισχυσεις απο σερβια, ρουμανια και τουρκια",πυρκαγια αττικος νεες ενισχυση σερβια ρουμανια τουρκια,0.971,1,0,0,"[{'name': 'αττικη', 'ner_label': 'GPE'}, {'name': 'σερβια', 'ner_label': 'GPE'}, {'name': 'ρουμανια', 'ner_label': 'GPE'}, {'name': 'τουρκια', 'ner_label': 'GPE'}]","[{'lat': 37.9995238, 'lon': 23.7228379, 'name': 'Αττική', 'osm_class': 'railway', 'osm_type': 'station', 'importance': 0.37797476194049984, 'ner_label': 'GPE', 'original_name': 'αττικη'}, {'lat': 40.1846282, 'lon': 21.9990312, 'name': 'Σέρβια', 'osm_class': 'place', 'osm_type': 'town', 'importance': 0.16005593881132218, 'ner_label': 'GPE', 'original_name': 'σερβια'}, {'lat': 39.2437221, 'lon': 20.996481, 'name': 'Ρουμάνια', 'osm_class': 'place', 'osm_type': 'hamlet', 'importance': 0.13339319371328295, 'ner_label': 'GPE', 'original_name': 'ρουμανια'}]"
2024-08-12 20:50:56+00:00,1823099875354923487,ΑΘΛΟΣ | athlosnews.gr,Γλυφάδα: Συνελήφθησαν δύο νεαροί που φέρεται να έβαλαν τη φωτιά στην Τερψιθέα https://t.co/H1XqIP9lhS,2,0,,,,Γλυφάδα: Συνελήφθησαν δύο νεαροί που φέρεται να έβαλαν τη φωτιά στην Τερψιθέα,γλυφαδα: συνεληφθησαν δυο νεαροι που φερεται να εβαλαν τη φωτια στην τερψιθεα,γλυφαδα συνεληφθησαν δυο νεαρος φερω εβαλαν φωτια τερψιθεα,0.3,1,0,0,"[{'name': 'γλυφαδα', 'ner_label': 'GPE'}, {'name': 'τερψιθεα', 'ner_label': 'GPE'}]","[{'lat': 37.8829987, 'lon': 23.767983, 'name': 'Δήμος Γλυφάδας', 'osm_class': 'boundary', 'osm_type': 'administrative', 'importance': 0.2853231881743613, 'ner_label': 'GPE', 'original_name': 'γλυφαδα'}, {'lat': 37.9018403, 'lon': 23.7709411, 'name': 'Τερψιθέα', 'osm_class': 'place', 'osm_type': 'neighbourhood', 'importance': 0.08008327382314791, 'ner_label': 'GPE', 'original_name': 'τερψιθεα'}]"
2024-08-12 20:51:08+00:00,1823099923631649236,CoCo_Mar 🌴,#φωτια ελάτε μωρέ τώρα.. δύσβατη περιοχή το Χαλάνδρι κι ο Γέρακας πως να σβήσει η φωτιά;! Δεν καταλαβαίνετε τίποτα,5,0,,,,#φωτια ελάτε μωρέ τώρα... δύσβατη περιοχή το Χαλάνδρι κι ο Γέρακας πως να σβήσει η φωτιά!; Δεν καταλαβαίνετε τίποτα,#φωτια ελατε μωρε τωρα... δυσβατη περιοχη το χαλανδρι κι ο γερακας πως να σβησει η φωτια!; δεν καταλαβαινετε τιποτα,φωτια ελατε μωρε δυσβατος περιοχη χαλανδρι και γερακας σβησει φωτια καταλαβαινω,0.529,1,0,0,"[{'name': 'χαλανδρι', 'ner_label': 'GPE'}, {'name': 'γερακας', 'ner_label': 'GPE'}]","[{'lat': 38.0217116, 'lon': 23.8207549, 'name': 'Χαλάνδρι', 'osm_class': 'railway', 'osm_type': 'station', 'importance': 0.3446563915113022, 'ner_label': 'GPE', 'original_name': 'χαλανδρι'}, {'lat': 38.0249177, 'lon': 23.8544753, 'name': 'Δημοτική Ενότητα Γέρακα', 'osm_class': 'boundary', 'osm_type': 'administrative', 'importance': 0.18674994048981455, 'ner_label': 'GPE', 'original_name': 'γερακας'}]"
2024-08-12 20:51:13+00:00,1823099946758820312,Peros,@chionitsa69035 Το στρατόπεδο Καρατάσιου. Τώρα καταφθάνει η πυροσβεστική,1,0,,,,Το στρατόπεδο Καρατάσιου. Τώρα καταφθάνει η πυροσβεστική,το στρατοπεδο καρατασιου. τωρα καταφθανει η πυροσβεστικη,στρατοπεδο καρατασιος καταφθανω πυροσβεστικος,0.499,1,0,1,"[{'name': 'στρατοπεδο καρατασιου', 'ner_label': 'FAC'}]",[]
2024-08-12 20:52:40+00:00,1823100309608022307,Protothema.gr,"Φωτιά στην Αττική: Εξασθενημένοι οι άνεμοι τη νύχτα, μάχη με επίγειες δυνάμεις - «Προσοχή τα ξημερώματα» λέει ο Κολυδάς https://t.co/f0xXtgYrs4",2,0,,,,"Φωτιά στην Αττική: Εξασθενημένοι οι άνεμοι τη νύχτα, μάχη με επίγειες δυνάμεις - «Προσοχή τα ξημερώματα» λέει ο Κολυδάς","φωτια στην αττικη: εξασθενημενοι οι ανεμοι τη νυχτα, μαχη με επιγειες δυναμεις - «προσοχη τα ξημερωματα» λεει ο κολυδας",φωτια αττικος εξασθενημενοι ανεμος νυχτα μαχη επιγειος δυναμη προσοχη ξημερωματα λεει κολυδας,0.924,1,0,0,"[{'name': 'αττικη', 'ner_label': 'GPE'}]","[{'lat': 37.9995238, 'lon': 23.7228379, 'name': 'Αττική', 'osm_class': 'railway', 'osm_type': 'station', 'importance': 0.37797476194049984, 'ner_label': 'GPE', 'original_name': 'αττικη'}]"
2024-08-12 20:53:53+00:00,1823100618254213165,BankingNews.gr,Φωτιά στην #Τερψιθεα  #Γλυφάδας: #Συνελήφθησαν οι νεαροί που έβαλαν την #πυρκαγιά https://t.co/SyqLYx4zTH via @bankingnewsgr,1,0,,,,Φωτιά στην #Τερψιθεα #Γλυφάδας: #Συνελήφθησαν οι νεαροί που έβαλαν την #πυρκαγιά via,φωτια στην #τερψιθεα #γλυφαδας: #συνεληφθησαν οι νεαροι που εβαλαν την #πυρκαγια via,φωτια τερψιθεα γλυφαδα συνεληφθησαν νεαρος εβαλαν πυρκαγια via,0.965,1,0,0,"[{'name': 'τερψιθεα γλυφαδας', 'ner_label': 'GPE'}]","[{'lat': 37.9018403, 'lon': 23.7709411, 'name': 'Τερψιθέα', 'osm_class': 'place', 'osm_type': 'neighbourhood', 'importance': 0.08008327382314791, 'ner_label': 'GPE', 'original_name': 'τερψιθεα γλυφαδας'}]"
2024-08-12 20:53:59+00:00,1823100641947918418,enikos.gr,Συναγερμός στην Θεσσαλονίκη: Φωτιά στο πρώην στρατόπεδο Καρατάσιου – ΦΩΤΟ και ΒΙΝΤΕΟ https://t.co/dGZt5LY1R1,13,7,,,,Συναγερμός στην Θεσσαλονίκη: Φωτιά στο πρώην στρατόπεδο Καρατάσιου – ΦΩΤΟ και ΒΙΝΤΕΟ,συναγερμος στην θεσσαλονικη: φωτια στο πρωην στρατοπεδο καρατασιου – φωτο και βιντεο,συναγερμος θεσσαλονικη φωτια πρωην στρατοπεδο καρατασιου φωτο βιντεο,0.988,1,0,1,"[{'name': 'θεσσαλονικη', 'ner_label': 'GPE'}, {'name': 'στρατοπεδο καρατασιου', 'ner_label': 'FAC'}]","[{'lat': 40.6403167, 'lon': 22.9352716, 'name': 'Θεσσαλονίκη', 'osm_class': 'place', 'osm_type': 'city', 'importance': 0.7032802514986225, 'ner_label': 'GPE', 'original_name': 'θεσσαλονικη'}]"
2024-08-12 20:54:09+00:00,1823100684893294863,enikos.gr,"Δύο προσαγωγές για τη φωτιά στη Γλυφάδα – «Εθεάθησαν “επί το έργον”, κυνηγήθηκαν από κατοίκους» https://t.co/xLdOZW2k4y",10,4,,,,"Δύο προσαγωγές για τη φωτιά στη Γλυφάδα – «Εθεάθησαν “επί το έργον”, κυνηγήθηκαν από κατοίκους»","δυο προσαγωγες για τη φωτια στη γλυφαδα – «εθεαθησαν “επι το εργον”, κυνηγηθηκαν απο κατοικους»",δυο προσαγωγη φωτια γλυφαδα εθεαθησαν εργον κυνηγηθηκαν κατοικος,0.405,1,0,1,"[{'name': 'γλυφαδα', 'ner_label': 'GPE'}]","[{'lat': 37.8829987, 'lon': 23.767983, 'name': 'Δήμος Γλυφάδας', 'osm_class': 'boundary', 'osm_type': 'administrative', 'importance': 0.2853231881743613, 'ner_label': 'GPE', 'original_name': 'γλυφαδα'}]"
2024-08-12 20:54:11+00:00,1823100694024372567,Bizznews.gr,"Δύο προσαγωγές για τη φωτιά στη Γλυφάδα – «Εθεάθησαν “επί το έργον”, κυνηγήθηκαν από κατοίκους» -  https://t.co/YaeexOXgTk",0,0,,,,"Δύο προσαγωγές για τη φωτιά στη Γλυφάδα – «Εθεάθησαν “επί το έργον”, κυνηγήθηκαν από κατοίκους» -","δυο προσαγωγες για τη φωτια στη γλυφαδα – «εθεαθησαν “επι το εργον”, κυνηγηθηκαν απο κατοικους» -",δυο προσαγωγη φωτια γλυφαδα εθεαθησαν εργον κυνηγηθηκαν κατοικος,0.549,1,0,1,"[{'name': 'γλυφαδα', 'ner_label': 'GPE'}]","[{'lat': 37.8829987, 'lon': 23.767983, 'name': 'Δήμος Γλυφάδας', 'osm_class': 'boundary', 'osm_type': 'administrative', 'importance': 0.2853231881743613, 'ner_label': 'GPE', 'original_name': 'γλυφαδα'}]"
2024-08-12 20:55:49+00:00,1823101103489360305,Real,Σε εξέλιξη φωτιά στη Τζια  #Τζια #φωτιά   https://t.co/M6qaBNNtn7,0,1,,,,Σε εξέλιξη φωτιά στη Τζια #Τζια #φωτιά,σε εξελιξη φωτια στη τζια #τζια #φωτια,εξελιξη φωτια τζια τζια φωτια,0.992,1,0,0,"[{'name': 'τζια τζια', 'ner_label': 'GPE'}]","[{'lat': 37.6048603, 'lon': 24.3274958, 'name': 'Κέα', 'osm_class': 'place', 'osm_type': 'island', 'importance': 0.5157706553212107, 'ner_label': 'GPE', 'original_name': 'τζια τζια'}]"
2024-08-12 20:56:15+00:00,1823101214298353855,GR TIMES,#Θεσσαλονίκη: #Φωτιά στο Στρατόπεδο Καρατάσιου-Επί τόπου η Πυροσβεστική https://t.co/KR4cc71ZSR,1,0,,,,#Θεσσαλονίκη: #Φωτιά στο Στρατόπεδο Καρατάσιου-Επί τόπου η Πυροσβεστική,#θεσσαλονικη: #φωτια στο στρατοπεδο καρατασιου-επι τοπου η πυροσβεστικη,θεσσαλονικη φωτια στρατοπεδο καρατασιου επι τοπου πυροσβεστικη,0.987,1,0,1,"[{'name': 'θεσσαλονικη', 'ner_label': 'GPE'}, {'name': 'στρατοπεδο καρατασιου', 'ner_label': 'FAC'}]","[{'lat': 40.6403167, 'lon': 22.9352716, 'name': 'Θεσσαλονίκη', 'osm_class': 'place', 'osm_type': 'city', 'importance': 0.7032802514986225, 'ner_label': 'GPE', 'original_name': 'θεσσαλονικη'}]"
2024-08-12 20:56:49+00:00,1823101357810766136,✩ ʀᴀꜰ 🪐 LOUIS ✩,@fraoula2141 Έχει φωτιά στο στρατόπεδο καρατασου 😞,1,1,,,,Έχει φωτιά στο στρατόπεδο καρατασου,εχει φωτια στο στρατοπεδο καρατασου,φωτια στρατοπεδο καρατασου,0.976,1,0,1,"[{'name': 'στρατοπεδο καρατασου', 'ner_label': 'FAC'}]",[]
2024-08-12 20:57:21+00:00,1823101492150104229,ΑΘΛΟΣ | athlosnews.gr,"Φωτιά στην Αττική: Εξασθενημένοι οι άνεμοι τη νύχτα, μάχη με επίγειες δυνάμεις https://t.co/G0O4u78ooi",0,0,,,,"Φωτιά στην Αττική: Εξασθενημένοι οι άνεμοι τη νύχτα, μάχη με επίγειες δυνάμεις","φωτια στην αττικη: εξασθενημενοι οι ανεμοι τη νυχτα, μαχη με επιγειες δυναμεις",φωτια αττικος εξασθενημενοι ανεμος νυχτα μαχη επιγειος δυναμη,0.972,1,0,0,"[{'name': 'αττικη', 'ner_label': 'GPE'}]","[{'lat': 37.9995238, 'lon': 23.7228379, 'name': 'Αττική', 'osm_class': 'railway', 'osm_type': 'station', 'importance': 0.37797476194049984, 'ner_label': 'GPE', 'original_name': 'αττικη'}]"
2024-08-12 20:57:45+00:00,1823101591488274628,alex,Φωτιά στο στρατοπέδου Καρατασου στη Θεσσαλονίκη; Είναι μέσα στον αστικό ιστό.,11,8,,,,Φωτιά στο στρατοπέδου Καρατασου στη Θεσσαλονίκη; Είναι μέσα στον αστικό ιστό.,φωτια στο στρατοπεδου καρατασου στη θεσσαλονικη; ειναι μεσα στον αστικο ιστο.,φωτια στρατοπεδου καρατασου θεσσαλονικη αστικος ιστος,0.984,1,0,1,"[{'name': 'στρατοπεδου καρατασου', 'ner_label': 'FAC'}, {'name': 'θεσσαλονικη', 'ner_label': 'GPE'}]","[{'lat': 40.6403167, 'lon': 22.9352716, 'name': 'Θεσσαλονίκη', 'osm_class': 'place', 'osm_type': 'city', 'importance': 0.7032802514986225, 'ner_label': 'GPE', 'original_name': 'θεσσαλονικη'}]"
2024-08-12 20:58:45+00:00,1823101840730316869,Aggelos Chorianopoulos 𝕏,🚨Έκτακτο SPACE με δίκη σας συμμετοχή. Καίγεται η Αθήνα - Φωτιά σε Πεντέλη Βριλήσσια και Γλυφαδα,13,4,,,,Έκτακτο SPACE με δίκη σας συμμετοχή. Καίγεται η Αθήνα - Φωτιά σε Πεντέλη Βριλήσσια και Γλυφαδα,εκτακτο space με δικη σας συμμετοχη. καιγεται η αθηνα - φωτια σε πεντελη βριλησσια και γλυφαδα,εκτακτο space δικη συμμετοχη καιγεται αθηνα φωτια πεντελη βριλησσια γλυφαδα,0.968,1,0,1,"[{'name': 'αθηνα', 'ner_label': 'GPE'}, {'name': 'πεντελη βριλησσια', 'ner_label': 'GPE'}, {'name': 'γλυφαδα', 'ner_label': 'GPE'}]","[{'lat': 37.9755648, 'lon': 23.7348324, 'name': 'Αθήνα', 'osm_class': 'place', 'osm_type': 'city', 'importance': 0.7869062105765003, 'ner_label': 'GPE', 'original_name': 'αθηνα'}, {'lat': 37.8829987, 'lon': 23.767983, 'name': 'Δήμος Γλυφάδας', 'osm_class': 'boundary', 'osm_type': 'administrative', 'importance': 0.2853231881743613, 'ner_label': 'GPE', 'original_name': 'γλυφαδα'}]"
2024-08-12 20:59:07+00:00,1823101933629911251,thesstoday,Συναγερμός στη Θεσσαλονίκη: Φωτιά στο στρατόπεδο Καρατάσιου (ΦΩΤΟ-VIDEO) https://t.co/8s0gozHUhU μέσω @Thesstoday,3,0,,,,Συναγερμός στη Θεσσαλονίκη: Φωτιά στο στρατόπεδο Καρατάσιου (ΦΩΤΟ-VIDEO) μέσω,συναγερμος στη θεσσαλονικη: φωτια στο στρατοπεδο καρατασιου (φωτο-video) μεσω,συναγερμος θεσσαλονικη φωτια στρατοπεδο καρατασιου φωτο video,0.989,1,0,1,"[{'name': 'θεσσαλονικη', 'ner_label': 'GPE'}, {'name': 'στρατοπεδο καρατασιου', 'ner_label': 'FAC'}]","[{'lat': 40.6403167, 'lon': 22.9352716, 'name': 'Θεσσαλονίκη', 'osm_class': 'place', 'osm_type': 'city', 'importance': 0.7032802514986225, 'ner_label': 'GPE', 'original_name': 'θεσσαλονικη'}]"
2024-08-12 21:00:00+00:00,1823102157807120673,ELgr,"«Η πυρκαγιά πέρασε στον αστικό ιστό» βόρεια της Αθήνας: Καίγονται σπίτια και επιχειρήσεις, vid https://t.co/onqeDoc7Ot",5,1,,,,"«Η πυρκαγιά πέρασε στον αστικό ιστό» βόρεια της Αθήνας: Καίγονται σπίτια και επιχειρήσεις, vid","«η πυρκαγια περασε στον αστικο ιστο» βορεια της αθηνας: καιγονται σπιτια και επιχειρησεις, vid",πυρκαγια περασε αστικος ιστος βορεια αθηνα καιγονται σπιτι επιχειρηση vid,0.875,1,0,1,"[{'name': 'αθηνας', 'ner_label': 'GPE'}]","[{'lat': 37.9755648, 'lon': 23.7348324, 'name': 'Αθήνα', 'osm_class': 'place', 'osm_type': 'city', 'importance': 0.7869062105765003, 'ner_label': 'GPE', 'original_name': 'αθηνας'}]"
2024-08-12 21:00:55+00:00,1823102387600462193,GR TIMES,Δύο #συλλήψεις για την πυρκαγιά στην Τερψιθέα Άνω Γλυφάδας https://t.co/yur9NFOu6O,0,0,,,,Δύο #συλλήψεις για την πυρκαγιά στην Τερψιθέα Άνω Γλυφάδας,δυο #συλληψεις για την πυρκαγια στην τερψιθεα ανω γλυφαδας,δυο συλληψεις πυρκαγια τερψιθεα γλυφαδα,0.724,1,0,0,"[{'name': 'τερψιθεα ανω γλυφαδας', 'ner_label': 'GPE'}]","[{'lat': 37.9018403, 'lon': 23.7709411, 'name': 'Τερψιθέα', 'osm_class': 'place', 'osm_type': 'neighbourhood', 'importance': 0.08008327382314791, 'ner_label': 'GPE', 'original_name': 'τερψιθεα ανω γλυφαδας'}]"
2024-08-12 21:00:58+00:00,1823102399256355221,αfro ksil,Οριοθετήθηκε η φωτιά στην Άνω Γλυφάδα – Συνελήφθησαν δύο νεαροί για εμπρησμό https://t.co/587InFGfkZ,2,0,,,,Οριοθετήθηκε η φωτιά στην Άνω Γλυφάδα – Συνελήφθησαν δύο νεαροί για εμπρησμό,οριοθετηθηκε η φωτια στην ανω γλυφαδα – συνεληφθησαν δυο νεαροι για εμπρησμο,οριοθετηθηκε φωτια γλυφαδα συνεληφθησαν δυο νεαρος εμπρησμος,0.89,1,0,1,"[{'name': 'ανω γλυφαδα', 'ner_label': 'GPE'}]","[{'lat': 37.8814649, 'lon': 23.7656896, 'name': 'Άνω Γλυφάδα', 'osm_class': 'place', 'osm_type': 'quarter', 'importance': 0.13341660715648124, 'ner_label': 'GPE', 'original_name': 'ανω γλυφαδα'}]"
2024-08-12 21:01:14+00:00,1823102468219150608,Athens Voice,Φωτιά στην Αττική: Νέο 112 - Εκκενώνεται ο Βρανάς Μαραθώνα   #φωτια #Αττικη  https://t.co/2w5XmHQvKk,2,0,,,,Φωτιά στην Αττική: Νέο 112 - Εκκενώνεται ο Βρανάς Μαραθώνα #φωτια #Αττικη,φωτια στην αττικη: νεο 112 - εκκενωνεται ο βρανας μαραθωνα #φωτια #αττικη,φωτια αττικος νεος εκκενωνεται βρανας μαραθωνα φωτια αττικη,0.989,1,0,1,"[{'name': 'αττικη', 'ner_label': 'GPE'}, {'name': 'βρανας μαραθωνα', 'ner_label': 'GPE'}]","[{'lat': 37.9995238, 'lon': 23.7228379, 'name': 'Αττική', 'osm_class': 'railway', 'osm_type': 'station', 'importance': 0.37797476194049984, 'ner_label': 'GPE', 'original_name': 'αττικη'}, {'lat': 38.1219138, 'lon': 23.9466557, 'name': 'Αρχαιολογικό Μουσείο Μαραθώνα', 'osm_class': 'tourism', 'osm_type': 'museum', 'importance': 0.19938740066310082, 'ner_label': 'GPE', 'original_name': 'βρανας μαραθωνα'}]"
2024-08-12 21:02:03+00:00,1823102673064997079,NewsOk,Δύο Συλλήψεις για την #Πυρκαγιά στη #Γλυφάδα https://t.co/xGIoM38Heb,1,0,,,,Δύο Συλλήψεις για την #Πυρκαγιά στη #Γλυφάδα,δυο συλληψεις για την #πυρκαγια στη #γλυφαδα,δυο συλληψεις πυρκαγια γλυφαδα,0.884,1,0,0,"[{'name': 'γλυφαδα', 'ner_label': 'GPE'}]","[{'lat': 37.8829987, 'lon': 23.767983, 'name': 'Δήμος Γλυφάδας', 'osm_class': 'boundary', 'osm_type': 'administrative', 'importance': 0.2853231881743613, 'ner_label': 'GPE', 'original_name': 'γλυφαδα'}]"
2024-08-12 21:02:44+00:00,1823102844414677094,Radio Roumeli News Ράδιο Ρούμελη News,Γλυφάδα: Συνελήφθησαν οι νεαροί που έβαλαν τη φωτιά στην Τερψιθέα https://t.co/9iMVw7VesD,1,0,,,,Γλυφάδα: Συνελήφθησαν οι νεαροί που έβαλαν τη φωτιά στην Τερψιθέα,γλυφαδα: συνεληφθησαν οι νεαροι που εβαλαν τη φωτια στην τερψιθεα,γλυφαδα συνεληφθησαν νεαρος εβαλαν φωτια τερψιθεα,0.363,1,0,0,"[{'name': 'γλυφαδα', 'ner_label': 'GPE'}, {'name': 'τερψιθεα', 'ner_label': 'GPE'}]","[{'lat': 37.8829987, 'lon': 23.767983, 'name': 'Δήμος Γλυφάδας', 'osm_class': 'boundary', 'osm_type': 'administrative', 'importance': 0.2853231881743613, 'ner_label': 'GPE', 'original_name': 'γλυφαδα'}, {'lat': 37.9018403, 'lon': 23.7709411, 'name': 'Τερψιθέα', 'osm_class': 'place', 'osm_type': 'neighbourhood', 'importance': 0.08008327382314791, 'ner_label': 'GPE', 'original_name': 'τερψιθεα'}]"
2024-08-12 21:03:37+00:00,1823103068902490218,ΤΟ ΒΗΜΑ,Φωτιά στην Αττική: H Τουρκία ετοιμάζει αποστολή εναέριων μέσων πυρόσβεσης   #Αττική #Φωτια_τωρα #φωτιατωρα #πυρκαγιά #Βαρναβας #Βριλησσια #Χαλανδρι  https://t.co/acjiJUq36o,2,0,,,,Φωτιά στην Αττική: H Τουρκία ετοιμάζει αποστολή εναέριων μέσων πυρόσβεσης #Αττική #Φωτια_τωρα #φωτιατωρα #πυρκαγιά #Βαρναβας #Βριλησσια #Χαλανδρι,φωτια στην αττικη: h τουρκια ετοιμαζει αποστολη εναεριων μεσων πυροσβεσης #αττικη #φωτια_τωρα #φωτιατωρα #πυρκαγια #βαρναβας #βριλησσια #χαλανδρι,φωτια αττικος h τουρκια ετοιμαζω αποστολη εναεριος μεσο πυροσβεση αττικη φωτια τωρα φωτιατωρα πυρκαγια βαρναβας βριλησσια χαλανδρι,0.577,1,1,0,"[{'name': 'αττικη', 'ner_label': 'GPE'}, {'name': 'τουρκια', 'ner_label': 'GPE'}, {'name': 'βαρναβας βριλησσια χαλανδρι', 'ner_label': 'GPE'}]","[{'lat': 37.9995238, 'lon': 23.7228379, 'name': 'Αττική', 'osm_class': 'railway', 'osm_type': 'station', 'importance': 0.37797476194049984, 'ner_label': 'GPE', 'original_name': 'αττικη'}]"
2024-08-12 21:03:55+00:00,1823103140930998449,Excubitor 🇬🇷 ☦️,@aggelos210 Καίγεται η Θεσσαλονίκη στο στρατόπεδο Καρατάσου https://t.co/RGHAMpJij6,0,0,,,,Καίγεται η Θεσσαλονίκη στο στρατόπεδο Καρατάσου,καιγεται η θεσσαλονικη στο στρατοπεδο καρατασου,καιω θεσσαλονικη στρατοπεδο καρατασος,0.592,1,0,1,"[{'name': 'θεσσαλονικη', 'ner_label': 'GPE'}, {'name': 'στρατοπεδο καρατασου', 'ner_label': 'FAC'}]","[{'lat': 40.6403167, 'lon': 22.9352716, 'name': 'Θεσσαλονίκη', 'osm_class': 'place', 'osm_type': 'city', 'importance': 0.7032802514986225, 'ner_label': 'GPE', 'original_name': 'θεσσαλονικη'}]"
2024-08-12 21:04:16+00:00,1823103232542924855,Kouti Pandoras,Φωτιά στην Αττική: Σοκάρει η δημοσιογράφος Ρένα #Κουβελιωτη – «Δεν το έχω ξαναδεί 30 χρόνια που κάνω αυτή τη δουλειά» (video) #Αττικη #φωτια #πυρκαγια https://t.co/02tbsijLxE,3,0,,,,Φωτιά στην Αττική: Σοκάρει η δημοσιογράφος Ρένα #Κουβελιωτη – «Δεν το έχω ξαναδεί 30 χρόνια που κάνω αυτή τη δουλειά» (video) #Αττικη #φωτια #πυρκαγια,φωτια στην αττικη: σοκαρει η δημοσιογραφος ρενα #κουβελιωτη – «δεν το εχω ξαναδει 30 χρονια που κανω αυτη τη δουλεια» (video) #αττικη #φωτια #πυρκαγια,φωτια αττικος σοκαρει δημοσιογραφος ρενα κουβελιωτη ξαναδει χρονος κανω δουλεια video αττικη φωτια πυρκαγια,0.762,1,0,0,"[{'name': 'αττικη', 'ner_label': 'GPE'}]","[{'lat': 37.9995238, 'lon': 23.7228379, 'name': 'Αττική', 'osm_class': 'railway', 'osm_type': 'station', 'importance': 0.37797476194049984, 'ner_label': 'GPE', 'original_name': 'αττικη'}]"
2024-08-12 21:04:19+00:00,1823103244467646465,ΑΠΕ-ΜΠΕ,Μήνυμα του 112 για #εκκένωση της περιοχής #Βρανά στον Μαραθώνα   https://t.co/Re78vzcXgc https://t.co/hWdkDiWlnr,0,0,,,,Μήνυμα του 112 για #εκκένωση της περιοχής #Βρανά στον Μαραθώνα,μηνυμα του 112 για #εκκενωση της περιοχης #βρανα στον μαραθωνα,μηνυμα εκκενωση περιοχη βρανα μαραθωνας,0.917,1,0,1,"[{'name': 'βρανα', 'ner_label': 'LOC'}, {'name': 'μαραθωνα', 'ner_label': 'GPE'}]","[{'lat': 38.1198607, 'lon': 23.941483, 'name': 'Ρέμα Βρανά', 'osm_class': 'waterway', 'osm_type': 'stream', 'importance': 0.10672695887693597, 'ner_label': 'LOC', 'original_name': 'βρανα'}, {'lat': 38.1498866, 'lon': 24.0141843, 'name': 'Ολυμπιακό Κωπηλατοδρόμιο Σχινιά Μαραθώνα', 'osm_class': 'landuse', 'osm_type': 'recreation_ground', 'importance': 0.0800602922102693, 'ner_label': 'GPE', 'original_name': 'μαραθωνα'}]"
2024-08-12 21:04:27+00:00,1823103275266097503,Hot Doc,Φωτιά στην Αττική: Σοκάρει η δημοσιογράφος Ρένα #Κουβελιωτη – «Δεν το έχω ξαναδεί 30 χρόνια που κάνω αυτή τη δουλειά» (video) #Αττικη #φωτια #πυρκαγια https://t.co/D8e0VSeh6h,11,5,,,,Φωτιά στην Αττική: Σοκάρει η δημοσιογράφος Ρένα #Κουβελιωτη – «Δεν το έχω ξαναδεί 30 χρόνια που κάνω αυτή τη δουλειά» (video) #Αττικη #φωτια #πυρκαγια,φωτια στην αττικη: σοκαρει η δημοσιογραφος ρενα #κουβελιωτη – «δεν το εχω ξαναδει 30 χρονια που κανω αυτη τη δουλεια» (video) #αττικη #φωτια #πυρκαγια,φωτια αττικος σοκαρει δημοσιογραφος ρενα κουβελιωτη ξαναδει χρονος κανω δουλεια video αττικη φωτια πυρκαγια,0.762,1,0,0,"[{'name': 'αττικη', 'ner_label': 'GPE'}]","[{'lat': 37.9995238, 'lon': 23.7228379, 'name': 'Αττική', 'osm_class': 'railway', 'osm_type': 'station', 'importance': 0.37797476194049984, 'ner_label': 'GPE', 'original_name': 'αττικη'}]"
2024-08-12 21:05:28+00:00,1823103530829574306,ΤΟ ΒΗΜΑ,"Τραυματίστηκε ένας πυροσβέστης, ενώ οι άλλοι τρεις είναι καλά στην υγεία τους και συνεχίζουν να δίνουν τη μάχη με τη φωτιά που μαίνεται στην Αττική.   #Αττική #Φωτια_τωρα #φωτιατωρα #πυρκαγιά #Βαρναβας #Βριλησσια #Χαλανδρι #Γερακας  https://t.co/tieBOese6h",2,0,,,,"Τραυματίστηκε ένας πυροσβέστης, ενώ οι άλλοι τρεις είναι καλά στην υγεία τους και συνεχίζουν να δίνουν τη μάχη με τη φωτιά που μαίνεται στην Αττική. #Αττική #Φωτια_τωρα #φωτιατωρα #πυρκαγιά #Βαρναβας #Βριλησσια #Χαλανδρι #Γερακας","τραυματιστηκε ενας πυροσβεστης, ενω οι αλλοι τρεις ειναι καλα στην υγεια τους και συνεχιζουν να δινουν τη μαχη με τη φωτια που μαινεται στην αττικη. #αττικη #φωτια_τωρα #φωτιατωρα #πυρκαγια #βαρναβας #βριλησσια #χαλανδρι #γερακας",τραυματιστηκε πυροσβεστη υγεια συνεχιζω δινω μαχη φωτια μαινω αττικος αττικη φωτια τωρα φωτιατωρα πυρκαγια βαρναβας βριλησσια χαλανδρι γερακας,0.592,1,0,0,"[{'name': 'αττικη', 'ner_label': 'GPE'}, {'name': 'βαρναβας βριλησσια χαλανδρι γερακας', 'ner_label': 'GPE'}]","[{'lat': 37.9995238, 'lon': 23.7228379, 'name': 'Αττική', 'osm_class': 'railway', 'osm_type': 'station', 'importance': 0.37797476194049984, 'ner_label': 'GPE', 'original_name': 'αττικη'}]"
2024-08-12 21:05:55+00:00,1823103646516871525,Seretis Grigorios,Μεγάλη φωτιά στο πρώην στρατόπεδο «Καρατάσιου» στην Πολίχνη Θεσσαλονίκης!  #Φωτια_τωρα #πυρκαγιας https://t.co/un5TOsiJBu,27,7,,,,Μεγάλη φωτιά στο πρώην στρατόπεδο «Καρατάσιου» στην Πολίχνη Θεσσαλονίκης! #Φωτια_τωρα #πυρκαγιας,μεγαλη φωτια στο πρωην στρατοπεδο «καρατασιου» στην πολιχνη θεσσαλονικης! #φωτια_τωρα #πυρκαγιας,μεγαλος φωτια πρωην στρατοπεδο καρατασιος πολιχνη θεσσαλονικης φωτια τωρα πυρκαγιας,0.991,1,0,1,"[{'name': 'στρατοπεδο « καρατασιου »', 'ner_label': 'FAC'}, {'name': 'πολιχνη θεσσαλονικης', 'ner_label': 'GPE'}]","[{'lat': 40.6743348, 'lon': 22.9519698, 'name': 'Καρατάσιου', 'osm_class': 'natural', 'osm_type': 'scrub', 'importance': 0.10674071946288241, 'ner_label': 'FAC', 'original_name': 'στρατοπεδο « καρατασιου »'}]"
2024-08-12 21:06:04+00:00,1823103685045727315,Vimaonline.gr,Γλυφάδα: Συνελήφθησαν οι νεαροί που έβαλαν τη φωτιά στην Τερψιθέα https://t.co/PArodQJPeH,0,0,,,,Γλυφάδα: Συνελήφθησαν οι νεαροί που έβαλαν τη φωτιά στην Τερψιθέα,γλυφαδα: συνεληφθησαν οι νεαροι που εβαλαν τη φωτια στην τερψιθεα,γλυφαδα συνεληφθησαν νεαρος εβαλαν φωτια τερψιθεα,0.363,1,0,0,"[{'name': 'γλυφαδα', 'ner_label': 'GPE'}, {'name': 'τερψιθεα', 'ner_label': 'GPE'}]","[{'lat': 37.8829987, 'lon': 23.767983, 'name': 'Δήμος Γλυφάδας', 'osm_class': 'boundary', 'osm_type': 'administrative', 'importance': 0.2853231881743613, 'ner_label': 'GPE', 'original_name': 'γλυφαδα'}, {'lat': 37.9018403, 'lon': 23.7709411, 'name': 'Τερψιθέα', 'osm_class': 'place', 'osm_type': 'neighbourhood', 'importance': 0.08008327382314791, 'ner_label': 'GPE', 'original_name': 'τερψιθεα'}]"
2024-08-12 21:06:10+00:00,1823103707833340322,pontosnews.gr,Φωτιά στην Αττική: Ολονύχτια μάχη με ενεργές εστίες σε Πεντέλη και Μαραθώνα – Στάχτη πάνω από 100.000 στρέμματα https://t.co/duTxWr9ifQ #pontosnews,0,0,,,,Φωτιά στην Αττική: Ολονύχτια μάχη με ενεργές εστίες σε Πεντέλη και Μαραθώνα – Στάχτη πάνω από 100.000 στρέμματα #pontosnews,φωτια στην αττικη: ολονυχτια μαχη με ενεργες εστιες σε πεντελη και μαραθωνα – σταχτη πανω απο 100.000 στρεμματα #pontosnews,φωτια αττικος ολονυχτια μαχη ενεργος εστια πεντελη μαραθωνα σταχτη στρεμμα pontosnews,0.984,1,1,0,"[{'name': 'αττικη', 'ner_label': 'GPE'}, {'name': 'πεντελη', 'ner_label': 'GPE'}, {'name': 'μαραθωνα', 'ner_label': 'GPE'}]","[{'lat': 37.9995238, 'lon': 23.7228379, 'name': 'Αττική', 'osm_class': 'railway', 'osm_type': 'station', 'importance': 0.37797476194049984, 'ner_label': 'GPE', 'original_name': 'αττικη'}, {'lat': 38.0505896, 'lon': 23.8614591, 'name': 'Πεντέλη', 'osm_class': 'place', 'osm_type': 'suburb', 'importance': 0.49026558458181707, 'ner_label': 'GPE', 'original_name': 'πεντελη'}, {'lat': 38.1498866, 'lon': 24.0141843, 'name': 'Ολυμπιακό Κωπηλατοδρόμιο Σχινιά Μαραθώνα', 'osm_class': 'landuse', 'osm_type': 'recreation_ground', 'importance': 0.0800602922102693, 'ner_label': 'GPE', 'original_name': 'μαραθωνα'}]"
2024-08-12 21:07:22+00:00,1823104012713074742,𝕁𝕠 𝔻𝕚 🏳️‍🌈,🛰️ Δορυφορική φωτογραφία από την #πυρκαγια στην Αττική (12.08.2024 - 9.00 το πρωί) #φωτια https://t.co/qZI2FJ9SpI,22,5,,,,Δορυφορική φωτογραφία από την #πυρκαγια στην Αττική (12.08.2024 - 9.00 το πρωί) #φωτια,δορυφορικη φωτογραφια απο την #πυρκαγια στην αττικη (12.08.2024 - 9.00 το πρωι) #φωτια,δορυφορικος φωτογραφια πυρκαγια αττικος πρωι φωτια,0.963,1,0,0,"[{'name': 'αττικη', 'ner_label': 'GPE'}]","[{'lat': 37.9995238, 'lon': 23.7228379, 'name': 'Αττική', 'osm_class': 'railway', 'osm_type': 'station', 'importance': 0.37797476194049984, 'ner_label': 'GPE', 'original_name': 'αττικη'}]"
2024-08-12 21:07:59+00:00,1823104165326848122,ΤΟ ΒΗΜΑ,Φωτιά στην Αττική: Πύρινη κόλαση σε Βριλήσσια και Γέρακα – Ανθρώπινη αλυσίδα για να σωθούν σπίτια και επιχειρήσεις https://t.co/wpJSyDQaXH,8,2,,,,Φωτιά στην Αττική: Πύρινη κόλαση σε Βριλήσσια και Γέρακα – Ανθρώπινη αλυσίδα για να σωθούν σπίτια και επιχειρήσεις,φωτια στην αττικη: πυρινη κολαση σε βριλησσια και γερακα – ανθρωπινη αλυσιδα για να σωθουν σπιτια και επιχειρησεις,φωτια αττικος πυρινη κολαση βριλησσια γερακα ανθρωπινη αλυσιδα σωνω σπιτι επιχειρηση,0.984,1,0,1,"[{'name': 'αττικη', 'ner_label': 'GPE'}, {'name': 'βριλησσια', 'ner_label': 'GPE'}, {'name': 'γερακα', 'ner_label': 'GPE'}]","[{'lat': 37.9995238, 'lon': 23.7228379, 'name': 'Αττική', 'osm_class': 'railway', 'osm_type': 'station', 'importance': 0.37797476194049984, 'ner_label': 'GPE', 'original_name': 'αττικη'}, {'lat': 38.0399028, 'lon': 23.8389373, 'name': 'Βριλήσσια', 'osm_class': 'place', 'osm_type': 'suburb', 'importance': 0.14674994048981455, 'ner_label': 'GPE', 'original_name': 'βριλησσια'}, {'lat': 38.0249177, 'lon': 23.8544753, 'name': 'Δημοτική Ενότητα Γέρακα', 'osm_class': 'boundary', 'osm_type': 'administrative', 'importance': 0.18674994048981455, 'ner_label': 'GPE', 'original_name': 'γερακα'}]"
2024-08-12 21:08:30+00:00,1823104295488672067,Dimitrios Koumparoudis,"ΕΚΤΑΚΤΟ - Σέρρες: «Μόλις είδαμε ελάφια στα χωράφια. Κατέβηκαν από το βουνό. Η φωτιά προχωράει στο βουνό, έχει γεμίσει καπνό παντού και ούτε ένα αεροπλάνο η ελικόπτερο εδώ και 2 ώρες δεν πέρασε» - https://t.co/JeHheXaJ05 https://t.co/kUVAoDKfsE",0,0,,,,"ΕΚΤΑΚΤΟ - Σέρρες: «Μόλις είδαμε ελάφια στα χωράφια. Κατέβηκαν από το βουνό. Η φωτιά προχωράει στο βουνό, έχει γεμίσει καπνό παντού και ούτε ένα αεροπλάνο η ελικόπτερο εδώ και 2 ώρες δεν πέρασε» -","εκτακτο - σερρες: «μολις ειδαμε ελαφια στα χωραφια. κατεβηκαν απο το βουνο. η φωτια προχωραει στο βουνο, εχει γεμισει καπνο παντου και ουτε ενα αεροπλανο η ελικοπτερο εδω και 2 ωρες δεν περασε» -",εκτακτο σερρες ειδαμε ελαφι χωραφια κατεβηκαν βουνο φωτια προχωραει βουνο γεμινω καπνος αεροπλανο ελικοπτερο ωρα περασε,0.835,1,1,0,"[{'name': 'σερρες', 'ner_label': 'GPE'}]","[{'lat': 41.0517811, 'lon': 23.6106769, 'name': 'Περιφερειακή Ενότητα Σερρών', 'osm_class': 'boundary', 'osm_type': 'administrative', 'importance': 0.5165129058143839, 'ner_label': 'GPE', 'original_name': 'σερρες'}]"
2024-08-12 21:09:05+00:00,1823104441089949887,TheOpinion_News,Επί ποδός η Θεσσαλονίκη: Φωτιά στο πρώην στρατόπεδο Καρατάσιου (ΦΩΤΟ-VIDEO)) https://t.co/T5nf30XASg #Thessaloniki #skg #TheOpinion,1,4,,,,Επί ποδός η Θεσσαλονίκη: Φωτιά στο πρώην στρατόπεδο Καρατάσιου (ΦΩΤΟ-VIDEO)) #Thessaloniki #skg #TheOpinion,επι ποδος η θεσσαλονικη: φωτια στο πρωην στρατοπεδο καρατασιου (φωτο-video)) #thessaloniki #skg #theopinion,ποδος θεσσαλονικη φωτια πρωην στρατοπεδο καρατασιου φωτο video thessaloniki skg the opinion,0.978,1,0,1,"[{'name': 'θεσσαλονικη', 'ner_label': 'GPE'}, {'name': 'στρατοπεδο καρατασιου', 'ner_label': 'FAC'}]","[{'lat': 40.6403167, 'lon': 22.9352716, 'name': 'Θεσσαλονίκη', 'osm_class': 'place', 'osm_type': 'city', 'importance': 0.7032802514986225, 'ner_label': 'GPE', 'original_name': 'θεσσαλονικη'}, {'lat': 40.6743348, 'lon': 22.9519698, 'name': 'Καρατάσιου', 'osm_class': 'natural', 'osm_type': 'scrub', 'importance': 0.10674071946288241, 'ner_label': 'FAC', 'original_name': 'στρατοπεδο καρατασιου'}]"
2024-08-12 21:09:35+00:00,1823104570110664953,naftemporiki.gr,Πυρκαγιά στην Αττική: Η τεράστια πληγή στο σώμα του λεκανοπεδίου όπως φαίνεται από δορυφόρο https://t.co/UPdOMQ3FSR,5,2,,,,Πυρκαγιά στην Αττική: Η τεράστια πληγή στο σώμα του λεκανοπεδίου όπως φαίνεται από δορυφόρο,πυρκαγια στην αττικη: η τεραστια πληγη στο σωμα του λεκανοπεδιου οπως φαινεται απο δορυφορο,πυρκαγια αττικος τεραστιος πληγη σωμα λεκανοπεδιο φαινομαι δορυφορος,0.888,1,1,0,"[{'name': 'αττικη', 'ner_label': 'GPE'}, {'name': 'λεκανοπεδιου', 'ner_label': 'LOC'}]","[{'lat': 37.9995238, 'lon': 23.7228379, 'name': 'Αττική', 'osm_class': 'railway', 'osm_type': 'station', 'importance': 0.37797476194049984, 'ner_label': 'GPE', 'original_name': 'αττικη'}]"
2024-08-12 21:09:47+00:00,1823104618374594639,Dimitrios Koumparoudis,Σέρρες-NASA: Από το… διάστημα φαίνεται η φωτιά στο Μενοίκιο όρος! - ΦΩΤΟΓΡΑΦΙΑ - https://t.co/JeHheXaJ05 https://t.co/t9W9KxExUC,0,0,,,,Σέρρες-NASA: Από το… διάστημα φαίνεται η φωτιά στο Μενοίκιο όρος! - ΦΩΤΟΓΡΑΦΙΑ -,σερρες-nasa: απο το… διαστημα φαινεται η φωτια στο μενοικιο ορος! - φωτογραφια -,σερρες nasa διαστημα φαινομαι φωτια μενοικιο ορος φωτογραφια,0.96,1,0,0,"[{'name': 'σερρες', 'ner_label': 'GPE'}, {'name': 'μενοικιο ορος', 'ner_label': 'LOC'}]","[{'lat': 41.0517811, 'lon': 23.6106769, 'name': 'Περιφερειακή Ενότητα Σερρών', 'osm_class': 'boundary', 'osm_type': 'administrative', 'importance': 0.5165129058143839, 'ner_label': 'GPE', 'original_name': 'σερρες'}, {'lat': 41.1658828, 'lon': 23.750415, 'name': 'Natura 2000 Κορυφές όρους Μενοίκιο – Όρος Κούσκουρας- Ύψωμα - Σπήλαιο Πελαδέ', 'osm_class': 'leisure', 'osm_type': 'nature_reserve', 'importance': 1e-10, 'ner_label': 'LOC', 'original_name': 'μενοικιο ορος'}]"
2024-08-12 21:10:09+00:00,1823104711404253548,ΕΦΗΜΕΡΙΔΑ ΜΑΚΕΔΟΝΙΑ,Ξέσπασε φωτιά μέσα στο πρώην στρατόπεδο Καρατάσιου https://t.co/tbkp17akd1 https://t.co/IKAuPgqb59,0,0,,,,Ξέσπασε φωτιά μέσα στο πρώην στρατόπεδο Καρατάσιου,ξεσπασε φωτια μεσα στο πρωην στρατοπεδο καρατασιου,ξεσπασε φωτια πρωην στρατοπεδο καρατασιος,0.986,1,0,1,"[{'name': 'στρατοπεδο καρατασιου', 'ner_label': 'FAC'}]","[{'lat': 40.6743348, 'lon': 22.9519698, 'name': 'Καρατάσιου', 'osm_class': 'natural', 'osm_type': 'scrub', 'importance': 0.10674071946288241, 'ner_label': 'FAC', 'original_name': 'στρατοπεδο καρατασιου'}]"
2024-08-12 21:10:25+00:00,1823104778265669786,SerraikaNea.gr,Σέρρες: «Η φωτιά στο Χιονοχώρι Σερρών από το μπαλκόνι μου τώρα το πρωί. Κρύφτηκε ο ήλιος! Πολύ έντονη η μυρωδιά!» (ΦΩΤΟΓΡΑΦΙΕΣ) - https://t.co/LICW7dwu2d https://t.co/bj9osiMHNH,0,0,,,,Σέρρες: «Η φωτιά στο Χιονοχώρι Σερρών από το μπαλκόνι μου τώρα το πρωί. Κρύφτηκε ο ήλιος! Πολύ έντονη η μυρωδιά!» (ΦΩΤΟΓΡΑΦΙΕΣ) -,σερρες: «η φωτια στο χιονοχωρι σερρων απο το μπαλκονι μου τωρα το πρωι. κρυφτηκε ο ηλιος! πολυ εντονη η μυρωδια!» (φωτογραφιες) -,σερρες φωτια χιονοχωρι σερρων μπαλκονι πρωι κρυφτηκε ηλιος εντονη μυρωδια φωτογραφιες,0.965,1,0,1,"[{'name': 'σερρες', 'ner_label': 'GPE'}, {'name': 'χιονοχωρι σερρων', 'ner_label': 'GPE'}]","[{'lat': 41.0517811, 'lon': 23.6106769, 'name': 'Περιφερειακή Ενότητα Σερρών', 'osm_class': 'boundary', 'osm_type': 'administrative', 'importance': 0.5165129058143839, 'ner_label': 'GPE', 'original_name': 'σερρες'}, {'lat': 41.1234765, 'lon': 23.6507143, 'name': 'Χιονοχώρι', 'osm_class': 'place', 'osm_type': 'hamlet', 'importance': 0.13339580605783166, 'ner_label': 'GPE', 'original_name': 'χιονοχωρι σερρων'}]"
2024-08-12 21:10:43+00:00,1823104852685177246,ERTNEWS,Οριοθετήθηκε η φωτιά στην Άνω Γλυφάδα – Συνελήφθησαν δύο νεαροί για εμπρησμό https://t.co/MbGhbYfq7A,5,3,,,,Οριοθετήθηκε η φωτιά στην Άνω Γλυφάδα – Συνελήφθησαν δύο νεαροί για εμπρησμό,οριοθετηθηκε η φωτια στην ανω γλυφαδα – συνεληφθησαν δυο νεαροι για εμπρησμο,οριοθετηθηκε φωτια γλυφαδα συνεληφθησαν δυο νεαρος εμπρησμος,0.89,1,0,1,"[{'name': 'ανω γλυφαδα', 'ner_label': 'GPE'}]","[{'lat': 37.8814649, 'lon': 23.7656896, 'name': 'Άνω Γλυφάδα', 'osm_class': 'place', 'osm_type': 'quarter', 'importance': 0.13341660715648124, 'ner_label': 'GPE', 'original_name': 'ανω γλυφαδα'}]"
2024-08-12 21:10:50+00:00,1823104884520214594,Ant1news.gr,Φωτιά στη Γλυφάδα: Δύο συλλήψεις https://t.co/dQU98RWBYx #Ant1news #φωτια #Γλυφαδα https://t.co/hApUloSuwx,1,0,,,,Φωτιά στη Γλυφάδα: Δύο συλλήψεις #Ant1news #φωτια #Γλυφαδα,φωτια στη γλυφαδα: δυο συλληψεις #ant1news #φωτια #γλυφαδα,φωτια γλυφαδα δυο συλληψεις ant news φωτια γλυφαδα,0.92,1,0,0,"[{'name': 'γλυφαδα', 'ner_label': 'GPE'}]","[{'lat': 37.8829987, 'lon': 23.767983, 'name': 'Δήμος Γλυφάδας', 'osm_class': 'boundary', 'osm_type': 'administrative', 'importance': 0.2853231881743613, 'ner_label': 'GPE', 'original_name': 'γλυφαδα'}]"
2024-08-12 21:12:36+00:00,1823105328910942343,cin cin,#φωτια #Πυρκαγια Μαραθωνα Βαρναβα Διονυσο #πυρκαγιά #πυροσβέστες Πεντελη Κικιλια #Μητσοτακης Ντραφι Ανατολη Κικιλια Αττικη Χαλανδρι Βριλησσια  Νεα Μακρη Χαρδαλια https://t.co/C5w1EPW7TR,1,0,,,,#φωτια #Πυρκαγια Μαραθωνα Βαρναβα Διονυσο #πυρκαγιά #πυροσβέστες Πεντελη Κικιλια #Μητσοτακης Ντραφι Ανατολη Κικιλια Αττικη Χαλανδρι Βριλησσια Νεα Μακρη Χαρδαλια,#φωτια #πυρκαγια μαραθωνα βαρναβα διονυσο #πυρκαγια #πυροσβεστες πεντελη κικιλια #μητσοτακης ντραφι ανατολη κικιλια αττικη χαλανδρι βριλησσια νεα μακρη χαρδαλια,φωτια πυρκαγια μαραθωνα βαρναβα διονυσο πυρκαγια πυροσβεστης πεντελη κικιλια μητσοτακης ντραφι ανατολη κικιλια αττικη χαλανδρι βριλησσια νεα μακρη χαρδαλια,0.952,1,0,0,"[{'name': 'μαραθωνα βαρναβα διονυσο', 'ner_label': 'GPE'}, {'name': 'πεντελη', 'ner_label': 'GPE'}, {'name': 'αττικη χαλανδρι βριλησσια νεα μακρη χαρδαλια', 'ner_label': 'GPE'}]","[{'lat': 38.0505896, 'lon': 23.8614591, 'name': 'Πεντέλη', 'osm_class': 'place', 'osm_type': 'suburb', 'importance': 0.49026558458181707, 'ner_label': 'GPE', 'original_name': 'πεντελη'}]"
2024-08-12 21:16:42+00:00,1823106361594712509,cin cin,#φωτια #Πυρκαγια Μαραθωνα Βαρναβα Διονυσο #πυρκαγιά #πυροσβέστες Πεντελη Κικιλια #Μητσοτακης Ντραφι Ανατολη Κικιλια Αττικη Χαλανδρι Βριλησσια  Νεα Μακρη Μητσοτακη Γλυφαδα Γερακα Αναπαυσεως Ματι https://t.co/xTOngZUzDX,7,1,,,,#φωτια #Πυρκαγια Μαραθωνα Βαρναβα Διονυσο #πυρκαγιά #πυροσβέστες Πεντελη Κικιλια #Μητσοτακης Ντραφι Ανατολη Κικιλια Αττικη Χαλανδρι Βριλησσια Νεα Μακρη Μητσοτακη Γλυφαδα Γερακα Αναπαυσεως Ματι,#φωτια #πυρκαγια μαραθωνα βαρναβα διονυσο #πυρκαγια #πυροσβεστες πεντελη κικιλια #μητσοτακης ντραφι ανατολη κικιλια αττικη χαλανδρι βριλησσια νεα μακρη μητσοτακη γλυφαδα γερακα αναπαυσεως ματι,φωτια πυρκαγια μαραθωνα βαρναβα διονυσο πυρκαγια πυροσβεστης πεντελη κικιλια μητσοτακης ντραφι ανατολη κικιλια αττικη χαλανδρι βριλησσια νεα μακρη μητσοτακη γλυφαδα γερακα αναπαυσεως ματι,0.825,1,0,0,"[{'name': 'μαραθωνα βαρναβα διονυσο', 'ner_label': 'GPE'}, {'name': 'πεντελη', 'ner_label': 'GPE'}, {'name': 'αττικη χαλανδρι βριλησσια νεα μακρη', 'ner_label': 'GPE'}, {'name': 'γλυφαδα γερακα', 'ner_label': 'GPE'}, {'name': 'ματι', 'ner_label': 'FAC'}]","[{'lat': 38.0505896, 'lon': 23.8614591, 'name': 'Πεντέλη', 'osm_class': 'place', 'osm_type': 'suburb', 'importance': 0.49026558458181707, 'ner_label': 'GPE', 'original_name': 'πεντελη'}, {'lat': 40.9138035, 'lon': 24.0908794, 'name': 'Μάτι', 'osm_class': 'natural', 'osm_type': 'peak', 'importance': 0.43096957211662124, 'ner_label': 'FAC', 'original_name': 'ματι'}]"
2024-08-12 21:16:55+00:00,1823106413066924238,Η ΚΑΘΗΜΕΡΙΝΗ,"Ισχυρές επίγειες δυνάμεις δίνουν σκληρή μάχη για να θέσουν υπό έλεγχο τις εστίες φωτιάς σε Πεντέλη, Βριλήσσια, Γέρακα, Μαραθώνα και Διόνυσο. Σπίτια,  επιχειρήσεις και χιλιάδες στρέμματα κατέκαψε η πυρκαγιά που ξεκίνησε το μεσημέρι της Κυριακής στον Βαρν... https://t.co/EsnA7mkDH4",10,1,,,,"Ισχυρές επίγειες δυνάμεις δίνουν σκληρή μάχη για να θέσουν υπό έλεγχο τις εστίες φωτιάς σε Πεντέλη, Βριλήσσια, Γέρακα, Μαραθώνα και Διόνυσο. Σπίτια, επιχειρήσεις και χιλιάδες στρέμματα κατέκαψε η πυρκαγιά που ξεκίνησε το μεσημέρι της Κυριακής στον Βαρν...","ισχυρες επιγειες δυναμεις δινουν σκληρη μαχη για να θεσουν υπο ελεγχο τις εστιες φωτιας σε πεντελη, βριλησσια, γερακα, μαραθωνα και διονυσο. σπιτια, επιχειρησεις και χιλιαδες στρεμματα κατεκαψε η πυρκαγια που ξεκινησε το μεσημερι της κυριακης στον βαρν...",ισχυρες επιγειος δυναμη δινω σκληρος μαχη θεζω ελεγχος εστια φωτια πεντελη βριλησσια γερακα μαραθωνα διονυσο σπιτια επιχειρηση χιλιαδα στρεμματο κατεκαψε πυρκαγια ξεκινω μεσημερι κυριακη βαρν,0.958,1,1,1,"[{'name': 'πεντελη', 'ner_label': 'GPE'}, {'name': 'βριλησσια', 'ner_label': 'GPE'}, {'name': 'γερακα', 'ner_label': 'GPE'}, {'name': 'μαραθωνα', 'ner_label': 'GPE'}, {'name': 'διονυσο', 'ner_label': 'GPE'}, {'name': 'βαρν', 'ner_label': 'LOC'}]","[{'lat': 38.0505896, 'lon': 23.8614591, 'name': 'Πεντέλη', 'osm_class': 'place', 'osm_type': 'suburb', 'importance': 0.49026558458181707, 'ner_label': 'GPE', 'original_name': 'πεντελη'}, {'lat': 38.0399028, 'lon': 23.8389373, 'name': 'Βριλήσσια', 'osm_class': 'place', 'osm_type': 'suburb', 'importance': 0.14674994048981455, 'ner_label': 'GPE', 'original_name': 'βριλησσια'}, {'lat': 38.0249177, 'lon': 23.8544753, 'name': 'Δημοτική Ενότητα Γέρακα', 'osm_class': 'boundary', 'osm_type': 'administrative', 'importance': 0.18674994048981455, 'ner_label': 'GPE', 'original_name': 'γερακα'}, {'lat': 38.1498866, 'lon': 24.0141843, 'name': 'Ολυμπιακό Κωπηλατοδρόμιο Σχινιά Μαραθώνα', 'osm_class': 'landuse', 'osm_type': 'recreation_ground', 'importance': 0.0800602922102693, 'ner_label': 'GPE', 'original_name': 'μαραθωνα'}, {'lat': 37.970586, 'lon': 23.727629, 'name': 'Θέατρο του Διονύσου', 'osm_class': 'tourism', 'osm_type': 'attraction', 'importance': 0.5138517514351957, 'ner_label': 'GPE', 'original_name': 'διονυσο'}, {'lat': 40.630641, 'lon': 22.9507591, 'name': 'Big Barn', 'osm_class': 'amenity', 'osm_type': 'fast_food', 'importance': 7.405279621571706e-05, 'ner_label': 'LOC', 'original_name': 'βαρν'}]"
2024-08-12 21:18:08+00:00,1823106721386279152,Areti Athanasiou,Νύχτα τρόμου πάλι. Εκτός ελέγχου η φωτιά στον Μαραθώνα. Το μέτωπο είναι πάνω από 500 μέτρα και κινείται προς την Λεωφόρο Μαραθώνα.  Εκκενώνεται ο οικισμός Βρανάς. https://t.co/ZVQZVzwoB2,93,35,,,,Νύχτα τρόμου πάλι. Εκτός ελέγχου η φωτιά στον Μαραθώνα. Το μέτωπο είναι πάνω από 500 μέτρα και κινείται προς την Λεωφόρο Μαραθώνα. Εκκενώνεται ο οικισμός Βρανάς.,νυχτα τρομου παλι. εκτος ελεγχου η φωτια στον μαραθωνα. το μετωπο ειναι πανω απο 500 μετρα και κινειται προς την λεωφορο μαραθωνα. εκκενωνεται ο οικισμος βρανας.,νυχτα τρομου ελεγχου φωτια μαραθωνας μετωπο μετρο κινειται λεωφορο μαραθωνας εκκενωνεται οικισμος βρανας,0.987,1,1,1,"[{'name': 'μαραθωνα', 'ner_label': 'GPE'}, {'name': 'λεωφορο μαραθωνα', 'ner_label': 'FAC'}, {'name': 'βρανας', 'ner_label': 'GPE'}]","[{'lat': 38.1498866, 'lon': 24.0141843, 'name': 'Ολυμπιακό Κωπηλατοδρόμιο Σχινιά Μαραθώνα', 'osm_class': 'landuse', 'osm_type': 'recreation_ground', 'importance': 0.0800602922102693, 'ner_label': 'GPE', 'original_name': 'μαραθωνα'}, {'lat': 38.1198607, 'lon': 23.941483, 'name': 'Ρέμα Βρανά', 'osm_class': 'waterway', 'osm_type': 'stream', 'importance': 0.10672695887693597, 'ner_label': 'GPE', 'original_name': 'βρανας'}]"
2024-08-12 21:19:12+00:00,1823106987208663501,Makeleio.gr,ΕΜΠΡΗΣΜΟΣ! Συνελήφθησαν οι νεαροί που έβαλαν τη φωτιά στην Τερψιθέα Γλυφάδας! (φωτο&amp;βιντεο) https://t.co/ebvKd8wcxL https://t.co/BtQSgrS3ps,9,0,,,,ΕΜΠΡΗΣΜΟΣ! Συνελήφθησαν οι νεαροί που έβαλαν τη φωτιά στην Τερψιθέα Γλυφάδας! (φωτο&βιντεο),εμπρησμος! συνεληφθησαν οι νεαροι που εβαλαν τη φωτια στην τερψιθεα γλυφαδας! (φωτο&βιντεο),εμπρησμος συνεληφθησαν νεαρος εβαλαν φωτια τερψιθεα γλυφαδα φωτο βιντεο,0.377,1,0,0,"[{'name': 'τερψιθεα γλυφαδας', 'ner_label': 'GPE'}]","[{'lat': 37.9018403, 'lon': 23.7709411, 'name': 'Τερψιθέα', 'osm_class': 'place', 'osm_type': 'neighbourhood', 'importance': 0.08008327382314791, 'ner_label': 'GPE', 'original_name': 'τερψιθεα γλυφαδας'}]"
2024-08-12 21:19:22+00:00,1823107032649814479,Makeleio.gr,Φωτιά στην Αττική: Πέντε πυροσβέστες τραυματίστηκαν ελαφρά https://t.co/EDsDlTJis2 https://t.co/GFG7uXJgDF,3,0,,,,Φωτιά στην Αττική: Πέντε πυροσβέστες τραυματίστηκαν ελαφρά,φωτια στην αττικη: πεντε πυροσβεστες τραυματιστηκαν ελαφρα,φωτια αττικος πεντε πυροσβεστης τραυματιστηκαν ελαφρα,0.617,1,0,0,"[{'name': 'αττικη', 'ner_label': 'GPE'}]","[{'lat': 37.9995238, 'lon': 23.7228379, 'name': 'Αττική', 'osm_class': 'railway', 'osm_type': 'station', 'importance': 0.37797476194049984, 'ner_label': 'GPE', 'original_name': 'αττικη'}]"
2024-08-12 21:19:34+00:00,1823107080838148242,Zougla.gr,Θεσσαλονίκη: Μεγάλη φωτιά στο πρώην στρατόπεδο Καρατάσιου https://t.co/6hrsu3gJe0,0,0,,,,Θεσσαλονίκη: Μεγάλη φωτιά στο πρώην στρατόπεδο Καρατάσιου,θεσσαλονικη: μεγαλη φωτια στο πρωην στρατοπεδο καρατασιου,θεσσαλονικη μεγαλος φωτια πρωην στρατοπεδο καρατασιος,0.989,1,0,1,"[{'name': 'θεσσαλονικη', 'ner_label': 'GPE'}, {'name': 'στρατοπεδο καρατασιου', 'ner_label': 'FAC'}]","[{'lat': 40.6403167, 'lon': 22.9352716, 'name': 'Θεσσαλονίκη', 'osm_class': 'place', 'osm_type': 'city', 'importance': 0.7032802514986225, 'ner_label': 'GPE', 'original_name': 'θεσσαλονικη'}, {'lat': 40.6743348, 'lon': 22.9519698, 'name': 'Καρατάσιου', 'osm_class': 'natural', 'osm_type': 'scrub', 'importance': 0.10674071946288241, 'ner_label': 'FAC', 'original_name': 'στρατοπεδο καρατασιου'}]"
2024-08-12 21:20:17+00:00,1823107262434488808,TheTOC,Φωτιά στην Αττική: Νέο μήνυμα του 112 για πυρκαγιά στην περιοχή Βρανά στον Μαραθώνα- 'Απομακρυνθείτε προς Νέα Μάκρη' https://t.co/xTkJvElTcT https://t.co/gPhpr1Xfha,0,0,,,,Φωτιά στην Αττική: Νέο μήνυμα του 112 για πυρκαγιά στην περιοχή Βρανά στον Μαραθώνα- 'Απομακρυνθείτε προς Νέα Μάκρη',φωτια στην αττικη: νεο μηνυμα του 112 για πυρκαγια στην περιοχη βρανα στον μαραθωνα- 'απομακρυνθειτε προς νεα μακρη',φωτια αττικος νεος μηνυμα πυρκαγια περιοχη βρανα μαραθωνας απομακρυνθειτε νεος μακρη,0.987,1,0,1,"[{'name': 'αττικη', 'ner_label': 'GPE'}, {'name': 'βρανα', 'ner_label': 'LOC'}, {'name': 'μαραθωνα', 'ner_label': 'GPE'}, {'name': 'νεα μακρη', 'ner_label': 'GPE'}]","[{'lat': 37.9995238, 'lon': 23.7228379, 'name': 'Αττική', 'osm_class': 'railway', 'osm_type': 'station', 'importance': 0.37797476194049984, 'ner_label': 'GPE', 'original_name': 'αττικη'}, {'lat': 38.1198607, 'lon': 23.941483, 'name': 'Ρέμα Βρανά', 'osm_class': 'waterway', 'osm_type': 'stream', 'importance': 0.10672695887693597, 'ner_label': 'LOC', 'original_name': 'βρανα'}, {'lat': 38.1498866, 'lon': 24.0141843, 'name': 'Ολυμπιακό Κωπηλατοδρόμιο Σχινιά Μαραθώνα', 'osm_class': 'landuse', 'osm_type': 'recreation_ground', 'importance': 0.0800602922102693, 'ner_label': 'GPE', 'original_name': 'μαραθωνα'}, {'lat': 38.083049, 'lon': 23.97907, 'name': 'Νέα Μάκρη', 'osm_class': 'place', 'osm_type': 'town', 'importance': 0.1600602922102693, 'ner_label': 'GPE', 'original_name': 'νεα μακρη'}]"
2024-08-12 21:23:13+00:00,1823108000975843797,NewsIt,Φωτιά στην Αττική: Ήχησε το 112 στην περιοχή Βρανά Μαραθώνα https://t.co/Ao7WT84W3n,0,0,,,,Φωτιά στην Αττική: Ήχησε το 112 στην περιοχή Βρανά Μαραθώνα,φωτια στην αττικη: ηχησε το 112 στην περιοχη βρανα μαραθωνα,φωτια αττικος ηχησε περιοχη βρανα μαραθωνας,0.989,1,0,1,"[{'name': 'αττικη', 'ner_label': 'GPE'}, {'name': 'βρανα μαραθωνα', 'ner_label': 'GPE'}]","[{'lat': 37.9995238, 'lon': 23.7228379, 'name': 'Αττική', 'osm_class': 'railway', 'osm_type': 'station', 'importance': 0.37797476194049984, 'ner_label': 'GPE', 'original_name': 'αττικη'}, {'lat': 38.1219138, 'lon': 23.9466557, 'name': 'Αρχαιολογικό Μουσείο Μαραθώνα', 'osm_class': 'tourism', 'osm_type': 'museum', 'importance': 0.19938740066310082, 'ner_label': 'GPE', 'original_name': 'βρανα μαραθωνα'}]"
2024-08-12 21:23:23+00:00,1823108043308949817,newmoney.gr,Φωτιά στην Αττική: Ολονύχτια μάχη με δεκάδες εστίες και αναζωπυρώσεις σε Πεντέλη και Μαραθώνα (vid) | Ειδήσεις για την Οικονομία | newmoney https://t.co/w6l83y0ri8 https://t.co/uai6RD7f5R,0,0,,,,Φωτιά στην Αττική: Ολονύχτια μάχη με δεκάδες εστίες και αναζωπυρώσεις σε Πεντέλη και Μαραθώνα (vid) | Ειδήσεις για την Οικονομία | newmoney,φωτια στην αττικη: ολονυχτια μαχη με δεκαδες εστιες και αναζωπυρωσεις σε πεντελη και μαραθωνα (vid) | ειδησεις για την οικονομια | newmoney,φωτια αττικος ολονυχτια μαχη δεκαδα εστια αναζωπυρωσεις πεντελη μαραθωνα vid ειδησεις οικονομια newmoney,0.98,1,1,0,"[{'name': 'αττικη', 'ner_label': 'GPE'}, {'name': 'πεντελη', 'ner_label': 'GPE'}, {'name': 'μαραθωνα', 'ner_label': 'GPE'}]","[{'lat': 37.9995238, 'lon': 23.7228379, 'name': 'Αττική', 'osm_class': 'railway', 'osm_type': 'station', 'importance': 0.37797476194049984, 'ner_label': 'GPE', 'original_name': 'αττικη'}, {'lat': 38.0505896, 'lon': 23.8614591, 'name': 'Πεντέλη', 'osm_class': 'place', 'osm_type': 'suburb', 'importance': 0.49026558458181707, 'ner_label': 'GPE', 'original_name': 'πεντελη'}, {'lat': 38.1498866, 'lon': 24.0141843, 'name': 'Ολυμπιακό Κωπηλατοδρόμιο Σχινιά Μαραθώνα', 'osm_class': 'landuse', 'osm_type': 'recreation_ground', 'importance': 0.0800602922102693, 'ner_label': 'GPE', 'original_name': 'μαραθωνα'}]"
2024-08-12 21:24:11+00:00,1823108242660335617,Madata.GR,Φωτιά στην Αττική: «Καμπανάκι» από Κολυδά για κίνδυνο αναζωπυρώσεων τα ξημερώματα https://t.co/w6gv1NPAxV #MadataGR #greeknews #eidiseis,0,0,,,,Φωτιά στην Αττική: «Καμπανάκι» από Κολυδά για κίνδυνο αναζωπυρώσεων τα ξημερώματα #MadataGR #greeknews #eidiseis,φωτια στην αττικη: «καμπανακι» απο κολυδα για κινδυνο αναζωπυρωσεων τα ξημερωματα #madatagr #greeknews #eidiseis,φωτια αττικος καμπανακι κολυδα κινδυνος αναζωπυρωσεων ξημερωματα madata gr greeknews eidiseis,0.923,1,0,0,"[{'name': 'αττικη', 'ner_label': 'GPE'}]","[{'lat': 37.9995238, 'lon': 23.7228379, 'name': 'Αττική', 'osm_class': 'railway', 'osm_type': 'station', 'importance': 0.37797476194049984, 'ner_label': 'GPE', 'original_name': 'αττικη'}]"
2024-08-12 21:25:28+00:00,1823108567571812805,Ταξιδιώτης,#Φωτιά στην Αττική: Κάηκε το σπίτι του 65χρονου που καταδικάστηκε για την πυρκαγιά στο #Μάτι - «Δεν έχω λόγια» https://t.co/af7GL6uZDX https://t.co/x6Nga20BdH,1,1,,,,#Φωτιά στην Αττική: Κάηκε το σπίτι του 65χρονου που καταδικάστηκε για την πυρκαγιά στο #Μάτι - «Δεν έχω λόγια»,#φωτια στην αττικη: καηκε το σπιτι του 65χρονου που καταδικαστηκε για την πυρκαγια στο #ματι - «δεν εχω λογια»,φωτια αττικος καηκε σπιτι χρονος καταδικαζω πυρκαγια ματι λογος,0.72,1,0,1,"[{'name': 'αττικη', 'ner_label': 'GPE'}, {'name': 'ματι', 'ner_label': 'GPE'}]","[{'lat': 37.9995238, 'lon': 23.7228379, 'name': 'Αττική', 'osm_class': 'railway', 'osm_type': 'station', 'importance': 0.37797476194049984, 'ner_label': 'GPE', 'original_name': 'αττικη'}, {'lat': 40.9138035, 'lon': 24.0908794, 'name': 'Μάτι', 'osm_class': 'natural', 'osm_type': 'peak', 'importance': 0.43096957211662124, 'ner_label': 'GPE', 'original_name': 'ματι'}]"
2024-08-12 21:25:30+00:00,1823108575889068160,Politics World Wide Web,ΠΡΙΝ ΑΠΟ ΛΙΓΟ - ΒΙΝΤΕΟ ΑΠΟ ΤΗΝ ΜΕΓΑΛΗ ΦΩΤΙΑ ΣΤΟ ΠΡΩΗΝ ΣΤΡΑΤΟΠΕΔΟ «ΚΑΡΑΤΑΣΙΟΥ» ΣΤΗΝ ΠΟΛΙΧΝΗ ΘΕΣΣΑΛΟΝΙΚΗΣ  Γελάει ο Πρωθυπουργός   Παραιτηθείτε επιτέλους. Όλοι σας.  Δεν αντέχει πλέον αυτός ο τόπος το ζυγό και τη βρωμιά σας.   #φωτια  #Φωτια_τωρα  #φωτιατωρα  #Αττική  #Πυρκαγιά https://t.co/7BXegjdFdW,9,5,,,,ΠΡΙΝ ΑΠΟ ΛΙΓΟ - ΒΙΝΤΕΟ ΑΠΟ ΤΗΝ ΜΕΓΑΛΗ ΦΩΤΙΑ ΣΤΟ ΠΡΩΗΝ ΣΤΡΑΤΟΠΕΔΟ «ΚΑΡΑΤΑΣΙΟΥ» ΣΤΗΝ ΠΟΛΙΧΝΗ ΘΕΣΣΑΛΟΝΙΚΗΣ Γελάει ο Πρωθυπουργός Παραιτηθείτε επιτέλους. Όλοι σας. Δεν αντέχει πλέον αυτός ο τόπος το ζυγό και τη βρωμιά σας. #φωτια #Φωτια_τωρα #φωτιατωρα #Αττική #Πυρκαγιά,πριν απο λιγο - βιντεο απο την μεγαλη φωτια στο πρωην στρατοπεδο «καρατασιου» στην πολιχνη θεσσαλονικης γελαει ο πρωθυπουργος παραιτηθειτε επιτελους. ολοι σας. δεν αντεχει πλεον αυτος ο τοπος το ζυγο και τη βρωμια σας. #φωτια #φωτια_τωρα #φωτιατωρα #αττικη #πυρκαγια,απο λιγο βιντεο απο μεγαλη φωτια πρωην στρατοπεδο καρατασιου πολιχνη θεσσαλονικης γελαει πρωθυπουργος παραιτηθειτε επιτελους αντεχω τοπος ζυγος βρωμια φωτια φωτια τωρα φωτιατωρα αττικος πυρκαγια,0.894,1,0,1,"[{'name': 'στρατοπεδο « καρατασιου', 'ner_label': 'FAC'}, {'name': 'πολιχνη θεσσαλονικης', 'ner_label': 'GPE'}, {'name': 'αττικη', 'ner_label': 'GPE'}]","[{'lat': 40.6743348, 'lon': 22.9519698, 'name': 'Καρατάσιου', 'osm_class': 'natural', 'osm_type': 'scrub', 'importance': 0.10674071946288241, 'ner_label': 'FAC', 'original_name': 'στρατοπεδο « καρατασιου'}, {'lat': 37.9995238, 'lon': 23.7228379, 'name': 'Αττική', 'osm_class': 'railway', 'osm_type': 'station', 'importance': 0.37797476194049984, 'ner_label': 'GPE', 'original_name': 'αττικη'}]"
2024-08-12 21:26:40+00:00,1823108867162570832,Protothema.gr,"Φωτιά στην Αττική: Εξασθενημένοι οι άνεμοι τη νύχτα, μάχη με επίγειες δυνάμεις - Προσοχή τα ξημερώματα, λέει ο Κολυδάς https://t.co/ayPhd8dmxn https://t.co/dAyMhXjmrG",5,2,,,,"Φωτιά στην Αττική: Εξασθενημένοι οι άνεμοι τη νύχτα, μάχη με επίγειες δυνάμεις - Προσοχή τα ξημερώματα, λέει ο Κολυδάς","φωτια στην αττικη: εξασθενημενοι οι ανεμοι τη νυχτα, μαχη με επιγειες δυναμεις - προσοχη τα ξημερωματα, λεει ο κολυδας",φωτια αττικος εξασθενημενοι ανεμος νυχτα μαχη επιγειος δυναμη προσοχη ξημερωματα λεει κολυδας,0.97,1,0,0,"[{'name': 'αττικη', 'ner_label': 'GPE'}]","[{'lat': 37.9995238, 'lon': 23.7228379, 'name': 'Αττική', 'osm_class': 'railway', 'osm_type': 'station', 'importance': 0.37797476194049984, 'ner_label': 'GPE', 'original_name': 'αττικη'}]"
2024-08-12 21:27:04+00:00,1823108970430521555,agrinio24.gr,Φωτιά στην Αττική: Μάχη με τις φλόγες για δεύτερο 24ωρο – Ανυπολόγιστη καταστροφή -  https://t.co/thlvamdYgZ https://t.co/46Sqlo1nsL,0,0,,,,Φωτιά στην Αττική: Μάχη με τις φλόγες για δεύτερο 24ωρο – Ανυπολόγιστη καταστροφή -,φωτια στην αττικη: μαχη με τις φλογες για δευτερο 24ωρο – ανυπολογιστη καταστροφη -,φωτια αττικος μαχη φλογα δευτερος ωρο ανυπολογιστη καταστροφη,0.979,1,0,0,"[{'name': 'αττικη', 'ner_label': 'GPE'}]","[{'lat': 37.9995238, 'lon': 23.7228379, 'name': 'Αττική', 'osm_class': 'railway', 'osm_type': 'station', 'importance': 0.37797476194049984, 'ner_label': 'GPE', 'original_name': 'αττικη'}]"
2024-08-12 21:29:28+00:00,1823109571076133005,Penny Rage,"Υπάρχουν 3 μέτωπα  στον #Βρανά #Μαραθωνα, έχει σταλεί μνμ εκκένωσης  Μέτωπο πάνω από το #Γραμματικο, έχει κατεύθυνση προς  #ΆνωΣούλι σύμφωνα &amp; με τον δήμαρχο 3ο μέτωπο στην #ΝεαΜακρη  που μέχρι στιγμής δεν είναι απειλητικό για σπίτια #φωτια #Φωτια_τωρα #πυρκαγιά #Νεα_Μακρη",2,1,,,,"Υπάρχουν 3 μέτωπα στον #Βρανά #Μαραθωνα, έχει σταλεί μνμ εκκένωσης Μέτωπο πάνω από το #Γραμματικο, έχει κατεύθυνση προς #ΆνωΣούλι σύμφωνα & με τον δήμαρχο 3ο μέτωπο στην #ΝεαΜακρη που μέχρι στιγμής δεν είναι απειλητικό για σπίτια #φωτια #Φωτια_τωρα #πυρκαγιά #Νεα_Μακρη","υπαρχουν 3 μετωπα στον #βρανα #μαραθωνα, εχει σταλει μνμ εκκενωσης μετωπο πανω απο το #γραμματικο, εχει κατευθυνση προς #ανωσουλι συμφωνα & με τον δημαρχο 3ο μετωπο στην #νεαμακρη που μεχρι στιγμης δεν ειναι απειλητικο για σπιτια #φωτια #φωτια_τωρα #πυρκαγια #νεα_μακρη",υπαρχω μετωπο βρανα μαραθωνα σταλει μνμ εκκενωση μετωπο γραμματικο κατευθυνση σουλι συμφωνα δημαρχος ος μετωπο νεα μακρη στιγμη απειλητικος σπιτι φωτια φωτια τωρα πυρκαγια νεα μακρη,0.951,1,1,1,"[{'name': 'βρανα μαραθωνα', 'ner_label': 'GPE'}, {'name': 'γραμματικο', 'ner_label': 'GPE'}, {'name': 'ανωσουλι', 'ner_label': 'GPE'}, {'name': 'νεαμακρη', 'ner_label': 'GPE'}]","[{'lat': 38.1219138, 'lon': 23.9466557, 'name': 'Αρχαιολογικό Μουσείο Μαραθώνα', 'osm_class': 'tourism', 'osm_type': 'museum', 'importance': 0.19938740066310082, 'ner_label': 'GPE', 'original_name': 'βρανα μαραθωνα'}, {'lat': 38.202808, 'lon': 23.9674989, 'name': 'Γραμματικό', 'osm_class': 'place', 'osm_type': 'village', 'importance': 0.4763187189984269, 'ner_label': 'GPE', 'original_name': 'γραμματικο'}, {'lat': 38.1831563, 'lon': 23.9779323, 'name': 'Άνω Σούλι', 'osm_class': 'place', 'osm_type': 'village', 'importance': 0.14672695887693593, 'ner_label': 'GPE', 'original_name': 'ανωσουλι'}, {'lat': 38.083049, 'lon': 23.97907, 'name': 'Νέα Μάκρη', 'osm_class': 'place', 'osm_type': 'town', 'importance': 0.1600602922102693, 'ner_label': 'GPE', 'original_name': 'νεαμακρη'}]"
2024-08-12 21:32:10+00:00,1823110251861639484,Δημήτρης Τζιβελέκης,Φωτιά στην Αττική: Ολονύχτια μάχη σε Πεντέλη και Μαραθώνα https://t.co/ENJew3A6u0 μέσω @Newspepper,0,0,,,,Φωτιά στην Αττική: Ολονύχτια μάχη σε Πεντέλη και Μαραθώνα μέσω,φωτια στην αττικη: ολονυχτια μαχη σε πεντελη και μαραθωνα μεσω,φωτια αττικος ολονυχτια μαχη πεντελη μαραθωνας,0.986,1,0,0,"[{'name': 'αττικη', 'ner_label': 'GPE'}, {'name': 'πεντελη', 'ner_label': 'GPE'}, {'name': 'μαραθωνα', 'ner_label': 'GPE'}]","[{'lat': 37.9995238, 'lon': 23.7228379, 'name': 'Αττική', 'osm_class': 'railway', 'osm_type': 'station', 'importance': 0.37797476194049984, 'ner_label': 'GPE', 'original_name': 'αττικη'}, {'lat': 38.0505896, 'lon': 23.8614591, 'name': 'Πεντέλη', 'osm_class': 'place', 'osm_type': 'suburb', 'importance': 0.49026558458181707, 'ner_label': 'GPE', 'original_name': 'πεντελη'}, {'lat': 38.1498866, 'lon': 24.0141843, 'name': 'Ολυμπιακό Κωπηλατοδρόμιο Σχινιά Μαραθώνα', 'osm_class': 'landuse', 'osm_type': 'recreation_ground', 'importance': 0.0800602922102693, 'ner_label': 'GPE', 'original_name': 'μαραθωνα'}]"
2024-08-12 21:32:12+00:00,1823110259952451855,philenews,"Ξεσπά κάτοικος για φωτιά στην Αττική: «Ετοιμάζεται να μπει στα σπίτια, δεν υπάρχει ούτε ένα πυροσβεστικό» https://t.co/iGURCEpz97",0,0,,,,"Ξεσπά κάτοικος για φωτιά στην Αττική: «Ετοιμάζεται να μπει στα σπίτια, δεν υπάρχει ούτε ένα πυροσβεστικό»","ξεσπα κατοικος για φωτια στην αττικη: «ετοιμαζεται να μπει στα σπιτια, δεν υπαρχει ουτε ενα πυροσβεστικο»",ξεσπα κατοικος φωτια αττικος ετοιμαζεται μπαινω σπιτι υπαρχω πυροσβεστικο,0.646,1,0,1,"[{'name': 'αττικη', 'ner_label': 'GPE'}]","[{'lat': 37.9995238, 'lon': 23.7228379, 'name': 'Αττική', 'osm_class': 'railway', 'osm_type': 'station', 'importance': 0.37797476194049984, 'ner_label': 'GPE', 'original_name': 'αττικη'}]"
2024-08-12 21:33:12+00:00,1823110512743428568,Zougla.gr,Προσήχθησαν δύο ανήλικοι και οι γονείς τους για την πυρκαγιά στη Γλυφάδα https://t.co/5pVp09ItGT,0,0,,,,Προσήχθησαν δύο ανήλικοι και οι γονείς τους για την πυρκαγιά στη Γλυφάδα,προσηχθησαν δυο ανηλικοι και οι γονεις τους για την πυρκαγια στη γλυφαδα,προσηχθησαν δυο ανηλικος γονεις πυρκαγια γλυφαδα,0.59,1,0,1,"[{'name': 'γλυφαδα', 'ner_label': 'GPE'}]","[{'lat': 37.8829987, 'lon': 23.767983, 'name': 'Δήμος Γλυφάδας', 'osm_class': 'boundary', 'osm_type': 'administrative', 'importance': 0.2853231881743613, 'ner_label': 'GPE', 'original_name': 'γλυφαδα'}]"
2024-08-12 21:34:09+00:00,1823110751839813913,Madata.GR,Κάηκε στην Πεντέλη το σπίτι του ανθρώπου που ξεκίνησε τη φωτιά στο Μάτι https://t.co/j5QbczN4cY #MadataGR #greeknews #eidiseis,1,0,,,,Κάηκε στην Πεντέλη το σπίτι του ανθρώπου που ξεκίνησε τη φωτιά στο Μάτι #MadataGR #greeknews #eidiseis,καηκε στην πεντελη το σπιτι του ανθρωπου που ξεκινησε τη φωτια στο ματι #madatagr #greeknews #eidiseis,καηκε πεντελη σπιτι ανθρωπου ξεκινω φωτια ματι madata gr greeknews eidiseis,0.844,1,0,1,"[{'name': 'πεντελη', 'ner_label': 'GPE'}, {'name': 'ματι', 'ner_label': 'GPE'}]","[{'lat': 38.0505896, 'lon': 23.8614591, 'name': 'Πεντέλη', 'osm_class': 'place', 'osm_type': 'suburb', 'importance': 0.49026558458181707, 'ner_label': 'GPE', 'original_name': 'πεντελη'}, {'lat': 40.9138035, 'lon': 24.0908794, 'name': 'Μάτι', 'osm_class': 'natural', 'osm_type': 'peak', 'importance': 0.43096957211662124, 'ner_label': 'GPE', 'original_name': 'ματι'}]"
2024-08-12 21:34:27+00:00,1823110824946291172,Penny Rage,ΕΙΜΑΣΤΕ ΣΕ ΠΟΛΕΜΟ ΝΤΕ ΦΑΚΤΟ  #Φωτια στο στρατόπεδο #Καρατάσου στη δυτικη  #Θεσσαλονίκη. Δυνάμεις της #πυροσβεστικης  εχουν φτασει 6 #πυροσβεστικα και 28 #Πυροσβεστες  η φωτιά καίει πεύκο εντός του στρατοπέδου #Φωτια_τωρα #πυρκαγιά https://t.co/mAKneR9fey,50,10,,,,ΕΙΜΑΣΤΕ ΣΕ ΠΟΛΕΜΟ ΝΤΕ ΦΑΚΤΟ #Φωτια στο στρατόπεδο #Καρατάσου στη δυτικη #Θεσσαλονίκη. Δυνάμεις της #πυροσβεστικης εχουν φτασει 6 #πυροσβεστικα και 28 #Πυροσβεστες η φωτιά καίει πεύκο εντός του στρατοπέδου #Φωτια_τωρα #πυρκαγιά,ειμαστε σε πολεμο ντε φακτο #φωτια στο στρατοπεδο #καρατασου στη δυτικη #θεσσαλονικη. δυναμεις της #πυροσβεστικης εχουν φτασει 6 #πυροσβεστικα και 28 #πυροσβεστες η φωτια καιει πευκο εντος του στρατοπεδου #φωτια_τωρα #πυρκαγια,ειμαστε πολεμο ντε φακτο φωτια στρατοπεδο καρατασου δυτικη θεσσαλονικη δυναμη πυροσβεστικη εχω φτανω πυροσβεστικα πυροσβεστες φωτια καιω πευκο στρατοπεδου φωτια τωρα πυρκαγια,0.967,1,1,1,"[{'name': 'στρατοπεδο καρατασου', 'ner_label': 'FAC'}, {'name': 'θεσσαλονικη', 'ner_label': 'GPE'}]","[{'lat': 40.6743348, 'lon': 22.9519698, 'name': 'Καρατάσιου', 'osm_class': 'natural', 'osm_type': 'scrub', 'importance': 0.10674071946288241, 'ner_label': 'FAC', 'original_name': 'στρατοπεδο καρατασου'}, {'lat': 40.6403167, 'lon': 22.9352716, 'name': 'Θεσσαλονίκη', 'osm_class': 'place', 'osm_type': 'city', 'importance': 0.7032802514986225, 'ner_label': 'GPE', 'original_name': 'θεσσαλονικη'}]"
2024-08-12 21:37:22+00:00,1823111559725641742,Stylianou maria,Φωτιά στην Αττική: Δίχως ενεργό μέτωπο.  Επιτέλους,0,0,,,,Φωτιά στην Αττική: Δίχως ενεργό μέτωπο. Επιτέλους,φωτια στην αττικη: διχως ενεργο μετωπο. επιτελους,φωτια αττικος ενεργος μετωπο επιτελους,0.981,1,1,0,"[{'name': 'αττικη', 'ner_label': 'GPE'}]","[{'lat': 37.9995238, 'lon': 23.7228379, 'name': 'Αττική', 'osm_class': 'railway', 'osm_type': 'station', 'importance': 0.37797476194049984, 'ner_label': 'GPE', 'original_name': 'αττικη'}]"
2024-08-12 21:38:13+00:00,1823111774658527718,Stylianou maria,"Φωτιά στην Άνω Γλυφάδα: Δυο συλλήψεις για εμπρησμό.  Έτσι, μπράβο !",0,0,,,,"Φωτιά στην Άνω Γλυφάδα: Δυο συλλήψεις για εμπρησμό. Έτσι, μπράβο !","φωτια στην ανω γλυφαδα: δυο συλληψεις για εμπρησμο. ετσι, μπραβο !",φωτια γλυφαδα δυο συλληψεις εμπρησμος μπραβο,0.643,1,0,1,"[{'name': 'ανω γλυφαδα', 'ner_label': 'GPE'}]","[{'lat': 37.8814649, 'lon': 23.7656896, 'name': 'Άνω Γλυφάδα', 'osm_class': 'place', 'osm_type': 'quarter', 'importance': 0.13341660715648124, 'ner_label': 'GPE', 'original_name': 'ανω γλυφαδα'}]"
2024-08-12 21:38:19+00:00,1823111798272278849,ΤΟ ΠΟΝΤΙΚΙ,Φωτιά στην Αττική: Δραματική μάχη για να σωθεί η Μονή Πεντέλης – Video που κόβει την ανάσα https://t.co/2SOXQjuksL https://t.co/cUCSckaCKT,2,1,,,,Φωτιά στην Αττική: Δραματική μάχη για να σωθεί η Μονή Πεντέλης – Video που κόβει την ανάσα,φωτια στην αττικη: δραματικη μαχη για να σωθει η μονη πεντελης – video που κοβει την ανασα,φωτια αττικος δραματικη μαχη σωθει μονη πεντελης video κοβω ανασα,0.965,1,0,1,"[{'name': 'αττικη', 'ner_label': 'GPE'}, {'name': 'μονη πεντελης', 'ner_label': 'FAC'}]","[{'lat': 37.9995238, 'lon': 23.7228379, 'name': 'Αττική', 'osm_class': 'railway', 'osm_type': 'station', 'importance': 0.37797476194049984, 'ner_label': 'GPE', 'original_name': 'αττικη'}, {'lat': 38.0524716, 'lon': 23.8668238, 'name': 'Μονή Κοιμήσεως Θεοτόκου Πεντέλης', 'osm_class': 'amenity', 'osm_type': 'monastery', 'importance': 8.327382314789071e-05, 'ner_label': 'FAC', 'original_name': 'μονη πεντελης'}]"
2024-08-12 21:38:40+00:00,1823111886709072100,Το Διαφθορείο,"@silvestros_v 900000 στρέμματα κάηκαν πέρυσι στον Έβρο,20 μέρες έκαιγε η φωτιά ξεκίνησε από τον κεντρικό Έβρο και έφτασε να σβήσει στην Κομοτηνή, κοπριτες άριστοι σε αγαστη συνεργασία με κάθε λογής κολλητό εργολαβο",1,0,,,,"900000 στρέμματα κάηκαν πέρυσι στον Έβρο,20 μέρες έκαιγε η φωτιά ξεκίνησε από τον κεντρικό Έβρο και έφτασε να σβήσει στην Κομοτηνή, κοπριτες άριστοι σε αγαστη συνεργασία με κάθε λογής κολλητό εργολαβο","900000 στρεμματα καηκαν περυσι στον εβρο,20 μερες εκαιγε η φωτια ξεκινησε απο τον κεντρικο εβρο και εφτασε να σβησει στην κομοτηνη, κοπριτες αριστοι σε αγαστη συνεργασια με καθε λογης κολλητο εργολαβο",στρεμματα καηκαν εβρο μερα εκαιγε φωτια ξεκινω κεντρικος εβρος εφτασε σβησει κομοτηνη κοπριτος αριστος αγαστη συνεργασια λογης κολλητο εργολαβο,0.587,1,1,1,"[{'name': 'εβρο', 'ner_label': 'GPE'}, {'name': 'κομοτηνη', 'ner_label': 'GPE'}]","[{'lat': 41.1182, 'lon': 25.4035708, 'name': 'Κομοτηνή', 'osm_class': 'place', 'osm_type': 'city', 'importance': 0.5427711408507097, 'ner_label': 'GPE', 'original_name': 'κομοτηνη'}]"
2024-08-12 21:39:02+00:00,1823111978421747995,Petros Harizaklis,"Φωτιά στη Δυτική Θεσσαλονίκη, εντός του πρώην Στρατοπέδου Καρατάσιου. Ευτυχώς ήρθε άμεσα η Πυροσβεστική. #φωτια #Φωτια_τωρα #Πολίχνη https://t.co/UL0CTqSOo5",9,1,,,,"Φωτιά στη Δυτική Θεσσαλονίκη, εντός του πρώην Στρατοπέδου Καρατάσιου. Ευτυχώς ήρθε άμεσα η Πυροσβεστική. #φωτια #Φωτια_τωρα #Πολίχνη","φωτια στη δυτικη θεσσαλονικη, εντος του πρωην στρατοπεδου καρατασιου. ευτυχως ηρθε αμεσα η πυροσβεστικη. #φωτια #φωτια_τωρα #πολιχνη",φωτια δυτικη θεσσαλονικη πρωην στρατοπεδου καρατασιος ηρθε πυροσβεστικη φωτια φωτια τωρα πολιχνη,0.986,1,0,1,"[{'name': 'θεσσαλονικη', 'ner_label': 'GPE'}, {'name': 'στρατοπεδου καρατασιου', 'ner_label': 'FAC'}, {'name': 'πολιχνη', 'ner_label': 'GPE'}]","[{'lat': 40.6403167, 'lon': 22.9352716, 'name': 'Θεσσαλονίκη', 'osm_class': 'place', 'osm_type': 'city', 'importance': 0.7032802514986225, 'ner_label': 'GPE', 'original_name': 'θεσσαλονικη'}, {'lat': 40.6743348, 'lon': 22.9519698, 'name': 'Καρατάσιου', 'osm_class': 'natural', 'osm_type': 'scrub', 'importance': 0.10674071946288241, 'ner_label': 'FAC', 'original_name': 'στρατοπεδου καρατασιου'}, {'lat': 40.6648612, 'lon': 22.9500903, 'name': 'Πολίχνη', 'osm_class': 'place', 'osm_type': 'suburb', 'importance': 0.1467407194628824, 'ner_label': 'GPE', 'original_name': 'πολιχνη'}]"
2024-08-12 21:39:16+00:00,1823112039931228442,enikos.gr,Φωτιά στην Αττική: Κάηκε το σπίτι του ανθρώπου που καταδικάστηκε για την πυρκαγιά στο Μάτι – ΒΙΝΤΕΟ https://t.co/TuZ9LGhceM,6,1,,,,Φωτιά στην Αττική: Κάηκε το σπίτι του ανθρώπου που καταδικάστηκε για την πυρκαγιά στο Μάτι – ΒΙΝΤΕΟ,φωτια στην αττικη: καηκε το σπιτι του ανθρωπου που καταδικαστηκε για την πυρκαγια στο ματι – βιντεο,φωτια αττικος καηκε σπιτι ανθρωπου καταδικαζω πυρκαγια ματι βιντεο,0.364,1,0,1,"[{'name': 'αττικη', 'ner_label': 'GPE'}, {'name': 'ματι', 'ner_label': 'GPE'}]","[{'lat': 37.9995238, 'lon': 23.7228379, 'name': 'Αττική', 'osm_class': 'railway', 'osm_type': 'station', 'importance': 0.37797476194049984, 'ner_label': 'GPE', 'original_name': 'αττικη'}, {'lat': 40.9138035, 'lon': 24.0908794, 'name': 'Μάτι', 'osm_class': 'natural', 'osm_type': 'peak', 'importance': 0.43096957211662124, 'ner_label': 'GPE', 'original_name': 'ματι'}]"
2024-08-12 21:39:25+00:00,1823112077868691522,enikos.gr,"Φωτιά στην Αττική: Ήρωες με κουβάδες, κλαδιά και λάστιχα – Πολίτες παλεύουν με τις φλόγες – ΒΙΝΤΕΟ https://t.co/Mdm7rJhypL",4,2,,,,"Φωτιά στην Αττική: Ήρωες με κουβάδες, κλαδιά και λάστιχα – Πολίτες παλεύουν με τις φλόγες – ΒΙΝΤΕΟ","φωτια στην αττικη: ηρωες με κουβαδες, κλαδια και λαστιχα – πολιτες παλευουν με τις φλογες – βιντεο",φωτια αττικος ηρωες κουβαδα κλαδια λαστιχα πολιτες παλευω φλογα βιντεο,0.854,1,1,0,"[{'name': 'αττικη', 'ner_label': 'GPE'}]","[{'lat': 37.9995238, 'lon': 23.7228379, 'name': 'Αττική', 'osm_class': 'railway', 'osm_type': 'station', 'importance': 0.37797476194049984, 'ner_label': 'GPE', 'original_name': 'αττικη'}]"
2024-08-12 21:39:56+00:00,1823112207757918219,drafti,@omadaalithias Γι αυτό έφθασε η φωτιά στο Χαλάνδρι.......,1,0,,,,Γι αυτό έφθασε η φωτιά στο Χαλάνδρι...,γι αυτο εφθασε η φωτια στο χαλανδρι...,εφθασε φωτια χαλανδρι,0.968,1,0,0,"[{'name': 'χαλανδρι', 'ner_label': 'GPE'}]","[{'lat': 38.0217116, 'lon': 23.8207549, 'name': 'Χαλάνδρι', 'osm_class': 'railway', 'osm_type': 'station', 'importance': 0.3446563915113022, 'ner_label': 'GPE', 'original_name': 'χαλανδρι'}]"
2024-08-12 21:40:47+00:00,1823112421281849431,Lore More,Ηλεία: Νυχτερινή φωτιά σε χορτολιβαδική έκταση στη θέση Δίχαλο της παλαιάς Μανωλάδας- Καίγονται ξερόχορτα και καλαμιώνες- Στο σημείο ισχυρή δύναμη της Πυροσβεστικής (Photos) https://t.co/saVeMKolax vía @Iliaweb.gr,0,0,,,,Ηλεία: Νυχτερινή φωτιά σε χορτολιβαδική έκταση στη θέση Δίχαλο της παλαιάς Μανωλάδας- Καίγονται ξερόχορτα και καλαμιώνες- Στο σημείο ισχυρή δύναμη της Πυροσβεστικής (Photos) vía .gr,ηλεια: νυχτερινη φωτια σε χορτολιβαδικη εκταση στη θεση διχαλο της παλαιας μανωλαδας- καιγονται ξεροχορτα και καλαμιωνες- στο σημειο ισχυρη δυναμη της πυροσβεστικης (photos) via .gr,ηλεια νυχτερινη φωτια χορτολιβαδικος εκταση θεση διχαλο παλαιας μανωλαδα καιγονται ξεροχορτα καλαμιωνας σημειο ισχυρος δυναμη πυροσβεστικη photos via gr,0.989,1,1,0,"[{'name': 'ηλεια', 'ner_label': 'GPE'}, {'name': 'διχαλο', 'ner_label': 'LOC'}, {'name': 'παλαιας μανωλαδας', 'ner_label': 'GPE'}]","[{'lat': 37.9936247, 'lon': 23.6523232, 'name': 'Πλατεία Προφήτη Ηλεία', 'osm_class': 'place', 'osm_type': 'square', 'importance': 0.0667499404898146, 'ner_label': 'GPE', 'original_name': 'ηλεια'}, {'lat': 41.1024919, 'lon': 23.7680848, 'name': 'Δίχαλο', 'osm_class': 'place', 'osm_type': 'locality', 'importance': 0.06671487067978941, 'ner_label': 'LOC', 'original_name': 'διχαλο'}]"
2024-08-12 21:43:12+00:00,1823113026788012038,newsbomb.gr,Φωτιά στην Αττική: Αναζωπύρωση στη «γραμμή» Γραμματικού - Μαραθώνα https://t.co/K3aMWPxQt8,0,0,,,,Φωτιά στην Αττική: Αναζωπύρωση στη «γραμμή» Γραμματικού - Μαραθώνα,φωτια στην αττικη: αναζωπυρωση στη «γραμμη» γραμματικου - μαραθωνα,φωτια αττικος αναζωπυρωση γραμμη γραμματικος μαραθωνας,0.991,1,0,0,"[{'name': 'αττικη', 'ner_label': 'GPE'}, {'name': 'γραμματικου', 'ner_label': 'LOC'}, {'name': 'μαραθωνα', 'ner_label': 'GPE'}]","[{'lat': 37.9995238, 'lon': 23.7228379, 'name': 'Αττική', 'osm_class': 'railway', 'osm_type': 'station', 'importance': 0.37797476194049984, 'ner_label': 'GPE', 'original_name': 'αττικη'}, {'lat': 38.202808, 'lon': 23.9674989, 'name': 'Γραμματικό', 'osm_class': 'place', 'osm_type': 'village', 'importance': 0.4763187189984269, 'ner_label': 'LOC', 'original_name': 'γραμματικου'}, {'lat': 38.1498866, 'lon': 24.0141843, 'name': 'Ολυμπιακό Κωπηλατοδρόμιο Σχινιά Μαραθώνα', 'osm_class': 'landuse', 'osm_type': 'recreation_ground', 'importance': 0.0800602922102693, 'ner_label': 'GPE', 'original_name': 'μαραθωνα'}]"
2024-08-12 21:44:29+00:00,1823113350080778330,Ο Μπίρλας κι ο Κόρκος,Στη Νέα Μάκρη παίζει Φωτιά στο λιμάνι,5,2,,,,Στη Νέα Μάκρη παίζει Φωτιά στο λιμάνι,στη νεα μακρη παιζει φωτια στο λιμανι,νεος μακρη παιζω φωτια λιμανι,0.984,1,0,0,"[{'name': 'νεα μακρη', 'ner_label': 'FAC'}]","[{'lat': 38.083049, 'lon': 23.97907, 'name': 'Νέα Μάκρη', 'osm_class': 'place', 'osm_type': 'town', 'importance': 0.1600602922102693, 'ner_label': 'FAC', 'original_name': 'νεα μακρη'}]"
2024-08-12 21:45:47+00:00,1823113677471449178,enikos.gr,Φωτιά στην Αττική: Μάχη με τις διάσπαρτες εστίες και τις συνεχείς αναζωπυρώσεις – Το σχέδιο της Πυροσβεστικής και οι προβλέψεις των μετεωρολόγων για την ένταση των ανέμων https://t.co/PZqI7XwOIl,2,1,,,,Φωτιά στην Αττική: Μάχη με τις διάσπαρτες εστίες και τις συνεχείς αναζωπυρώσεις – Το σχέδιο της Πυροσβεστικής και οι προβλέψεις των μετεωρολόγων για την ένταση των ανέμων,φωτια στην αττικη: μαχη με τις διασπαρτες εστιες και τις συνεχεις αναζωπυρωσεις – το σχεδιο της πυροσβεστικης και οι προβλεψεις των μετεωρολογων για την ενταση των ανεμων,φωτια αττικος μαχη διασπαρτος εστια συνεχης αναζωπυρωσεις σχεδιο πυροσβεστικη προβλεψεις μετεωρολογος ενταση ανεμων,0.962,1,0,0,"[{'name': 'αττικη', 'ner_label': 'GPE'}]","[{'lat': 37.9995238, 'lon': 23.7228379, 'name': 'Αττική', 'osm_class': 'railway', 'osm_type': 'station', 'importance': 0.37797476194049984, 'ner_label': 'GPE', 'original_name': 'αττικη'}]"
2024-08-12 21:46:53+00:00,1823113957197987926,Penny Rage,#Πυρκαγιά ξέσπασε λίγο πριν τα μεσάνυχτα σε εγκαταλελειμμένο κτήριο στα όρια Πολίχνης - Ευκαρπίας στις εγκαταστάσεις του πρώην στρατοπέδου Καρατάσιου. https://t.co/BtBHLzSLwW https://t.co/z3x40KSmdU,1,0,,,,#Πυρκαγιά ξέσπασε λίγο πριν τα μεσάνυχτα σε εγκαταλελειμμένο κτήριο στα όρια Πολίχνης - Ευκαρπίας στις εγκαταστάσεις του πρώην στρατοπέδου Καρατάσιου.,#πυρκαγια ξεσπασε λιγο πριν τα μεσανυχτα σε εγκαταλελειμμενο κτηριο στα ορια πολιχνης - ευκαρπιας στις εγκαταστασεις του πρωην στρατοπεδου καρατασιου.,πυρκαγια ξεσπασε μεσανυχτα εγκαταλελειμμενος κτηριο οριο πολιχνη ευκαρπια εγκατασταση πρωην στρατοπεδου καρατασιος,0.99,1,0,1,"[{'name': 'ευκαρπιας', 'ner_label': 'GPE'}, {'name': 'στρατοπεδου καρατασιου', 'ner_label': 'FAC'}]","[{'lat': 40.6743348, 'lon': 22.9519698, 'name': 'Καρατάσιου', 'osm_class': 'natural', 'osm_type': 'scrub', 'importance': 0.10674071946288241, 'ner_label': 'FAC', 'original_name': 'στρατοπεδου καρατασιου'}, {'lat': 40.6936323, 'lon': 22.954289, 'name': 'Δημοτική Ενότητα Ευκαρπίας', 'osm_class': 'boundary', 'osm_type': 'administrative', 'importance': 0.1867407194628824, 'ner_label': 'GPE', 'original_name': 'ευκαρπιας'}]"
2024-08-12 21:46:54+00:00,1823113961275085298,Zoe_Delta,#Αττική #πυρκαγιά #φωτια  Εντωμεταξύ λένε ηρέμησε λίγο η κατάσταση αλλά σε περιοχή του Μαραθώνα στέλνουν 112 για εκκένωση,8,4,,,,#Αττική #πυρκαγιά #φωτια Εντωμεταξύ λένε ηρέμησε λίγο η κατάσταση αλλά σε περιοχή του Μαραθώνα στέλνουν 112 για εκκένωση,#αττικη #πυρκαγια #φωτια εντωμεταξυ λενε ηρεμησε λιγο η κατασταση αλλα σε περιοχη του μαραθωνα στελνουν 112 για εκκενωση,αττικος πυρκαγια φωτια λενε ηρεμησε κατασταση περιοχη μαραθωνας στελνω εκκενωση,0.352,1,0,1,"[{'name': 'αττικη', 'ner_label': 'GPE'}, {'name': 'μαραθωνα', 'ner_label': 'GPE'}]","[{'lat': 37.9995238, 'lon': 23.7228379, 'name': 'Αττική', 'osm_class': 'railway', 'osm_type': 'station', 'importance': 0.37797476194049984, 'ner_label': 'GPE', 'original_name': 'αττικη'}, {'lat': 38.1498866, 'lon': 24.0141843, 'name': 'Ολυμπιακό Κωπηλατοδρόμιο Σχινιά Μαραθώνα', 'osm_class': 'landuse', 'osm_type': 'recreation_ground', 'importance': 0.0800602922102693, 'ner_label': 'GPE', 'original_name': 'μαραθωνα'}]"
2024-08-12 21:47:06+00:00,1823114008913977605,Zougla.gr,Φωτιά στην Αμπελιά Φαρσάλων – Τέθηκε υπό μερικό έλεγχο https://t.co/FEnvjWkOuk,0,0,,,,Φωτιά στην Αμπελιά Φαρσάλων – Τέθηκε υπό μερικό έλεγχο,φωτια στην αμπελια φαρσαλων – τεθηκε υπο μερικο ελεγχο,φωτια αμπελια φαρσαλων τεθηκε μερικος ελεγχος,0.99,1,0,0,"[{'name': 'αμπελια φαρσαλων', 'ner_label': 'GPE'}]","[{'lat': 39.3048855, 'lon': 22.4766616, 'name': 'ΔΕΣΦΑ Αμπελιά', 'osm_class': 'landuse', 'osm_type': 'industrial', 'importance': 0.0800571732661936, 'ner_label': 'GPE', 'original_name': 'αμπελια φαρσαλων'}]"
2024-08-12 21:48:41+00:00,1823114406894485611,112 Greece,⚠️ Ενεργοποίηση 1️⃣1️⃣2️⃣  🔥 Δασική πυρκαγιά στην περιοχή #Μαραθώνα  ❗ Παραμείνετε σε ετοιμότητα  ‼️ Ακολουθείτε τις οδηγίες των Αρχών  ℹ️ https://t.co/kexUnlnGMV  @pyrosvestiki  @hellenicpolice,27,18,,,,Ενεργοποίηση Δασική πυρκαγιά στην περιοχή #Μαραθώνα Παραμείνετε σε ετοιμότητα Ακολουθείτε τις οδηγίες των Αρχών,ενεργοποιηση δασικη πυρκαγια στην περιοχη #μαραθωνα παραμεινετε σε ετοιμοτητα ακολουθειτε τις οδηγιες των αρχων,ενεργοποιηση δασικος πυρκαγια περιοχη μαραθωνα παραμεινετε ετοιμοτητα ακολουθειτε οδηγια αρχων,0.989,1,1,1,"[{'name': 'μαραθωνα', 'ner_label': 'GPE'}]","[{'lat': 38.1498866, 'lon': 24.0141843, 'name': 'Ολυμπιακό Κωπηλατοδρόμιο Σχινιά Μαραθώνα', 'osm_class': 'landuse', 'osm_type': 'recreation_ground', 'importance': 0.0800602922102693, 'ner_label': 'GPE', 'original_name': 'μαραθωνα'}]"
2024-08-12 21:49:20+00:00,1823114572363862174,Penny Rage,#Μαραθωνας ! Μήπως παραείναι κοντά στο βενζινάδικο;; ´ #φωτια #Φωτια_τωρα #πυρκαγιά https://t.co/dvDXDpLsO9,7,1,,,,#Μαραθωνας ! Μήπως παραείναι κοντά στο βενζινάδικο; ´ #φωτια #Φωτια_τωρα #πυρκαγιά,#μαραθωνας ! μηπως παραειναι κοντα στο βενζιναδικο; ´ #φωτια #φωτια_τωρα #πυρκαγια,μαραθωνας παραειναι βενζιναδικο φωτια φωτια τωρα πυρκαγια,0.509,1,0,1,"[{'name': 'μαραθωνας', 'ner_label': 'GPE'}]","[{'lat': 38.1498866, 'lon': 24.0141843, 'name': 'Ολυμπιακό Κωπηλατοδρόμιο Σχινιά Μαραθώνα', 'osm_class': 'landuse', 'osm_type': 'recreation_ground', 'importance': 0.0800602922102693, 'ner_label': 'GPE', 'original_name': 'μαραθωνας'}]"
2024-08-12 21:52:38+00:00,1823115402945462638,Penny Rage,μικρή αναζωπύρωση έσκασε στο #Αστεροσκοπειο  #φωτια #Φωτια_τωρα #πυρκαγια https://t.co/0yMLskjOV3,1,1,,,,μικρή αναζωπύρωση έσκασε στο #Αστεροσκοπειο #φωτια #Φωτια_τωρα #πυρκαγια,μικρη αναζωπυρωση εσκασε στο #αστεροσκοπειο #φωτια #φωτια_τωρα #πυρκαγια,μικρος αναζωπυρωση εσκασε αστεροσκοπειο φωτια φωτια τωρα πυρκαγια,0.976,1,0,0,"[{'name': 'αστεροσκοπειο', 'ner_label': 'FAC'}]","[{'lat': 37.9731246, 'lon': 23.7199851, 'name': 'Αστεροσκοπείο', 'osm_class': 'place', 'osm_type': 'neighbourhood', 'importance': 0.3841981265934431, 'ner_label': 'FAC', 'original_name': 'αστεροσκοπειο'}]"
2024-08-12 21:52:58+00:00,1823115488106316059,The Endless River ☘️,Να πας από δασική πυρκαγιά στο Χαλάνδρι φίλε. Τι απόδοση να δίνει#πυρκαγιά,1,1,,,,Να πας από δασική πυρκαγιά στο Χαλάνδρι φίλε. Τι απόδοση να δίνει#πυρκαγιά,να πας απο δασικη πυρκαγια στο χαλανδρι φιλε. τι αποδοση να δινει#πυρκαγια,πας δασικος πυρκαγια χαλανδρι φιλε αποδοση δινειπυρκαγια,0.86,1,1,0,"[{'name': 'χαλανδρι', 'ner_label': 'GPE'}]","[{'lat': 38.0217116, 'lon': 23.8207549, 'name': 'Χαλάνδρι', 'osm_class': 'railway', 'osm_type': 'station', 'importance': 0.3446563915113022, 'ner_label': 'GPE', 'original_name': 'χαλανδρι'}]"
2024-08-12 21:55:21+00:00,1823116086146932866,Bizznews.gr,Φωτιά στην Αττική: Μάχη με τις διάσπαρτες εστίες και τις συνεχείς αναζωπυρώσεις – Το σχέδιο της Πυροσβεστικής και οι προβλέψεις των μετεωρολόγων για την ένταση των ανέμων -  https://t.co/GsbUiHNmBY,0,0,,,,Φωτιά στην Αττική: Μάχη με τις διάσπαρτες εστίες και τις συνεχείς αναζωπυρώσεις – Το σχέδιο της Πυροσβεστικής και οι προβλέψεις των μετεωρολόγων για την ένταση των ανέμων -,φωτια στην αττικη: μαχη με τις διασπαρτες εστιες και τις συνεχεις αναζωπυρωσεις – το σχεδιο της πυροσβεστικης και οι προβλεψεις των μετεωρολογων για την ενταση των ανεμων -,φωτια αττικος μαχη διασπαρτος εστια συνεχης αναζωπυρωσεις σχεδιο πυροσβεστικη προβλεψεις μετεωρολογος ενταση ανεμων,0.965,1,0,0,"[{'name': 'αττικη', 'ner_label': 'GPE'}]","[{'lat': 37.9995238, 'lon': 23.7228379, 'name': 'Αττική', 'osm_class': 'railway', 'osm_type': 'station', 'importance': 0.37797476194049984, 'ner_label': 'GPE', 'original_name': 'αττικη'}]"
2024-08-12 21:56:05+00:00,1823116270054658062,B.K,Πάνω από 100.000 στρέμματα έγιναν στάχτη https://t.co/6Fpg2SXAIr  Μέχρι και το μεσημέρι της Δευτέρας η πυρκαγιά επηρέασε προσεγγιστικά περίπου 100 χιλιάδες στρέμματα.,14,5,,,,Πάνω από 100.000 στρέμματα έγιναν στάχτη Μέχρι και το μεσημέρι της Δευτέρας η πυρκαγιά επηρέασε προσεγγιστικά περίπου 100 χιλιάδες στρέμματα.,πανω απο 100.000 στρεμματα εγιναν σταχτη μεχρι και το μεσημερι της δευτερας η πυρκαγια επηρεασε προσεγγιστικα περιπου 100 χιλιαδες στρεμματα.,στρεμματα σταχτη μεσημερι δευτερας πυρκαγια επηρεασε προσεγγιστικα χιλιαδα στρεμματο,0.601,1,1,1,[],[]
2024-08-12 21:56:48+00:00,1823116449746928100,Creta One,Φωτιά στην Αττική: Η στιγμή που νερό από τα ελικόπτερα πέφτει πάνω στο τηλεοπτικό συνεργείο του ΣΚΑΪ https://t.co/Dk32NaVXEE,0,0,,,,Φωτιά στην Αττική: Η στιγμή που νερό από τα ελικόπτερα πέφτει πάνω στο τηλεοπτικό συνεργείο του ΣΚΑΪ,φωτια στην αττικη: η στιγμη που νερο απο τα ελικοπτερα πεφτει πανω στο τηλεοπτικο συνεργειο του σκαι,φωτια αττικος στιγμη νερο ελικοπτερα πεφτω τηλεοπτικος συνεργειο σκαις,0.919,1,1,0,"[{'name': 'αττικη', 'ner_label': 'GPE'}]","[{'lat': 37.9995238, 'lon': 23.7228379, 'name': 'Αττική', 'osm_class': 'railway', 'osm_type': 'station', 'importance': 0.37797476194049984, 'ner_label': 'GPE', 'original_name': 'αττικη'}]"
2024-08-12 21:59:16+00:00,1823117073423212840,naftemporiki.gr,Φωτιά στην Αττική: Πληροφορίες για νεκρή γυναίκα μέσα σε κτίριο στο Πάτημα Βριλησσίων https://t.co/8KgHNzbDIX,1,0,,,,Φωτιά στην Αττική: Πληροφορίες για νεκρή γυναίκα μέσα σε κτίριο στο Πάτημα Βριλησσίων,φωτια στην αττικη: πληροφοριες για νεκρη γυναικα μεσα σε κτιριο στο πατημα βριλησσιων,φωτια αττικος πληροφορια νεκρη γυναικα κτιριο πατημα βριλησσιων,0.972,1,0,1,"[{'name': 'αττικη', 'ner_label': 'GPE'}, {'name': 'πατημα βριλησσιων', 'ner_label': 'GPE'}]","[{'lat': 37.9995238, 'lon': 23.7228379, 'name': 'Αττική', 'osm_class': 'railway', 'osm_type': 'station', 'importance': 0.37797476194049984, 'ner_label': 'GPE', 'original_name': 'αττικη'}]"
2024-08-12 21:59:30+00:00,1823117128804843933,Crossfitmoments,"Η φωτιά έφτασε δύο σπίτια πιο κάτω από το σπίτι της θείας μου στην Πεντέλη...Μέσα σε αυτό το χάος,Ρομα βρήκαν την ευκαιρία να μπουκαρουν σε σπίτι.Δεν είναι όλοι βέβαια το ίδιο,αλλά, δυστυχώς πάντα άνθρωποι που έχουν μεγαλώσει σε γκέτο,θα συμπεριφέρονται έτσι.",15,1,,,,"Η φωτιά έφτασε δύο σπίτια πιο κάτω από το σπίτι της θείας μου στην Πεντέλη...Μέσα σε αυτό το χάος,Ρομα βρήκαν την ευκαιρία να μπουκαρουν σε σπίτι.Δεν είναι όλοι βέβαια το ίδιο,αλλά, δυστυχώς πάντα άνθρωποι που έχουν μεγαλώσει σε γκέτο,θα συμπεριφέρονται έτσι.","η φωτια εφτασε δυο σπιτια πιο κατω απο το σπιτι της θειας μου στην πεντελη...μεσα σε αυτο το χαος,ρομα βρηκαν την ευκαιρια να μπουκαρουν σε σπιτι.δεν ειναι ολοι βεβαια το ιδιο,αλλα, δυστυχως παντα ανθρωποι που εχουν μεγαλωσει σε γκετο,θα συμπεριφερονται ετσι.",φωτια φτανω δυο σπιτι σπιτι θειος πεντελη χαος ρομα βρηκαν ευκαιρια μπουκαρω σπιτι δυστυχως ανθρωπος μεγαλωσει γκετο συμπεριφερω,0.801,1,0,1,"[{'name': 'πεντελη', 'ner_label': 'GPE'}]","[{'lat': 38.0505896, 'lon': 23.8614591, 'name': 'Πεντέλη', 'osm_class': 'place', 'osm_type': 'suburb', 'importance': 0.49026558458181707, 'ner_label': 'GPE', 'original_name': 'πεντελη'}]"
2024-08-12 21:59:46+00:00,1823117198618984621,Penny Rage,Κι άλλο 112 για #Μαραθωνα ... Πάντως και το μέτωπο πάνω από το κέντρο υγείας  #ΝεαΜακρη  είναι πιο δυνατό από πριν... από ελένη πρωτόπαπα  πριν 18 λεπτά #Φωτια_τωρα #φωτια #φωτιατωρα #πυρκαγιά #Νεα_Μακρη #Μαραθωνας https://t.co/2B3ffQgJep,6,5,,,,Κι άλλο 112 για #Μαραθωνα ... Πάντως και το μέτωπο πάνω από το κέντρο υγείας #ΝεαΜακρη είναι πιο δυνατό από πριν... από ελένη πρωτόπαπα πριν 18 λεπτά #Φωτια_τωρα #φωτια #φωτιατωρα #πυρκαγιά #Νεα_Μακρη #Μαραθωνας,κι αλλο 112 για #μαραθωνα ... παντως και το μετωπο πανω απο το κεντρο υγειας #νεαμακρη ειναι πιο δυνατο απο πριν... απο ελενη πρωτοπαπα πριν 18 λεπτα #φωτια_τωρα #φωτια #φωτιατωρα #πυρκαγια #νεα_μακρη #μαραθωνας,κι μαραθωνα μετωπο κεντρο υγεια νεα μακρη δυνατος ελενη πρωτοπαπα λεπτο φωτια τωρα φωτια φωτιατωρα πυρκαγια νεα μακρη μαραθωνας,0.918,1,1,1,"[{'name': 'μαραθωνα', 'ner_label': 'GPE'}, {'name': 'μακρη μαραθωνας', 'ner_label': 'GPE'}]","[{'lat': 38.1498866, 'lon': 24.0141843, 'name': 'Ολυμπιακό Κωπηλατοδρόμιο Σχινιά Μαραθώνα', 'osm_class': 'landuse', 'osm_type': 'recreation_ground', 'importance': 0.0800602922102693, 'ner_label': 'GPE', 'original_name': 'μαραθωνα'}, {'lat': 38.083049, 'lon': 23.97907, 'name': 'Νέα Μάκρη', 'osm_class': 'place', 'osm_type': 'town', 'importance': 0.1600602922102693, 'ner_label': 'GPE', 'original_name': 'μακρη μαραθωνας'}]"
2024-08-12 22:01:00+00:00,1823117506258649169,XCV2020,@josephstalkin Σα να πήρε φωτιά στο αεροδρόμιο και να έφτασε να καίει πρώτες κατοικίες Χαριλάου Πυλαία Άνω Τούμπα και Άνω Πόλη πχ,2,0,,,,Σα να πήρε φωτιά στο αεροδρόμιο και να έφτασε να καίει πρώτες κατοικίες Χαριλάου Πυλαία Άνω Τούμπα και Άνω Πόλη πχ,σα να πηρε φωτια στο αεροδρομιο και να εφτασε να καιει πρωτες κατοικιες χαριλαου πυλαια ανω τουμπα και ανω πολη πχ,σα πηρε φωτια αεροδρομιο φτανω καιω κατοικια χαριλαου πυλαια τουμπα πολη πχ,0.559,1,0,1,"[{'name': 'χαριλαου πυλαια ανω τουμπα', 'ner_label': 'GPE'}, {'name': 'ανω πολη', 'ner_label': 'GPE'}]","[{'lat': 40.640978, 'lon': 22.9534333, 'name': 'Άνω Πόλη', 'osm_class': 'place', 'osm_type': 'suburb', 'importance': 0.31017616620231897, 'ner_label': 'GPE', 'original_name': 'ανω πολη'}]"
2024-08-12 22:01:22+00:00,1823117599708008678,Penny Rage,Απανθρακωμένη σορός βρέθηκε σε κτίριο στο #Πατημα_Βριλησσιων   #πατημα #Βριλησσια #φωτια #πυρκαγια,12,1,,,,Απανθρακωμένη σορός βρέθηκε σε κτίριο στο #Πατημα_Βριλησσιων #πατημα #Βριλησσια #φωτια #πυρκαγια,απανθρακωμενη σορος βρεθηκε σε κτιριο στο #πατημα_βριλησσιων #πατημα #βριλησσια #φωτια #πυρκαγια,απανθρακωμενη σορος βρεθηκε κτιριο πατημα βριλησσιων πατημα βριλησσια φωτια πυρκαγια,0.932,1,0,1,"[{'name': 'πατημα', 'ner_label': 'LOC'}, {'name': 'βριλησσιων πατημα βριλησσια', 'ner_label': 'GPE'}]","[{'lat': 35.3071848, 'lon': 24.3137841, 'name': 'Πάτημα', 'osm_class': 'place', 'osm_type': 'village', 'importance': 0.14671666819256882, 'ner_label': 'LOC', 'original_name': 'πατημα'}]"
2024-08-12 22:01:31+00:00,1823117640111366536,Pandoras_Box_🪬,Ανάγκες Παλαι Γαλατσίου 00:50 @DogsVoiceGR #Φωτια_τωρα #ΦΩΤΙΑ_ΑΤΤΙΚΗ #φωτια #Πυρκαγία https://t.co/bpcQpbYp9f,1,3,,,,Ανάγκες Παλαι Γαλατσίου 00:50 #Φωτια_τωρα #ΦΩΤΙΑ_ΑΤΤΙΚΗ #φωτια #Πυρκαγία,αναγκες παλαι γαλατσιου 00:50 #φωτια_τωρα #φωτια_αττικη #φωτια #πυρκαγια,αναγκες παλαι γαλατσιου φωτια τωρα φωτια αττικη φωτια πυρκαγια,0.938,1,0,1,"[{'name': 'παλαι γαλατσιου', 'ner_label': 'GPE'}, {'name': 'αττικη', 'ner_label': 'GPE'}]","[{'lat': 37.9995238, 'lon': 23.7228379, 'name': 'Αττική', 'osm_class': 'railway', 'osm_type': 'station', 'importance': 0.37797476194049984, 'ner_label': 'GPE', 'original_name': 'αττικη'}]"
2024-08-12 22:04:14+00:00,1823118321086042225,neakriti.gr,Το πρώτο θύμα της #πυρκαγιας #Αττικης | Απανθρακωμενη σορος -πιθανότατα γυναικάς- βρέθηκε στο #Πάτημα #Βριλησσίων. #Πυροσβεστική #φωτιες https://t.co/GvNt2Dlfcb,0,0,,,,Το πρώτο θύμα της #πυρκαγιας #Αττικης | Απανθρακωμενη σορος -πιθανότατα γυναικάς- βρέθηκε στο #Πάτημα #Βριλησσίων. #Πυροσβεστική #φωτιες,το πρωτο θυμα της #πυρκαγιας #αττικης | απανθρακωμενη σορος -πιθανοτατα γυναικας- βρεθηκε στο #πατημα #βριλησσιων. #πυροσβεστικη #φωτιες,θυμα πυρκαγιας αττικης απανθρακωμενη σορος πιθανοτατα γυναικας βρεθηκε πατημα βριλησσιων πυροσβεστικη φωτια,0.368,1,0,0,"[{'name': 'αττικης', 'ner_label': 'GPE'}, {'name': 'πατημα βριλησσιων', 'ner_label': 'GPE'}]","[{'lat': 37.9995238, 'lon': 23.7228379, 'name': 'Αττική', 'osm_class': 'railway', 'osm_type': 'station', 'importance': 0.37797476194049984, 'ner_label': 'GPE', 'original_name': 'αττικης'}]"
2024-08-12 22:04:54+00:00,1823118490712314055,enikos.gr,Φωτιά στην Αττική: Νέο μήνυμα του 112 στον Μαραθώνα – «Παραμείνετε σε ετοιμότητα» https://t.co/Yy4IgjqikE,7,3,,,,Φωτιά στην Αττική: Νέο μήνυμα του 112 στον Μαραθώνα – «Παραμείνετε σε ετοιμότητα»,φωτια στην αττικη: νεο μηνυμα του 112 στον μαραθωνα – «παραμεινετε σε ετοιμοτητα»,φωτια αττικος νεος μηνυμα μαραθωνας παραμεινετε ετοιμοτητα,0.966,1,0,1,"[{'name': 'αττικη', 'ner_label': 'GPE'}, {'name': 'μαραθωνα', 'ner_label': 'GPE'}]","[{'lat': 37.9995238, 'lon': 23.7228379, 'name': 'Αττική', 'osm_class': 'railway', 'osm_type': 'station', 'importance': 0.37797476194049984, 'ner_label': 'GPE', 'original_name': 'αττικη'}, {'lat': 38.1498866, 'lon': 24.0141843, 'name': 'Ολυμπιακό Κωπηλατοδρόμιο Σχινιά Μαραθώνα', 'osm_class': 'landuse', 'osm_type': 'recreation_ground', 'importance': 0.0800602922102693, 'ner_label': 'GPE', 'original_name': 'μαραθωνα'}]"
2024-08-12 22:04:55+00:00,1823118494134603850,ASTRATV,Φωτιά στην Αττική: Καμένη γυναίκα στο Πάτημα Βριλησσιών https://t.co/jZ6W77BDYj,0,0,,,,Φωτιά στην Αττική: Καμένη γυναίκα στο Πάτημα Βριλησσιών,φωτια στην αττικη: καμενη γυναικα στο πατημα βριλησσιων,φωτια αττικος καμενη γυναικα πατημα βριλησσιων,0.986,1,0,0,"[{'name': 'αττικη', 'ner_label': 'GPE'}, {'name': 'πατημα βριλησσιων', 'ner_label': 'GPE'}]","[{'lat': 37.9995238, 'lon': 23.7228379, 'name': 'Αττική', 'osm_class': 'railway', 'osm_type': 'station', 'importance': 0.37797476194049984, 'ner_label': 'GPE', 'original_name': 'αττικη'}]"
2024-08-12 22:05:49+00:00,1823118719553273961,Αιρετικός LI 🇬🇷,Σε ετοιμότητα η φωτιά στην Αττική. Εκτός ελέγχου ο κρατικός μηχανισμός. #πυρκαγια #φωτια,7,1,,,,Σε ετοιμότητα η φωτιά στην Αττική. Εκτός ελέγχου ο κρατικός μηχανισμός. #πυρκαγια #φωτια,σε ετοιμοτητα η φωτια στην αττικη. εκτος ελεγχου ο κρατικος μηχανισμος. #πυρκαγια #φωτια,ετοιμοτητα φωτια αττικος ελεγχου κρατικος μηχανισμος πυρκαγια φωτια,0.97,1,0,0,"[{'name': 'αττικη', 'ner_label': 'GPE'}]","[{'lat': 37.9995238, 'lon': 23.7228379, 'name': 'Αττική', 'osm_class': 'railway', 'osm_type': 'station', 'importance': 0.37797476194049984, 'ner_label': 'GPE', 'original_name': 'αττικη'}]"
2024-08-12 22:06:38+00:00,1823118925380645185,Andreas Alexopoulos 🇺🇦,Πάτημα Βριλησσίων: Βρέθηκε απανθρακωμένη σορός – Οι πρώτες πληροφορίες κάνουν λόγο για γυναίκα https://t.co/7HxiUsyw8K μέσω @ #φωτια,5,2,,,,Πάτημα Βριλησσίων: Βρέθηκε απανθρακωμένη σορός – Οι πρώτες πληροφορίες κάνουν λόγο για γυναίκα μέσω @ #φωτια,πατημα βριλησσιων: βρεθηκε απανθρακωμενη σορος – οι πρωτες πληροφοριες κανουν λογο για γυναικα μεσω @ #φωτια,πατημα βριλησσιων βρεθηκε απανθρακωμενη σορος πληροφορια κανω λογος γυναικα φωτια,0.467,1,1,0,"[{'name': 'πατημα βριλησσιων', 'ner_label': 'GPE'}]",[]
2024-08-12 22:07:11+00:00,1823119064690045068,Counselor,"Σύμφωνα με αστυνομικές πηγές βρέθηκε από πυροσβέστες #απανθρακωμένη σορός πιθανόν #γυναίκας, εντός κτίσματος επαγγελματικής χρήσης στο #Πάτημα #Βριλησσίων.  #φωτια #πυρκαγιες #αττικη",6,4,,,,"Σύμφωνα με αστυνομικές πηγές βρέθηκε από πυροσβέστες #απανθρακωμένη σορός πιθανόν #γυναίκας, εντός κτίσματος επαγγελματικής χρήσης στο #Πάτημα #Βριλησσίων. #φωτια #πυρκαγιες #αττικη","συμφωνα με αστυνομικες πηγες βρεθηκε απο πυροσβεστες #απανθρακωμενη σορος πιθανον #γυναικας, εντος κτισματος επαγγελματικης χρησης στο #πατημα #βριλησσιων. #φωτια #πυρκαγιες #αττικη",συμφωνα αστυνομικος πηγη βρεθηκε πυροσβεστης απανθρακωμενη σορος γυναικα κτισματος επαγγελματικος χρηση πατημα βριλησσιων φωτια πυρκαγιες αττικη,0.673,1,0,1,"[{'name': 'πατημα βριλησσιων', 'ner_label': 'GPE'}, {'name': 'αττικη', 'ner_label': 'GPE'}]","[{'lat': 37.9995238, 'lon': 23.7228379, 'name': 'Αττική', 'osm_class': 'railway', 'osm_type': 'station', 'importance': 0.37797476194049984, 'ner_label': 'GPE', 'original_name': 'αττικη'}]"
2024-08-12 22:07:23+00:00,1823119116233752756,Τακης Χατζης,Φωτιά στην Αττική: Βρέθηκε απανθρακωμένη σορός γυναίκας σε κτήριο επιχείρησης στα Βριλήσσια https://t.co/hO3ng8o6xs,3,0,,,,Φωτιά στην Αττική: Βρέθηκε απανθρακωμένη σορός γυναίκας σε κτήριο επιχείρησης στα Βριλήσσια,φωτια στην αττικη: βρεθηκε απανθρακωμενη σορος γυναικας σε κτηριο επιχειρησης στα βριλησσια,φωτια αττικος βρεθηκε απανθρακωμενη σορος γυναικα κτηριο επιχειρηση βριλησσιο,0.888,1,0,1,"[{'name': 'αττικη', 'ner_label': 'GPE'}, {'name': 'βριλησσια', 'ner_label': 'GPE'}]","[{'lat': 37.9995238, 'lon': 23.7228379, 'name': 'Αττική', 'osm_class': 'railway', 'osm_type': 'station', 'importance': 0.37797476194049984, 'ner_label': 'GPE', 'original_name': 'αττικη'}, {'lat': 38.0399028, 'lon': 23.8389373, 'name': 'Βριλήσσια', 'osm_class': 'place', 'osm_type': 'suburb', 'importance': 0.14674994048981455, 'ner_label': 'GPE', 'original_name': 'βριλησσια'}]"
2024-08-12 22:07:31+00:00,1823119148747993188,Chrisafina,#φωτιά #πυρκαγιά  #Βρεθηκε στο Γέρακα. https://t.co/g9aFsSWuDj,59,196,,,,#φωτιά #πυρκαγιά #Βρεθηκε στο Γέρακα.,#φωτια #πυρκαγια #βρεθηκε στο γερακα.,φωτια πυρκαγια βρεθηκε γερακας,0.989,1,0,0,"[{'name': 'γερακα', 'ner_label': 'GPE'}]","[{'lat': 38.0249177, 'lon': 23.8544753, 'name': 'Δημοτική Ενότητα Γέρακα', 'osm_class': 'boundary', 'osm_type': 'administrative', 'importance': 0.18674994048981455, 'ner_label': 'GPE', 'original_name': 'γερακα'}]"
2024-08-12 22:07:55+00:00,1823119247733592215,slpress.gr,Απανθρακωμένη σωρός σε επιχείρηση στα Βριλήσσια – Η εικόνα από τα πύρινα μέτωπα - #Βριλησσια #φωτια #πυρκαγιά #Πυροσβεστες #πυροσβεστικη https://t.co/4eaOUmEG8B,4,1,,,,Απανθρακωμένη σωρός σε επιχείρηση στα Βριλήσσια – Η εικόνα από τα πύρινα μέτωπα - #Βριλησσια #φωτια #πυρκαγιά #Πυροσβεστες #πυροσβεστικη,απανθρακωμενη σωρος σε επιχειρηση στα βριλησσια – η εικονα απο τα πυρινα μετωπα - #βριλησσια #φωτια #πυρκαγια #πυροσβεστες #πυροσβεστικη,απανθρακωμενη σωρος επιχειρηση βριλησσι εικονα πυρινος μετωπο βριλησσια φωτια πυρκαγια πυροσβεστες πυροσβεστικη,0.95,1,0,1,"[{'name': 'βριλησσια', 'ner_label': 'GPE'}]","[{'lat': 38.0399028, 'lon': 23.8389373, 'name': 'Βριλήσσια', 'osm_class': 'place', 'osm_type': 'suburb', 'importance': 0.14674994048981455, 'ner_label': 'GPE', 'original_name': 'βριλησσια'}]"
2024-08-12 22:08:34+00:00,1823119411802231253,Chrisafina,#φωτιά #πυρκαγιά  #Χάθηκε στην Νεα Πεντέλη. https://t.co/mITLpF5wMr,44,172,,,,#φωτιά #πυρκαγιά #Χάθηκε στην Νεα Πεντέλη.,#φωτια #πυρκαγια #χαθηκε στην νεα πεντελη.,φωτια πυρκαγια χαθηκε νεα πεντελη,0.987,1,0,0,"[{'name': 'νεα πεντελη', 'ner_label': 'GPE'}]","[{'lat': 38.0586684, 'lon': 23.8561699, 'name': 'Νέα Πεντέλη', 'osm_class': 'place', 'osm_type': 'suburb', 'importance': 0.14674994048981455, 'ner_label': 'GPE', 'original_name': 'νεα πεντελη'}]"
2024-08-12 22:08:40+00:00,1823119436729213408,👑Prince Immanuel ♑,Απανθρακωμένη σορός στο Πάτημα Χαλανδρίου. Καθήκια ούτε θα σας συγχωρήσουμε ποτέ #φωτιά,11,0,,,,Απανθρακωμένη σορός στο Πάτημα Χαλανδρίου. Καθήκια ούτε θα σας συγχωρήσουμε ποτέ #φωτιά,απανθρακωμενη σορος στο πατημα χαλανδριου. καθηκια ουτε θα σας συγχωρησουμε ποτε #φωτια,απανθρακωμενη σορος πατημα χαλανδριου καθηκια συγχωρω φωτια,0.306,1,1,1,"[{'name': 'πατημα χαλανδριου', 'ner_label': 'GPE'}]",[]
2024-08-12 22:09:55+00:00,1823119751318491618,Chrisafina,#φωτιά #πυρκαγια  Διασώθηκαν και βρίσκονται στον σταθμό του dogs' voice στο Γαλάτσι. https://t.co/HZOyiAYmFc,24,66,,,,#φωτιά #πυρκαγια Διασώθηκαν και βρίσκονται στον σταθμό του dogs' voice στο Γαλάτσι.,#φωτια #πυρκαγια διασωθηκαν και βρισκονται στον σταθμο του dogs' voice στο γαλατσι.,φωτια πυρκαγια διασωθηκαν βρισκω σταθμος dog s voice γαλατσι,0.971,1,0,1,"[{'name': ""dogs ' voice"", 'ner_label': 'FAC'}, {'name': 'γαλατσι', 'ner_label': 'GPE'}]","[{'lat': 38.0129055, 'lon': 23.7531049, 'name': 'Γαλάτσι', 'osm_class': 'place', 'osm_type': 'suburb', 'importance': 0.49898766620451795, 'ner_label': 'GPE', 'original_name': 'γαλατσι'}]"
2024-08-12 22:10:12+00:00,1823119822248722647,Makeleio.gr,Φωτιά στη Γλυφάδα – Χειροπέδες σε 2 μαθητές γυμνασίου https://t.co/pUoZTqPXfo https://t.co/3k9FSTEqOO,2,0,,,,Φωτιά στη Γλυφάδα – Χειροπέδες σε 2 μαθητές γυμνασίου,φωτια στη γλυφαδα – χειροπεδες σε 2 μαθητες γυμνασιου,φωτια γλυφαδα χειροπεδες μαθητης γυμνασιους,0.378,1,0,1,"[{'name': 'γλυφαδα', 'ner_label': 'GPE'}]","[{'lat': 37.8829987, 'lon': 23.767983, 'name': 'Δήμος Γλυφάδας', 'osm_class': 'boundary', 'osm_type': 'administrative', 'importance': 0.2853231881743613, 'ner_label': 'GPE', 'original_name': 'γλυφαδα'}]"
2024-08-12 22:10:13+00:00,1823119827596435538,Makeleio.gr,Φωτιά στην Αττική: Αναζωπύρωση στη «γραμμή» Γραμματικού – Μαραθώνα https://t.co/zz4ATLamVE https://t.co/Jc8c8Z9h9A,2,0,,,,Φωτιά στην Αττική: Αναζωπύρωση στη «γραμμή» Γραμματικού – Μαραθώνα,φωτια στην αττικη: αναζωπυρωση στη «γραμμη» γραμματικου – μαραθωνα,φωτια αττικος αναζωπυρωση γραμμη γραμματικος μαραθωνας,0.99,1,0,0,"[{'name': 'αττικη', 'ner_label': 'GPE'}, {'name': 'γραμματικου', 'ner_label': 'LOC'}, {'name': 'μαραθωνα', 'ner_label': 'GPE'}]","[{'lat': 37.9995238, 'lon': 23.7228379, 'name': 'Αττική', 'osm_class': 'railway', 'osm_type': 'station', 'importance': 0.37797476194049984, 'ner_label': 'GPE', 'original_name': 'αττικη'}, {'lat': 38.202808, 'lon': 23.9674989, 'name': 'Γραμματικό', 'osm_class': 'place', 'osm_type': 'village', 'importance': 0.4763187189984269, 'ner_label': 'LOC', 'original_name': 'γραμματικου'}, {'lat': 38.1498866, 'lon': 24.0141843, 'name': 'Ολυμπιακό Κωπηλατοδρόμιο Σχινιά Μαραθώνα', 'osm_class': 'landuse', 'osm_type': 'recreation_ground', 'importance': 0.0800602922102693, 'ner_label': 'GPE', 'original_name': 'μαραθωνα'}]"
2024-08-12 22:10:44+00:00,1823119955681787967,αστυνόμος_μπέκας (inspector_bekas) 🔴⚪🔴,Εν ετει 2024 να καίγεται άνθρωπος 15 χιλιόμετρα από το κέντρο της Αθήνας από μια ανεξέλεγκτη πυρκαγιά 2 ημερών.. Ντροπή και μόνο... #φωτια,25,1,,,,Εν ετει 2024 να καίγεται άνθρωπος 15 χιλιόμετρα από το κέντρο της Αθήνας από μια ανεξέλεγκτη πυρκαγιά 2 ημερών... Ντροπή και μόνο... #φωτια,εν ετει 2024 να καιγεται ανθρωπος 15 χιλιομετρα απο το κεντρο της αθηνας απο μια ανεξελεγκτη πυρκαγια 2 ημερων... ντροπη και μονο... #φωτια,ετει καιω ανθρωπος χιλιομετρο κεντρο αθηνα ανεξελεγκτος πυρκαγια ημερος ντροπη φωτια,0.599,1,0,1,"[{'name': 'αθηνας', 'ner_label': 'GPE'}]","[{'lat': 37.9755648, 'lon': 23.7348324, 'name': 'Αθήνα', 'osm_class': 'place', 'osm_type': 'city', 'importance': 0.7869062105765003, 'ner_label': 'GPE', 'original_name': 'αθηνας'}]"
2024-08-12 22:11:05+00:00,1823120046069268880,neakriti.gr,#Φωτιά στην #Αττική: Βρέθηκε απανθρακωμένη σορός γυναίκας σε κτήριο που κάηκε στα Βριλήσσια https://t.co/CvhPgY4PnV,5,0,,,,#Φωτιά στην #Αττική: Βρέθηκε απανθρακωμένη σορός γυναίκας σε κτήριο που κάηκε στα Βριλήσσια,#φωτια στην #αττικη: βρεθηκε απανθρακωμενη σορος γυναικας σε κτηριο που καηκε στα βριλησσια,φωτια αττικος βρεθηκε απανθρακωμενη σορος γυναικα κτηριο καηκε βριλησσιο,0.94,1,0,1,"[{'name': 'αττικη', 'ner_label': 'GPE'}, {'name': 'βριλησσια', 'ner_label': 'GPE'}]","[{'lat': 37.9995238, 'lon': 23.7228379, 'name': 'Αττική', 'osm_class': 'railway', 'osm_type': 'station', 'importance': 0.37797476194049984, 'ner_label': 'GPE', 'original_name': 'αττικη'}, {'lat': 38.0399028, 'lon': 23.8389373, 'name': 'Βριλήσσια', 'osm_class': 'place', 'osm_type': 'suburb', 'importance': 0.14674994048981455, 'ner_label': 'GPE', 'original_name': 'βριλησσια'}]"
2024-08-12 22:11:05+00:00,1823120047189209312,Dnews,Φωτιά στην Αττική: Σορός απανθρακωμένης γυναίκας βρέθηκε στα Βριλήσσια #ΦΩΤΙΑ_ΤΩΡΑ #ΦΩΤΙΑ https://t.co/YUNehVH1PH,6,1,,,,Φωτιά στην Αττική: Σορός απανθρακωμένης γυναίκας βρέθηκε στα Βριλήσσια #ΦΩΤΙΑ_ΤΩΡΑ #ΦΩΤΙΑ,φωτια στην αττικη: σορος απανθρακωμενης γυναικας βρεθηκε στα βριλησσια #φωτια_τωρα #φωτια,φωτια αττικος σορος απανθρακωμενος γυναικα βρεθηκε βριλησσιο φωτια τωρα φωτια,0.804,1,0,0,"[{'name': 'αττικη', 'ner_label': 'GPE'}, {'name': 'βριλησσια', 'ner_label': 'GPE'}]","[{'lat': 37.9995238, 'lon': 23.7228379, 'name': 'Αττική', 'osm_class': 'railway', 'osm_type': 'station', 'importance': 0.37797476194049984, 'ner_label': 'GPE', 'original_name': 'αττικη'}, {'lat': 38.0399028, 'lon': 23.8389373, 'name': 'Βριλήσσια', 'osm_class': 'place', 'osm_type': 'suburb', 'importance': 0.14674994048981455, 'ner_label': 'GPE', 'original_name': 'βριλησσια'}]"
2024-08-12 22:11:36+00:00,1823120176679682187,Τανιωωω♐,⚠️ Ενεργοποίηση 1️⃣1️⃣2️⃣ 🔥 Δασική πυρκαγιά στην Ελλάδα ❗ Παραμείνετε σε ετοιμότητα   Εκκενώστε το Πλανήτη   Μόνο αυτό δε μας έχουν στείλει ακόμα😢,13,4,,,,Ενεργοποίηση Δασική πυρκαγιά στην Ελλάδα Παραμείνετε σε ετοιμότητα Εκκενώστε το Πλανήτη Μόνο αυτό δε μας έχουν στείλει ακόμα,ενεργοποιηση δασικη πυρκαγια στην ελλαδα παραμεινετε σε ετοιμοτητα εκκενωστε το πλανητη μονο αυτο δε μας εχουν στειλει ακομα,ενεργοποιηση δασικος πυρκαγια ελλαδα παραμεινετε ετοιμοτητα εκκενωστε πλανητης στειλει,0.933,1,1,1,[],[]
2024-08-12 22:11:58+00:00,1823120265989042407,LiFO,Φωτιά στην Αττική: Ριπαίοι άνεμοι από τα ξημερώματα - Ελαφρώς βελτιωμένη η εικόνα στα πύρινα μέτωπα | LiFO https://t.co/dmvWDwSYmp,1,1,,,,Φωτιά στην Αττική: Ριπαίοι άνεμοι από τα ξημερώματα - Ελαφρώς βελτιωμένη η εικόνα στα πύρινα μέτωπα | LiFO,φωτια στην αττικη: ριπαιοι ανεμοι απο τα ξημερωματα - ελαφρως βελτιωμενη η εικονα στα πυρινα μετωπα | lifo,φωτια αττικος ριπαιοι ανεμος ξημερωματα ελαφρως βελτιωμενη εικονα πυρινος μετωπο lifo,0.976,1,1,0,"[{'name': 'αττικη', 'ner_label': 'GPE'}]","[{'lat': 37.9995238, 'lon': 23.7228379, 'name': 'Αττική', 'osm_class': 'railway', 'osm_type': 'station', 'importance': 0.37797476194049984, 'ner_label': 'GPE', 'original_name': 'αττικη'}]"
2024-08-12 22:12:20+00:00,1823120358301384908,black pit??,Φωτιά στην Αττική: Σορός απανθρακωμένης γυναίκας βρέθηκε στα Βριλήσσια https://t.co/UfJOnCG2PA,0,0,,,,Φωτιά στην Αττική: Σορός απανθρακωμένης γυναίκας βρέθηκε στα Βριλήσσια,φωτια στην αττικη: σορος απανθρακωμενης γυναικας βρεθηκε στα βριλησσια,φωτια αττικος σορος απανθρακωμενος γυναικα βρεθηκε βριλησσιο,0.875,1,0,0,"[{'name': 'αττικη', 'ner_label': 'GPE'}, {'name': 'βριλησσια', 'ner_label': 'GPE'}]","[{'lat': 37.9995238, 'lon': 23.7228379, 'name': 'Αττική', 'osm_class': 'railway', 'osm_type': 'station', 'importance': 0.37797476194049984, 'ner_label': 'GPE', 'original_name': 'αττικη'}, {'lat': 38.0399028, 'lon': 23.8389373, 'name': 'Βριλήσσια', 'osm_class': 'place', 'osm_type': 'suburb', 'importance': 0.14674994048981455, 'ner_label': 'GPE', 'original_name': 'βριλησσια'}]"
2024-08-12 22:14:01+00:00,1823120785005035804,Counselor,#Εκκενώθηκε η Μονή Αγίου Γεωργίου #Βρανά... Αναζωπύρωση στο #Μαραθώνα...  #φωτια #πυρκαγιες #αττικη,4,7,,,,#Εκκενώθηκε η Μονή Αγίου Γεωργίου #Βρανά... Αναζωπύρωση στο #Μαραθώνα... #φωτια #πυρκαγιες #αττικη,#εκκενωθηκε η μονη αγιου γεωργιου #βρανα... αναζωπυρωση στο #μαραθωνα... #φωτια #πυρκαγιες #αττικη,εκκενωθηκε μονη αγιος γεωργιος βρανα αναζωπυρωση μαραθωνας φωτια πυρκαγια αττικη,0.976,1,0,1,"[{'name': 'μαραθωνα', 'ner_label': 'GPE'}, {'name': 'αττικη', 'ner_label': 'GPE'}]","[{'lat': 38.1498866, 'lon': 24.0141843, 'name': 'Ολυμπιακό Κωπηλατοδρόμιο Σχινιά Μαραθώνα', 'osm_class': 'landuse', 'osm_type': 'recreation_ground', 'importance': 0.0800602922102693, 'ner_label': 'GPE', 'original_name': 'μαραθωνα'}, {'lat': 37.9995238, 'lon': 23.7228379, 'name': 'Αττική', 'osm_class': 'railway', 'osm_type': 'station', 'importance': 0.37797476194049984, 'ner_label': 'GPE', 'original_name': 'αττικη'}]"
2024-08-12 22:14:26+00:00,1823120888914452746,Ioanna Iliadi,Φωτιά στην Αττική: Εκκενώνεται οικισμός στο Μαραθώνα https://t.co/0YEyKTfw5u,0,0,,,,Φωτιά στην Αττική: Εκκενώνεται οικισμός στο Μαραθώνα,φωτια στην αττικη: εκκενωνεται οικισμος στο μαραθωνα,φωτια αττικος εκκενωνεται οικισμος μαραθωνας,0.989,1,0,1,"[{'name': 'αττικη', 'ner_label': 'GPE'}, {'name': 'μαραθωνα', 'ner_label': 'GPE'}]","[{'lat': 37.9995238, 'lon': 23.7228379, 'name': 'Αττική', 'osm_class': 'railway', 'osm_type': 'station', 'importance': 0.37797476194049984, 'ner_label': 'GPE', 'original_name': 'αττικη'}, {'lat': 38.1498866, 'lon': 24.0141843, 'name': 'Ολυμπιακό Κωπηλατοδρόμιο Σχινιά Μαραθώνα', 'osm_class': 'landuse', 'osm_type': 'recreation_ground', 'importance': 0.0800602922102693, 'ner_label': 'GPE', 'original_name': 'μαραθωνα'}]"
2024-08-12 22:14:34+00:00,1823120923878175041,Chrisafina,#φωτιά #πυρκαγιά  #Βρέθηκε στη Λ. Γέρακα. https://t.co/KSUsF3i7de,60,207,,,,#φωτιά #πυρκαγιά #Βρέθηκε στη Λ. Γέρακα.,#φωτια #πυρκαγια #βρεθηκε στη λ. γερακα.,φωτια πυρκαγια βρεθηκε λ γερακας,0.986,1,0,0,"[{'name': 'λ . γερακα', 'ner_label': 'FAC'}]",[]
2024-08-12 22:15:52+00:00,1823121250366955772,Forecast Weather Greece,"🔥❗️Νέα #πυρκαγιά έχει ξεσπάσει στην ελώδη περιοχή της Λάμιας στα όρια #Ηλείας και Αχαΐας στη Βουπρασία, κοντά στο #Κουνουπέλι. https://t.co/l0ln2Np0pm",9,12,,,,"Νέα #πυρκαγιά έχει ξεσπάσει στην ελώδη περιοχή της Λάμιας στα όρια #Ηλείας και Αχαΐας στη Βουπρασία, κοντά στο #Κουνουπέλι.","νεα #πυρκαγια εχει ξεσπασει στην ελωδη περιοχη της λαμιας στα ορια #ηλειας και αχαιας στη βουπρασια, κοντα στο #κουνουπελι.",νεος πυρκαγια ξεσπανω ελωδη περιοχη λαμια οριο ηλεια αχαια βουπρασια κουνουπελις,0.988,1,1,0,"[{'name': 'λαμιας', 'ner_label': 'GPE'}, {'name': 'ηλειας', 'ner_label': 'GPE'}, {'name': 'αχαιας', 'ner_label': 'GPE'}, {'name': 'βουπρασια', 'ner_label': 'GPE'}, {'name': 'κουνουπελι', 'ner_label': 'GPE'}]","[{'lat': 38.8993832, 'lon': 22.433582, 'name': 'Λαμία', 'osm_class': 'place', 'osm_type': 'city', 'importance': 0.5386925914714319, 'ner_label': 'GPE', 'original_name': 'λαμιας'}, {'lat': 38.1026397, 'lon': 21.349884, 'name': 'Κουνουπέλι', 'osm_class': 'natural', 'osm_type': 'beach', 'importance': 0.10667666666666664, 'ner_label': 'GPE', 'original_name': 'κουνουπελι'}, {'lat': 37.8057163, 'lon': 21.4152622, 'name': 'Περιφερειακή Ενότητα Ηλείας', 'osm_class': 'boundary', 'osm_type': 'administrative', 'importance': 0.5150702151241191, 'ner_label': 'GPE', 'original_name': 'ηλειας'}]"
2024-08-12 22:15:56+00:00,1823121266343350749,Miss_blue_58 🦮♋,"@Kapoiosmpla -2 που λέει εκτραπησαν προς φωτιά στην Άνω Γλυφάδα....πολύ μούσι, πολύ όμως!",0,0,,,,"-2 που λέει εκτραπησαν προς φωτιά στην Άνω Γλυφάδα...πολύ μούσι, πολύ όμως!","-2 που λεει εκτραπησαν προς φωτια στην ανω γλυφαδα...πολυ μουσι, πολυ ομως!",λεει εκτραπησαν φωτια γλυφαδα μουσι,0.777,1,0,0,"[{'name': 'ανω γλυφαδα', 'ner_label': 'GPE'}]","[{'lat': 37.8814649, 'lon': 23.7656896, 'name': 'Άνω Γλυφάδα', 'osm_class': 'place', 'osm_type': 'quarter', 'importance': 0.13341660715648124, 'ner_label': 'GPE', 'original_name': 'ανω γλυφαδα'}]"
2024-08-12 22:16:27+00:00,1823121395204674010,Ioanna Iliadi,Φωτιά στη Θεσσαλονίκη στο πρώην στρατόπεδο Καρατάσιου https://t.co/7hTqjZSx4u,0,0,,,,Φωτιά στη Θεσσαλονίκη στο πρώην στρατόπεδο Καρατάσιου,φωτια στη θεσσαλονικη στο πρωην στρατοπεδο καρατασιου,φωτια θεσσαλονικη πρωην στρατοπεδο καρατασιος,0.989,1,0,1,"[{'name': 'θεσσαλονικη', 'ner_label': 'GPE'}, {'name': 'στρατοπεδο καρατασιου', 'ner_label': 'FAC'}]","[{'lat': 40.6403167, 'lon': 22.9352716, 'name': 'Θεσσαλονίκη', 'osm_class': 'place', 'osm_type': 'city', 'importance': 0.7032802514986225, 'ner_label': 'GPE', 'original_name': 'θεσσαλονικη'}, {'lat': 40.6743348, 'lon': 22.9519698, 'name': 'Καρατάσιου', 'osm_class': 'natural', 'osm_type': 'scrub', 'importance': 0.10674071946288241, 'ner_label': 'FAC', 'original_name': 'στρατοπεδο καρατασιου'}]"
2024-08-12 22:16:31+00:00,1823121413970055379,Counselor,"Έρχονται από #Σερβία 1 ελικόπτερο και 35 πυροσβέστες με 10 οχήματα, από #Ρουμανία 44 πυροσβέστες με 4 υδροφόρα οχήματα και από #Τουρκία δύο αεροσκάφη.  #φωτια #πυρκαγιες #αττικη",16,2,,,,"Έρχονται από #Σερβία 1 ελικόπτερο και 35 πυροσβέστες με 10 οχήματα, από #Ρουμανία 44 πυροσβέστες με 4 υδροφόρα οχήματα και από #Τουρκία δύο αεροσκάφη. #φωτια #πυρκαγιες #αττικη","ερχονται απο #σερβια 1 ελικοπτερο και 35 πυροσβεστες με 10 οχηματα, απο #ρουμανια 44 πυροσβεστες με 4 υδροφορα οχηματα και απο #τουρκια δυο αεροσκαφη. #φωτια #πυρκαγιες #αττικη",ερχομαι σερβια ελικοπτερο πυροσβεστης οχημα ρουμανια πυροσβεστης υδροφορα οχημα τουρκια δυο αεροσκαφος φωτια πυρκαγιες αττικη,0.32,1,1,0,"[{'name': 'σερβια', 'ner_label': 'GPE'}, {'name': 'ρουμανια', 'ner_label': 'GPE'}, {'name': 'τουρκια', 'ner_label': 'GPE'}, {'name': 'αττικη', 'ner_label': 'GPE'}]","[{'lat': 40.1846282, 'lon': 21.9990312, 'name': 'Σέρβια', 'osm_class': 'place', 'osm_type': 'town', 'importance': 0.16005593881132218, 'ner_label': 'GPE', 'original_name': 'σερβια'}, {'lat': 39.2437221, 'lon': 20.996481, 'name': 'Ρουμάνια', 'osm_class': 'place', 'osm_type': 'hamlet', 'importance': 0.13339319371328295, 'ner_label': 'GPE', 'original_name': 'ρουμανια'}, {'lat': 37.9995238, 'lon': 23.7228379, 'name': 'Αττική', 'osm_class': 'railway', 'osm_type': 'station', 'importance': 0.37797476194049984, 'ner_label': 'GPE', 'original_name': 'αττικη'}]"
2024-08-12 22:17:02+00:00,1823121545079697918,Εκκλησία Online,ΕΚΤΑΚΤΟ – ΦΩΤΙΑ ΤΩΡΑ ΑΤΤΙΚΗ: Βρέθηκε απανθρακωμένη σορός γυναίκας σε βιοτεχνία που κάηκε στα Βριλήσσια https://t.co/Ul471Jkerx,0,0,,,,ΕΚΤΑΚΤΟ – ΦΩΤΙΑ ΤΩΡΑ ΑΤΤΙΚΗ: Βρέθηκε απανθρακωμένη σορός γυναίκας σε βιοτεχνία που κάηκε στα Βριλήσσια,εκτακτο – φωτια τωρα αττικη: βρεθηκε απανθρακωμενη σορος γυναικας σε βιοτεχνια που καηκε στα βριλησσια,εκτακτο φωτια τωρα αττικη βρεθηκε απανθρακωμενη σορος γυναικα βιοτεχνια καηκε βριλησσιο,0.779,1,0,1,"[{'name': 'αττικη', 'ner_label': 'GPE'}, {'name': 'βριλησσια', 'ner_label': 'GPE'}]","[{'lat': 37.9995238, 'lon': 23.7228379, 'name': 'Αττική', 'osm_class': 'railway', 'osm_type': 'station', 'importance': 0.37797476194049984, 'ner_label': 'GPE', 'original_name': 'αττικη'}, {'lat': 38.0399028, 'lon': 23.8389373, 'name': 'Βριλήσσια', 'osm_class': 'place', 'osm_type': 'suburb', 'importance': 0.14674994048981455, 'ner_label': 'GPE', 'original_name': 'βριλησσια'}]"
2024-08-12 22:17:34+00:00,1823121675715489846,Le Maître 🇺🇦🇵🇸,Το 2024 κάηκε άνθρωπος στα Βριλήσσια από φωτιά που ξεκίνησε σε δάσος που απέχει 40 χιλιόμετρα και έκαιγε ανενόχλητη επι δυο ημέρες.,741,215,,,,Το 2024 κάηκε άνθρωπος στα Βριλήσσια από φωτιά που ξεκίνησε σε δάσος που απέχει 40 χιλιόμετρα και έκαιγε ανενόχλητη επι δυο ημέρες.,το 2024 καηκε ανθρωπος στα βριλησσια απο φωτια που ξεκινησε σε δασος που απεχει 40 χιλιομετρα και εκαιγε ανενοχλητη επι δυο ημερες.,καηκε ανθρωπος βριλησσια φωτια ξεκινω δασος απεχω χιλιομετρο εκαιγε ανενοχλητος επι δυο ημερα,0.888,1,1,0,"[{'name': 'βριλησσια', 'ner_label': 'GPE'}]","[{'lat': 38.0399028, 'lon': 23.8389373, 'name': 'Βριλήσσια', 'osm_class': 'place', 'osm_type': 'suburb', 'importance': 0.14674994048981455, 'ner_label': 'GPE', 'original_name': 'βριλησσια'}]"
2024-08-12 22:18:23+00:00,1823121881383288853,Speedynews.gr,Φωτιά στην Αττική: Τον γύρο του κόσμου κάνουν οι εικόνες από την Αθήνα στις φλόγες – Τι μεταδίδουν τα διεθνή ΜΜΕ - https://t.co/FTjLWxGoXP,0,0,,,,Φωτιά στην Αττική: Τον γύρο του κόσμου κάνουν οι εικόνες από την Αθήνα στις φλόγες – Τι μεταδίδουν τα διεθνή ΜΜΕ -,φωτια στην αττικη: τον γυρο του κοσμου κανουν οι εικονες απο την αθηνα στις φλογες – τι μεταδιδουν τα διεθνη μμε -,φωτια αττικος γυρος κοσμου κανω εικονα αθηνα φλογα μεταδιδω διεθνης μμε,0.678,1,0,0,"[{'name': 'αττικη', 'ner_label': 'GPE'}, {'name': 'αθηνα', 'ner_label': 'GPE'}]","[{'lat': 37.9995238, 'lon': 23.7228379, 'name': 'Αττική', 'osm_class': 'railway', 'osm_type': 'station', 'importance': 0.37797476194049984, 'ner_label': 'GPE', 'original_name': 'αττικη'}, {'lat': 37.9755648, 'lon': 23.7348324, 'name': 'Αθήνα', 'osm_class': 'place', 'osm_type': 'city', 'importance': 0.7869062105765003, 'ner_label': 'GPE', 'original_name': 'αθηνα'}]"
2024-08-12 22:18:50+00:00,1823121996944716029,fUnk_u2,Μια γυναίκα απανθρακώθηκε στα Βριλήσσια από φωτιά που ξεκίνησε στον Βαρνάβα. Τι ζούμε...,1,1,,,,Μια γυναίκα απανθρακώθηκε στα Βριλήσσια από φωτιά που ξεκίνησε στον Βαρνάβα. Τι ζούμε...,μια γυναικα απανθρακωθηκε στα βριλησσια απο φωτια που ξεκινησε στον βαρναβα. τι ζουμε...,γυναικα απανθρακωνω βριλησσια φωτια ξεκινω βαρναβας ζουμε,0.754,1,0,0,"[{'name': 'βριλησσια', 'ner_label': 'GPE'}, {'name': 'βαρναβα', 'ner_label': 'GPE'}]","[{'lat': 38.0399028, 'lon': 23.8389373, 'name': 'Βριλήσσια', 'osm_class': 'place', 'osm_type': 'suburb', 'importance': 0.14674994048981455, 'ner_label': 'GPE', 'original_name': 'βριλησσια'}, {'lat': 37.9656966, 'lon': 23.743307, 'name': 'Πλατεία Βαρνάβα', 'osm_class': 'leisure', 'osm_type': 'park', 'importance': 0.08008327382314791, 'ner_label': 'GPE', 'original_name': 'βαρναβα'}]"
2024-08-12 22:18:51+00:00,1823122000279396816,αfro ksil,Φωτιά στην Αττική: Συγκλονίζει η εικόνα πυροσβέστη μετά από μάχη με τις φλόγες (Photos) - Documento https://t.co/hHsM1XQmv0,0,0,,,,Φωτιά στην Αττική: Συγκλονίζει η εικόνα πυροσβέστη μετά από μάχη με τις φλόγες (Photos) - Documento,φωτια στην αττικη: συγκλονιζει η εικονα πυροσβεστη μετα απο μαχη με τις φλογες (photos) - documento,φωτια αττικος συγκλονιζει εικονα πυροσβεστη μαχη φλογα photos documento,0.789,1,0,0,"[{'name': 'αττικη', 'ner_label': 'GPE'}]","[{'lat': 37.9995238, 'lon': 23.7228379, 'name': 'Αττική', 'osm_class': 'railway', 'osm_type': 'station', 'importance': 0.37797476194049984, 'ner_label': 'GPE', 'original_name': 'αττικη'}]"
2024-08-12 22:19:15+00:00,1823122100766617906,Update Times,Φωτιά στην Αττική: Ολονύχτια μάχη στην Πεντέλη – Στις φλόγες επιχείρηση ξυλείας δίπλα στο δασαρχείο https://t.co/7LeX5PPA13,0,0,,,,Φωτιά στην Αττική: Ολονύχτια μάχη στην Πεντέλη – Στις φλόγες επιχείρηση ξυλείας δίπλα στο δασαρχείο,φωτια στην αττικη: ολονυχτια μαχη στην πεντελη – στις φλογες επιχειρηση ξυλειας διπλα στο δασαρχειο,φωτια αττικος ολονυχτια μαχη πεντελη φλογα επιχειρηση ξυλεια δασαρχειο,0.969,1,0,1,"[{'name': 'αττικη', 'ner_label': 'GPE'}, {'name': 'πεντελη', 'ner_label': 'GPE'}]","[{'lat': 37.9995238, 'lon': 23.7228379, 'name': 'Αττική', 'osm_class': 'railway', 'osm_type': 'station', 'importance': 0.37797476194049984, 'ner_label': 'GPE', 'original_name': 'αττικη'}, {'lat': 38.0505896, 'lon': 23.8614591, 'name': 'Πεντέλη', 'osm_class': 'place', 'osm_type': 'suburb', 'importance': 0.49026558458181707, 'ner_label': 'GPE', 'original_name': 'πεντελη'}]"
2024-08-12 22:19:27+00:00,1823122150632607992,Trés απροσαρμοστίκ,"Τον Αύγουστο του 2024 κάηκε ζωντανός άνθρωπος στα Βριλήσσια, από φωτιά που είχε ξεκινήσει μια μέρα πριν στο δάσος. Η επιτομή της αποτυχίας του επιτελικού κράτους.   #φωτια #φωτια_πεντελη #Φωτια_τωρα",67,21,,,,"Τον Αύγουστο του 2024 κάηκε ζωντανός άνθρωπος στα Βριλήσσια, από φωτιά που είχε ξεκινήσει μια μέρα πριν στο δάσος. Η επιτομή της αποτυχίας του επιτελικού κράτους. #φωτια #φωτια_πεντελη #Φωτια_τωρα","τον αυγουστο του 2024 καηκε ζωντανος ανθρωπος στα βριλησσια, απο φωτια που ειχε ξεκινησει μια μερα πριν στο δασος. η επιτομη της αποτυχιας του επιτελικου κρατους. #φωτια #φωτια_πεντελη #φωτια_τωρα",αυγουστος καηκε ζωντανος ανθρωπος βριλησσια φωτια ξεκινω μερα δασος επιτομη αποτυχια επιτελικος κρατος φωτια φωτια πεντελη φωτια τωρα,0.443,1,1,0,"[{'name': 'βριλησσια', 'ner_label': 'GPE'}, {'name': 'πεντελη', 'ner_label': 'GPE'}]","[{'lat': 38.0399028, 'lon': 23.8389373, 'name': 'Βριλήσσια', 'osm_class': 'place', 'osm_type': 'suburb', 'importance': 0.14674994048981455, 'ner_label': 'GPE', 'original_name': 'βριλησσια'}, {'lat': 38.0505896, 'lon': 23.8614591, 'name': 'Πεντέλη', 'osm_class': 'place', 'osm_type': 'suburb', 'importance': 0.49026558458181707, 'ner_label': 'GPE', 'original_name': 'πεντελη'}]"
2024-08-12 22:20:19+00:00,1823122371110146309,Φωτεινή,Εντοπίστηκε απανθρακωμένη γυναίκα . Αυτό.   #φωτια,12,3,,,,Εντοπίστηκε απανθρακωμένη γυναίκα . Αυτό. #φωτια,εντοπιστηκε απανθρακωμενη γυναικα . αυτο. #φωτια,εντοπιστηκε απανθρακωμενη γυναικα φωτια,0.627,1,0,1,[],[]
2024-08-12 22:20:22+00:00,1823122383781192151,Armyvoice.gr,Φωτιά στην Αττική: Εκκενώνεται οικισμός στο Μαραθώνα https://t.co/tnSCKmBVHe,0,0,,,,Φωτιά στην Αττική: Εκκενώνεται οικισμός στο Μαραθώνα,φωτια στην αττικη: εκκενωνεται οικισμος στο μαραθωνα,φωτια αττικος εκκενωνεται οικισμος μαραθωνας,0.989,1,0,1,"[{'name': 'αττικη', 'ner_label': 'GPE'}, {'name': 'μαραθωνα', 'ner_label': 'GPE'}]","[{'lat': 37.9995238, 'lon': 23.7228379, 'name': 'Αττική', 'osm_class': 'railway', 'osm_type': 'station', 'importance': 0.37797476194049984, 'ner_label': 'GPE', 'original_name': 'αττικη'}, {'lat': 38.1498866, 'lon': 24.0141843, 'name': 'Ολυμπιακό Κωπηλατοδρόμιο Σχινιά Μαραθώνα', 'osm_class': 'landuse', 'osm_type': 'recreation_ground', 'importance': 0.0800602922102693, 'ner_label': 'GPE', 'original_name': 'μαραθωνα'}]"
2024-08-12 22:20:37+00:00,1823122445605171529,Μολών Λαβέ,Νεκρή γυναίκα από την πυρκαγιά στην Αττική – Βρέθηκε καμμένη έξω από το σπίτι της στο Πάτημα Βριλησσίων https://t.co/pSpEPWRB7u https://t.co/sVytFTySL9,34,13,,,,Νεκρή γυναίκα από την πυρκαγιά στην Αττική – Βρέθηκε καμμένη έξω από το σπίτι της στο Πάτημα Βριλησσίων,νεκρη γυναικα απο την πυρκαγια στην αττικη – βρεθηκε καμμενη εξω απο το σπιτι της στο πατημα βριλησσιων,νεκρη γυναικα πυρκαγια αττικος βρεθηκε καμμενη σπιτι πατημα βριλησσιων,0.544,1,0,1,"[{'name': 'αττικη', 'ner_label': 'GPE'}, {'name': 'πατημα βριλησσιων', 'ner_label': 'GPE'}]","[{'lat': 37.9995238, 'lon': 23.7228379, 'name': 'Αττική', 'osm_class': 'railway', 'osm_type': 'station', 'importance': 0.37797476194049984, 'ner_label': 'GPE', 'original_name': 'αττικη'}]"
2024-08-12 22:21:13+00:00,1823122597149569416,Creta One,Φωτιά στην Αττική: Κάτοικοι με δάκρυα στα μάτια και κουβάδες στα χέρια προσπαθούν να σώσουν ότι μπορούν https://t.co/4nzbzHYqBc,0,0,,,,Φωτιά στην Αττική: Κάτοικοι με δάκρυα στα μάτια και κουβάδες στα χέρια προσπαθούν να σώσουν ότι μπορούν,φωτια στην αττικη: κατοικοι με δακρυα στα ματια και κουβαδες στα χερια προσπαθουν να σωσουν οτι μπορουν,φωτια αττικος κατοικοι δακρυα ματι κουβαδα χερι προσπαθω σωζω,0.644,1,0,1,"[{'name': 'αττικη', 'ner_label': 'GPE'}]","[{'lat': 37.9995238, 'lon': 23.7228379, 'name': 'Αττική', 'osm_class': 'railway', 'osm_type': 'station', 'importance': 0.37797476194049984, 'ner_label': 'GPE', 'original_name': 'αττικη'}]"
2024-08-12 22:21:39+00:00,1823122705505206343,Hot Doc,📌#Φωτια στην Αττική: Νεκρή γυναίκα μέσα σε κτίριο στο Πάτημα Βριλησσίων  https://t.co/datuPoLSUN,13,6,,,,#Φωτια στην Αττική: Νεκρή γυναίκα μέσα σε κτίριο στο Πάτημα Βριλησσίων,#φωτια στην αττικη: νεκρη γυναικα μεσα σε κτιριο στο πατημα βριλησσιων,φωτια αττικος νεκρη γυναικα κτιριο πατημα βριλησσιων,0.98,1,0,1,"[{'name': 'αττικη', 'ner_label': 'GPE'}, {'name': 'πατημα βριλησσιων', 'ner_label': 'GPE'}]","[{'lat': 37.9995238, 'lon': 23.7228379, 'name': 'Αττική', 'osm_class': 'railway', 'osm_type': 'station', 'importance': 0.37797476194049984, 'ner_label': 'GPE', 'original_name': 'αττικη'}]"
2024-08-12 22:21:46+00:00,1823122733686751615,ProNews,ΕΚΤΑΚΤΟ: Απανθρακωμένη βρέθηκε η γυναίκα στο Πάτημα Χαλανδρίου – Η Πυροσβεστική δήλωνε «Άγνοια για το περιστατικό»! (upd) https://t.co/IoFIhvLnXn #φωτια #Πυρκαγια #Αττικη #Ματι #Βαρναβα #Χαλανδρι #ΑνωΓλυφαδα #Μητσοτακης #Γερακα #Αναπαυσεως,4,0,,,,ΕΚΤΑΚΤΟ: Απανθρακωμένη βρέθηκε η γυναίκα στο Πάτημα Χαλανδρίου – Η Πυροσβεστική δήλωνε «Άγνοια για το περιστατικό»! (upd) #φωτια #Πυρκαγια #Αττικη #Ματι #Βαρναβα #Χαλανδρι #ΑνωΓλυφαδα #Μητσοτακης #Γερακα #Αναπαυσεως,εκτακτο: απανθρακωμενη βρεθηκε η γυναικα στο πατημα χαλανδριου – η πυροσβεστικη δηλωνε «αγνοια για το περιστατικο»! (upd) #φωτια #πυρκαγια #αττικη #ματι #βαρναβα #χαλανδρι #ανωγλυφαδα #μητσοτακης #γερακα #αναπαυσεως,εκτακτο απανθρακωμενη βρεθηκε γυναικα πατημα χαλανδριου πυροσβεστικος δηλωνε αγνοια περιστατικο upd φωτια πυρκαγια αττικη ματι βαρναβα χαλανδρι ανω γλυφαδα μητσοτακης γερακα αναπαυσεως,0.783,1,0,1,"[{'name': 'πατημα χαλανδριου', 'ner_label': 'GPE'}, {'name': 'αττικη ματι βαρναβα χαλανδρι', 'ner_label': 'GPE'}, {'name': 'γερακα', 'ner_label': 'GPE'}]","[{'lat': 38.0249177, 'lon': 23.8544753, 'name': 'Δημοτική Ενότητα Γέρακα', 'osm_class': 'boundary', 'osm_type': 'administrative', 'importance': 0.18674994048981455, 'ner_label': 'GPE', 'original_name': 'γερακα'}]"
2024-08-12 22:21:53+00:00,1823122764871741818,Δέσποτας Ο ΠΙΛΟΤΟΣ ✈ Ο ΠΟΘΗΤΟΣ🔥Ο ΚΒΑΝΤΙΚΟΣ🌌⚖ 🕯,Φωτιά στην Αττική: Κάηκε το σπίτι του 65χρονου που καταδικάστηκε για την πυρκαγιά στο Μάτι - «Δεν έχω λόγια» https://t.co/n1p9F19lTM,9,1,,,,Φωτιά στην Αττική: Κάηκε το σπίτι του 65χρονου που καταδικάστηκε για την πυρκαγιά στο Μάτι - «Δεν έχω λόγια»,φωτια στην αττικη: καηκε το σπιτι του 65χρονου που καταδικαστηκε για την πυρκαγια στο ματι - «δεν εχω λογια»,φωτια αττικος καηκε σπιτι χρονος καταδικαζω πυρκαγια ματι λογος,0.314,1,0,1,"[{'name': 'αττικη', 'ner_label': 'GPE'}, {'name': 'ματι', 'ner_label': 'GPE'}]","[{'lat': 37.9995238, 'lon': 23.7228379, 'name': 'Αττική', 'osm_class': 'railway', 'osm_type': 'station', 'importance': 0.37797476194049984, 'ner_label': 'GPE', 'original_name': 'αττικη'}, {'lat': 40.9138035, 'lon': 24.0908794, 'name': 'Μάτι', 'osm_class': 'natural', 'osm_type': 'peak', 'importance': 0.43096957211662124, 'ner_label': 'GPE', 'original_name': 'ματι'}]"
2024-08-12 22:22:33+00:00,1823122932341817789,Σατανικό Αβοκάντο 🥑,Η #φωτια στο Καρατάσου έσβησε! Ευτυχώς! Κανονίστε ρεμάλια  Τα μάτια σας 14 στο Σέιχ Σου,20,8,,,,Η #φωτια στο Καρατάσου έσβησε! Ευτυχώς! Κανονίστε ρεμάλια Τα μάτια σας 14 στο Σέιχ Σου,η #φωτια στο καρατασου εσβησε! ευτυχως! κανονιστε ρεμαλια τα ματια σας 14 στο σειχ σου,φωτια καρατασου εσβησε κανονιστε ρεμαλι ματι σειχ,0.799,1,0,0,"[{'name': 'καρατασου', 'ner_label': 'GPE'}, {'name': 'σειχ σου', 'ner_label': 'LOC'}]","[{'lat': 40.6254604, 'lon': 23.0079883, 'name': 'Σέιχ Σου', 'osm_class': 'landuse', 'osm_type': 'forest', 'importance': 0.2681408123538118, 'ner_label': 'LOC', 'original_name': 'σειχ σου'}]"
2024-08-12 22:22:47+00:00,1823122989522522334,Eleni.Karanikola,Πυρκαγιά Αττική: Μια γυναίκα βρέθηκε απανθρακωμένη στο Πάτημα Βριλησσίων - Documento https://t.co/aBP4ats2EU,3,4,,,,Πυρκαγιά Αττική: Μια γυναίκα βρέθηκε απανθρακωμένη στο Πάτημα Βριλησσίων - Documento,πυρκαγια αττικη: μια γυναικα βρεθηκε απανθρακωμενη στο πατημα βριλησσιων - documento,πυρκαγια αττικος γυναικα βρεθηκε απανθρακωμενη πατημα βριλησσιων documento,0.709,1,0,1,"[{'name': 'αττικη', 'ner_label': 'GPE'}, {'name': 'πατημα βριλησσιων', 'ner_label': 'GPE'}]","[{'lat': 37.9995238, 'lon': 23.7228379, 'name': 'Αττική', 'osm_class': 'railway', 'osm_type': 'station', 'importance': 0.37797476194049984, 'ner_label': 'GPE', 'original_name': 'αττικη'}]"
2024-08-12 22:23:42+00:00,1823123220423217533,Panikos Z,Νεο 112 πριν λιγο .   #φωτια https://t.co/teMYK2rh6h,8,0,,,,Νεο 112 πριν λιγο . #φωτια,νεο 112 πριν λιγο . #φωτια,νεο λιγο φωτια,0.985,1,0,1,[],[]
2024-08-12 22:24:25+00:00,1823123401545797901,ΤΟ ΠΟΝΤΙΚΙ,Φωτιά στην Αττική: Τα μέτρα του υπουργείου Υγείας – Ποια νοσοκομεία βρίσκονται σε ετοιμότητα https://t.co/3uA6QjUWpz https://t.co/7bWTeo85X5,1,1,,,,Φωτιά στην Αττική: Τα μέτρα του υπουργείου Υγείας – Ποια νοσοκομεία βρίσκονται σε ετοιμότητα,φωτια στην αττικη: τα μετρα του υπουργειου υγειας – ποια νοσοκομεια βρισκονται σε ετοιμοτητα,φωτια αττικος μετρο υπουργειο υγεια ποια νοσοκομειο βρισκω ετοιμοτητα,0.935,1,0,1,"[{'name': 'αττικη', 'ner_label': 'GPE'}]","[{'lat': 37.9995238, 'lon': 23.7228379, 'name': 'Αττική', 'osm_class': 'railway', 'osm_type': 'station', 'importance': 0.37797476194049984, 'ner_label': 'GPE', 'original_name': 'αττικη'}]"
2024-08-12 22:25:02+00:00,1823123557418746247,Chris was here,Απανθρακωμένη γυναίκα στα Βριλήσσια.... από την φωτιά που ξεκίνησε από τον Βαρνάβα... Μητσοτάκη παραιτήσου... Κικίλια το ίδιο... πούλο,57,7,,,,Απανθρακωμένη γυναίκα στα Βριλήσσια... από την φωτιά που ξεκίνησε από τον Βαρνάβα... Μητσοτάκη παραιτήσου... Κικίλια το ίδιο... πούλο,απανθρακωμενη γυναικα στα βριλησσια... απο την φωτια που ξεκινησε απο τον βαρναβα... μητσοτακη παραιτησου... κικιλια το ιδιο... πουλο,απανθρακωμενη γυναικα βριλησσι φωτια ξεκινω βαρναβας μητσοτακης παραιτησος κικιλια πουλος,0.576,1,0,0,"[{'name': 'βριλησσια', 'ner_label': 'GPE'}, {'name': 'βαρναβα', 'ner_label': 'GPE'}]","[{'lat': 38.0399028, 'lon': 23.8389373, 'name': 'Βριλήσσια', 'osm_class': 'place', 'osm_type': 'suburb', 'importance': 0.14674994048981455, 'ner_label': 'GPE', 'original_name': 'βριλησσια'}, {'lat': 37.9656966, 'lon': 23.743307, 'name': 'Πλατεία Βαρνάβα', 'osm_class': 'leisure', 'osm_type': 'park', 'importance': 0.08008327382314791, 'ner_label': 'GPE', 'original_name': 'βαρναβα'}]"
2024-08-12 22:25:07+00:00,1823123576637243687,Makeleio.gr,"Φωτιά στην Αττική: Στην κατηγορία megafire, περισσότερα από 100.000 στρέμματα έχουν γίνει στάχτη!Τρομάζει η εικόνα της πυρκαγιάς που «ξέσπασε» στον Βαρνάβα το μεσημέρι της Κυριακής! https://t.co/VOtMlbTCkf https://t.co/3bfF8Vbz9T",3,0,,,,"Φωτιά στην Αττική: Στην κατηγορία megafire, περισσότερα από 100.000 στρέμματα έχουν γίνει στάχτη!Τρομάζει η εικόνα της πυρκαγιάς που «ξέσπασε» στον Βαρνάβα το μεσημέρι της Κυριακής!","φωτια στην αττικη: στην κατηγορια megafire, περισσοτερα απο 100.000 στρεμματα εχουν γινει σταχτη!τρομαζει η εικονα της πυρκαγιας που «ξεσπασε» στον βαρναβα το μεσημερι της κυριακης!",φωτια αττικος κατηγορια megafire πολυς στρεμμα γινομαι σταχτη τρομαζει εικονα πυρκαγιας ξεσπασε βαρναβας μεσημερι κυριακη,0.975,1,1,1,"[{'name': 'αττικη', 'ner_label': 'GPE'}, {'name': 'βαρναβα', 'ner_label': 'GPE'}]","[{'lat': 37.9995238, 'lon': 23.7228379, 'name': 'Αττική', 'osm_class': 'railway', 'osm_type': 'station', 'importance': 0.37797476194049984, 'ner_label': 'GPE', 'original_name': 'αττικη'}, {'lat': 37.9656966, 'lon': 23.743307, 'name': 'Πλατεία Βαρνάβα', 'osm_class': 'leisure', 'osm_type': 'park', 'importance': 0.08008327382314791, 'ner_label': 'GPE', 'original_name': 'βαρναβα'}]"
2024-08-12 22:25:23+00:00,1823123646061113441,Γιαννης Κουρτακης,Φωτιά Αττική: Εντοπίστηκε σορός απανθρακωμένης γυναίκας στο Πάτημα Χαλανδρίου #φωτια_πεντελη #Φωτια_τωρα #Πεντελη #πυρκαγιας https://t.co/ZEWC2B8ttN,4,2,,,,Φωτιά Αττική: Εντοπίστηκε σορός απανθρακωμένης γυναίκας στο Πάτημα Χαλανδρίου #φωτια_πεντελη #Φωτια_τωρα #Πεντελη #πυρκαγιας,φωτια αττικη: εντοπιστηκε σορος απανθρακωμενης γυναικας στο πατημα χαλανδριου #φωτια_πεντελη #φωτια_τωρα #πεντελη #πυρκαγιας,φωτια αττικος εντοπιστηκε σορος απανθρακωμενος γυναικα πατημα χαλανδριου φωτια πεντελη φωτια τωρα πεντελη πυρκαγιας,0.895,1,0,1,"[{'name': 'αττικη', 'ner_label': 'GPE'}, {'name': 'πατημα χαλανδριου', 'ner_label': 'GPE'}, {'name': 'πεντελη', 'ner_label': 'GPE'}]","[{'lat': 37.9995238, 'lon': 23.7228379, 'name': 'Αττική', 'osm_class': 'railway', 'osm_type': 'station', 'importance': 0.37797476194049984, 'ner_label': 'GPE', 'original_name': 'αττικη'}, {'lat': 38.0505896, 'lon': 23.8614591, 'name': 'Πεντέλη', 'osm_class': 'place', 'osm_type': 'suburb', 'importance': 0.49026558458181707, 'ner_label': 'GPE', 'original_name': 'πεντελη'}]"
2024-08-12 22:26:29+00:00,1823123919852777700,adarouk,Η φωτιά στον Ορβηλο παίζει να πλησιάζει Άρτα,0,0,,,,Η φωτιά στον Ορβηλο παίζει να πλησιάζει Άρτα,η φωτια στον ορβηλο παιζει να πλησιαζει αρτα,φωτια ορβηλο παιζω πλησιαζω αρτα,0.839,1,0,0,"[{'name': 'ορβηλο', 'ner_label': 'GPE'}, {'name': 'αρτα', 'ner_label': 'GPE'}]","[{'lat': 39.1613205, 'lon': 20.986264, 'name': 'Άρτα', 'osm_class': 'place', 'osm_type': 'city', 'importance': 0.5372387624690738, 'ner_label': 'GPE', 'original_name': 'αρτα'}]"
2024-08-12 22:27:44+00:00,1823124237323751524,NorMaLe,Ο ηθικός αυτουργός για τον θάνατο αυτής της γυναίκας. #φωτιά #Χαλάνδρι #Βριλήσσια #Βαρνάβας #Πυρκαγιά #Πεντέλη https://t.co/zRzVEQMWsk,43,13,,,,Ο ηθικός αυτουργός για τον θάνατο αυτής της γυναίκας. #φωτιά #Χαλάνδρι #Βριλήσσια #Βαρνάβας #Πυρκαγιά #Πεντέλη,ο ηθικος αυτουργος για τον θανατο αυτης της γυναικας. #φωτια #χαλανδρι #βριλησσια #βαρναβας #πυρκαγια #πεντελη,ηθικος αυτουργος θανατος γυναικα φωτια χαλανδρι βριλησσια βαρναβας πυρκαγια πεντελη,0.351,1,0,0,"[{'name': 'χαλανδρι βριλησσια βαρναβας', 'ner_label': 'GPE'}, {'name': 'πεντελη', 'ner_label': 'GPE'}]","[{'lat': 38.0505896, 'lon': 23.8614591, 'name': 'Πεντέλη', 'osm_class': 'place', 'osm_type': 'suburb', 'importance': 0.49026558458181707, 'ner_label': 'GPE', 'original_name': 'πεντελη'}]"
2024-08-12 22:27:54+00:00,1823124275898806630,Znews_gr,Βρέθηκε σορός πιθανόν γυναίκας σε επιχείρηση με πλακάκια  #φωτια #Βριλησσια #Αττικη #πυρκαγιά  https://t.co/CdU1MwlueE https://t.co/bDAaW6wZGU,5,1,,,,Βρέθηκε σορός πιθανόν γυναίκας σε επιχείρηση με πλακάκια #φωτια #Βριλησσια #Αττικη #πυρκαγιά,βρεθηκε σορος πιθανον γυναικας σε επιχειρηση με πλακακια #φωτια #βριλησσια #αττικη #πυρκαγια,βρεθηκε σορος γυναικα επιχειρηση πλακακι φωτια βριλησσια αττικη πυρκαγια,0.841,1,0,1,"[{'name': 'βριλησσια αττικη', 'ner_label': 'GPE'}]",[]
2024-08-12 22:28:30+00:00,1823124430085923287,Oknews.gr,Φωτιά στην Αττική: Βρέθηκε απανθρακωμένη γυναίκα σε επιχείρηση στο Πάτημα Χαλανδρίου -Σε επιφυλακή οι δυνάμεις πυρόσβεσης για τις διάσπαρτες εστίες και τις συνεχείς αναζωπυρώσεις – Συνεχής ενημέρωση https://t.co/o47X71lGHh,0,0,,,,Φωτιά στην Αττική: Βρέθηκε απανθρακωμένη γυναίκα σε επιχείρηση στο Πάτημα Χαλανδρίου -Σε επιφυλακή οι δυνάμεις πυρόσβεσης για τις διάσπαρτες εστίες και τις συνεχείς αναζωπυρώσεις – Συνεχής ενημέρωση,φωτια στην αττικη: βρεθηκε απανθρακωμενη γυναικα σε επιχειρηση στο πατημα χαλανδριου -σε επιφυλακη οι δυναμεις πυροσβεσης για τις διασπαρτες εστιες και τις συνεχεις αναζωπυρωσεις – συνεχης ενημερωση,φωτια αττικος βρεθηκε απανθρακωμενη γυναικα επιχειρηση πατημα χαλανδριου σε επιφυλακη δυναμη πυροσβεση διασπαρτος εστια συνεχης αναζωπυρωσεις συνεχης ενημερωση,0.966,1,0,1,"[{'name': 'αττικη', 'ner_label': 'GPE'}, {'name': 'πατημα χαλανδριου', 'ner_label': 'GPE'}]","[{'lat': 37.9995238, 'lon': 23.7228379, 'name': 'Αττική', 'osm_class': 'railway', 'osm_type': 'station', 'importance': 0.37797476194049984, 'ner_label': 'GPE', 'original_name': 'αττικη'}]"
2024-08-12 22:29:26+00:00,1823124663582556197,enikos.gr,Ηλεία: Φωτιά στην Μανωλάδα – ΦΩΤΟ https://t.co/kqU9GUznX4,0,0,,,,Ηλεία: Φωτιά στην Μανωλάδα – ΦΩΤΟ,ηλεια: φωτια στην μανωλαδα – φωτο,ηλεια φωτια μανωλαδα φωτο,0.988,1,0,0,"[{'name': 'ηλεια', 'ner_label': 'GPE'}, {'name': 'μανωλαδα', 'ner_label': 'GPE'}]","[{'lat': 37.8057163, 'lon': 21.4152622, 'name': 'Περιφερειακή Ενότητα Ηλείας', 'osm_class': 'boundary', 'osm_type': 'administrative', 'importance': 0.5150702151241191, 'ner_label': 'GPE', 'original_name': 'ηλεια'}, {'lat': 38.0462703, 'lon': 21.3486277, 'name': 'Μανολάδα', 'osm_class': 'place', 'osm_type': 'village', 'importance': 0.4717548752391439, 'ner_label': 'GPE', 'original_name': 'μανωλαδα'}]"
2024-08-12 22:30:00+00:00,1823124805983281547,TV Χωρίς Σύνορα,Φωτιά στην Αττική / Εντοπίστηκε απανθρακωμένο πτώμα στο Πάτημα Βριλησσίων https://t.co/nD2zMu04ua,0,0,,,,Φωτιά στην Αττική / Εντοπίστηκε απανθρακωμένο πτώμα στο Πάτημα Βριλησσίων,φωτια στην αττικη / εντοπιστηκε απανθρακωμενο πτωμα στο πατημα βριλησσιων,φωτια αττικη εντοπιστηκε απανθρακωμενος πτωμα πατημα βριλησσιων,0.949,1,1,0,"[{'name': 'αττικη', 'ner_label': 'GPE'}, {'name': 'πατημα βριλησσιων', 'ner_label': 'GPE'}]","[{'lat': 37.9995238, 'lon': 23.7228379, 'name': 'Αττική', 'osm_class': 'railway', 'osm_type': 'station', 'importance': 0.37797476194049984, 'ner_label': 'GPE', 'original_name': 'αττικη'}]"
2024-08-12 22:30:00+00:00,1823124806016856290,ELgr,Τεράστιες φλόγες καίνε τον Γέρακα!Συγκλονίζουν πολίτες και ιερέας που προσπαθούν να σβήσουν τη φωτιά(vid) https://t.co/CF8hdSamcx,2,0,,,,Τεράστιες φλόγες καίνε τον Γέρακα!Συγκλονίζουν πολίτες και ιερέας που προσπαθούν να σβήσουν τη φωτιά(vid),τεραστιες φλογες καινε τον γερακα!συγκλονιζουν πολιτες και ιερεας που προσπαθουν να σβησουν τη φωτια(vid),τεραστιες φλογα καινε γερακα συγκλονιζω πολιτης ιερεας προσπαθω σβω φωτια vid,0.842,1,0,1,"[{'name': 'γερακα', 'ner_label': 'GPE'}]","[{'lat': 38.0249177, 'lon': 23.8544753, 'name': 'Δημοτική Ενότητα Γέρακα', 'osm_class': 'boundary', 'osm_type': 'administrative', 'importance': 0.18674994048981455, 'ner_label': 'GPE', 'original_name': 'γερακα'}]"
2024-08-12 22:30:25+00:00,1823124912439009724,Armyvoice.gr,Φωτιά στη Θεσσαλονίκη στο πρώην στρατόπεδο Καρατάσιου https://t.co/bF4j5XW5xT,0,0,,,,Φωτιά στη Θεσσαλονίκη στο πρώην στρατόπεδο Καρατάσιου,φωτια στη θεσσαλονικη στο πρωην στρατοπεδο καρατασιου,φωτια θεσσαλονικη πρωην στρατοπεδο καρατασιος,0.989,1,0,1,"[{'name': 'θεσσαλονικη', 'ner_label': 'GPE'}, {'name': 'στρατοπεδο καρατασιου', 'ner_label': 'FAC'}]","[{'lat': 40.6403167, 'lon': 22.9352716, 'name': 'Θεσσαλονίκη', 'osm_class': 'place', 'osm_type': 'city', 'importance': 0.7032802514986225, 'ner_label': 'GPE', 'original_name': 'θεσσαλονικη'}, {'lat': 40.6743348, 'lon': 22.9519698, 'name': 'Καρατάσιου', 'osm_class': 'natural', 'osm_type': 'scrub', 'importance': 0.10674071946288241, 'ner_label': 'FAC', 'original_name': 'στρατοπεδο καρατασιου'}]"
2024-08-12 22:31:27+00:00,1823125171672318407,Only True,"@KatherineKont Ανάρτηση του Δήμου Γλυφάδας:  Σε εμπρησμό οφείλεται η πυρκαγιά που εκδηλώθηκε λίγο πριν από τις 8 το βράδυ σε δύσβατη περιοχή, πίσω από το γήπεδο ποδοσφαίρου της Τερψιθέας. Δύο νεαροί εθεάθησαν «επί το έργον», κυνηγήθηκαν από κατοίκους, αναγνωρίστηκαν και συνελήφθησαν..",1,0,,,,"Ανάρτηση του Δήμου Γλυφάδας: Σε εμπρησμό οφείλεται η πυρκαγιά που εκδηλώθηκε λίγο πριν από τις 8 το βράδυ σε δύσβατη περιοχή, πίσω από το γήπεδο ποδοσφαίρου της Τερψιθέας. Δύο νεαροί εθεάθησαν «επί το έργον», κυνηγήθηκαν από κατοίκους, αναγνωρίστηκαν και συνελήφθησαν...","αναρτηση του δημου γλυφαδας: σε εμπρησμο οφειλεται η πυρκαγια που εκδηλωθηκε λιγο πριν απο τις 8 το βραδυ σε δυσβατη περιοχη, πισω απο το γηπεδο ποδοσφαιρου της τερψιθεας. δυο νεαροι εθεαθησαν «επι το εργον», κυνηγηθηκαν απο κατοικους, αναγνωριστηκαν και συνεληφθησαν...",αναρτηση δημου γλυφαδα εμπρησμος οφειλω πυρκαγια εκδηλωνω βραδυ δυσβατος περιοχη γηπεδο ποδοσφαιρου τερψιθεα δυο νεαρος εθεαθησαν εργον κυνηγηθηκαν κατοικος αναγνωριστηκαν συνεληφθησαν,0.842,1,0,1,"[{'name': 'τερψιθεας', 'ner_label': 'GPE'}]","[{'lat': 37.9018403, 'lon': 23.7709411, 'name': 'Τερψιθέα', 'osm_class': 'place', 'osm_type': 'neighbourhood', 'importance': 0.08008327382314791, 'ner_label': 'GPE', 'original_name': 'τερψιθεας'}]"
2024-08-12 22:33:12+00:00,1823125611096756339,Only True,"@Harhalas @KatherineKont Ανάρτηση του Δήμου Γλυφάδας:  Σε εμπρησμό οφείλεται η πυρκαγιά που εκδηλώθηκε λίγο πριν από τις 8 το βράδυ σε δύσβατη περιοχή, πίσω από το γήπεδο ποδοσφαίρου της Τερψιθέας. Δύο νεαροί εθεάθησαν «επί το έργον», κυνηγήθηκαν από κατοίκους, αναγνωρίστηκαν και συνελήφθησαν..",1,0,,,,"Ανάρτηση του Δήμου Γλυφάδας: Σε εμπρησμό οφείλεται η πυρκαγιά που εκδηλώθηκε λίγο πριν από τις 8 το βράδυ σε δύσβατη περιοχή, πίσω από το γήπεδο ποδοσφαίρου της Τερψιθέας. Δύο νεαροί εθεάθησαν «επί το έργον», κυνηγήθηκαν από κατοίκους, αναγνωρίστηκαν και συνελήφθησαν...","αναρτηση του δημου γλυφαδας: σε εμπρησμο οφειλεται η πυρκαγια που εκδηλωθηκε λιγο πριν απο τις 8 το βραδυ σε δυσβατη περιοχη, πισω απο το γηπεδο ποδοσφαιρου της τερψιθεας. δυο νεαροι εθεαθησαν «επι το εργον», κυνηγηθηκαν απο κατοικους, αναγνωριστηκαν και συνεληφθησαν...",αναρτηση δημου γλυφαδα εμπρησμος οφειλω πυρκαγια εκδηλωνω βραδυ δυσβατος περιοχη γηπεδο ποδοσφαιρου τερψιθεα δυο νεαρος εθεαθησαν εργον κυνηγηθηκαν κατοικος αναγνωριστηκαν συνεληφθησαν,0.842,1,0,1,"[{'name': 'τερψιθεας', 'ner_label': 'GPE'}]","[{'lat': 37.9018403, 'lon': 23.7709411, 'name': 'Τερψιθέα', 'osm_class': 'place', 'osm_type': 'neighbourhood', 'importance': 0.08008327382314791, 'ner_label': 'GPE', 'original_name': 'τερψιθεας'}]"
2024-08-12 22:33:51+00:00,1823125775845142624,X-apinhs,Στο σημειο 1 ξεκινησε χθες η πυρκαγια. Στο σημειο 2 απανθρακωθηκε γυναικα σημερα. Στο μεταξυ η πυρκαγια εκαιγε ανεξελεγκτη... Ο μηχανισμος ηταν σε ΠΛΗΡΗ ετοιμοτητα. ΝΤΡΟΠΗ ΣΑΣ  #φωτια  #πυρκαγιά #Αττική https://t.co/xUChAzpLbJ,34,7,,,,Στο σημειο 1 ξεκινησε χθες η πυρκαγια. Στο σημειο 2 απανθρακωθηκε γυναικα σημερα. Στο μεταξυ η πυρκαγια εκαιγε ανεξελεγκτη... Ο μηχανισμος ηταν σε ΠΛΗΡΗ ετοιμοτητα. ΝΤΡΟΠΗ ΣΑΣ #φωτια #πυρκαγιά #Αττική,στο σημειο 1 ξεκινησε χθες η πυρκαγια. στο σημειο 2 απανθρακωθηκε γυναικα σημερα. στο μεταξυ η πυρκαγια εκαιγε ανεξελεγκτη... ο μηχανισμος ηταν σε πληρη ετοιμοτητα. ντροπη σας #φωτια #πυρκαγια #αττικη,σημειο ξεκινησε χθες πυρκαγια σημειο απανθρακωθηκε γυναικα σημερα μεταξυ πυρκαγια εκαιγε ανεξελεγκτης μηχανισμος ηταν πληρη ετοιμοτητα ντροπη φωτια πυρκαγια αττικος,0.971,1,0,0,"[{'name': 'αττικη', 'ner_label': 'GPE'}]","[{'lat': 37.9995238, 'lon': 23.7228379, 'name': 'Αττική', 'osm_class': 'railway', 'osm_type': 'station', 'importance': 0.37797476194049984, 'ner_label': 'GPE', 'original_name': 'αττικη'}]"
2024-08-12 22:34:53+00:00,1823126033425465587,Chrisafina,#φωτιά #πυρκαγιά  #Χάθηκε στη Νέα  Πεντέλη. https://t.co/77me6Lo0LB,64,219,,,,#φωτιά #πυρκαγιά #Χάθηκε στη Νέα Πεντέλη.,#φωτια #πυρκαγια #χαθηκε στη νεα πεντελη.,φωτια πυρκαγια χαθηκε νεος πεντελη,0.988,1,0,0,"[{'name': 'νεα πεντελη', 'ner_label': 'GPE'}]","[{'lat': 38.0586684, 'lon': 23.8561699, 'name': 'Νέα Πεντέλη', 'osm_class': 'place', 'osm_type': 'suburb', 'importance': 0.14674994048981455, 'ner_label': 'GPE', 'original_name': 'νεα πεντελη'}]"
2024-08-12 22:35:02+00:00,1823126074752106535,Only True,"@KatherineKont Ανάρτηση του Δήμου Γλυφάδας:  Σε εμπρησμό οφείλεται η πυρκαγιά που εκδηλώθηκε λίγο πριν από τις 8 το βράδυ σε δύσβατη περιοχή, πίσω από το γήπεδο ποδοσφαίρου της Τερψιθέας. Δύο νεαροί εθεάθησαν «επί το έργον», κυνηγήθηκαν από κατοίκους, αναγνωρίστηκαν και συνελήφθησαν...",2,0,,,,"Ανάρτηση του Δήμου Γλυφάδας: Σε εμπρησμό οφείλεται η πυρκαγιά που εκδηλώθηκε λίγο πριν από τις 8 το βράδυ σε δύσβατη περιοχή, πίσω από το γήπεδο ποδοσφαίρου της Τερψιθέας. Δύο νεαροί εθεάθησαν «επί το έργον», κυνηγήθηκαν από κατοίκους, αναγνωρίστηκαν και συνελήφθησαν...","αναρτηση του δημου γλυφαδας: σε εμπρησμο οφειλεται η πυρκαγια που εκδηλωθηκε λιγο πριν απο τις 8 το βραδυ σε δυσβατη περιοχη, πισω απο το γηπεδο ποδοσφαιρου της τερψιθεας. δυο νεαροι εθεαθησαν «επι το εργον», κυνηγηθηκαν απο κατοικους, αναγνωριστηκαν και συνεληφθησαν...",αναρτηση δημου γλυφαδα εμπρησμος οφειλω πυρκαγια εκδηλωνω βραδυ δυσβατος περιοχη γηπεδο ποδοσφαιρου τερψιθεα δυο νεαρος εθεαθησαν εργον κυνηγηθηκαν κατοικος αναγνωριστηκαν συνεληφθησαν,0.842,1,0,1,"[{'name': 'τερψιθεας', 'ner_label': 'GPE'}]","[{'lat': 37.9018403, 'lon': 23.7709411, 'name': 'Τερψιθέα', 'osm_class': 'place', 'osm_type': 'neighbourhood', 'importance': 0.08008327382314791, 'ner_label': 'GPE', 'original_name': 'τερψιθεας'}]"
2024-08-12 22:36:07+00:00,1823126343795810665,Makeleio.gr,Νέο 112 για Μαραθώνα – «Φωτιά σε δασική έκταση» https://t.co/4cByQX83To https://t.co/lc9AWvZAXV,1,0,,,,Νέο 112 για Μαραθώνα – «Φωτιά σε δασική έκταση»,νεο 112 για μαραθωνα – «φωτια σε δασικη εκταση»,νεος μαραθωνας φωτια δασικος εκταση,0.986,1,1,1,"[{'name': 'μαραθωνα', 'ner_label': 'GPE'}]","[{'lat': 38.1498866, 'lon': 24.0141843, 'name': 'Ολυμπιακό Κωπηλατοδρόμιο Σχινιά Μαραθώνα', 'osm_class': 'landuse', 'osm_type': 'recreation_ground', 'importance': 0.0800602922102693, 'ner_label': 'GPE', 'original_name': 'μαραθωνα'}]"
2024-08-12 22:36:29+00:00,1823126437156581428,Oknews.gr,Γλυφάδα: Συνελήφθησαν δύο νεαροί που έβαλαν τη φωτιά στην Τερψιθέα https://t.co/YikahITrxu #OknewsGr μέσω @OknewsGr,0,0,,,,Γλυφάδα: Συνελήφθησαν δύο νεαροί που έβαλαν τη φωτιά στην Τερψιθέα #OknewsGr μέσω,γλυφαδα: συνεληφθησαν δυο νεαροι που εβαλαν τη φωτια στην τερψιθεα #oknewsgr μεσω,γλυφαδα συνεληφθησαν δυο νεαρος εβαλαν φωτια τερψιθεα oknewsς gr,0.302,1,0,0,"[{'name': 'γλυφαδα', 'ner_label': 'GPE'}, {'name': 'τερψιθεα', 'ner_label': 'GPE'}]","[{'lat': 37.8829987, 'lon': 23.767983, 'name': 'Δήμος Γλυφάδας', 'osm_class': 'boundary', 'osm_type': 'administrative', 'importance': 0.2853231881743613, 'ner_label': 'GPE', 'original_name': 'γλυφαδα'}, {'lat': 37.9018403, 'lon': 23.7709411, 'name': 'Τερψιθέα', 'osm_class': 'place', 'osm_type': 'neighbourhood', 'importance': 0.08008327382314791, 'ner_label': 'GPE', 'original_name': 'τερψιθεα'}]"
2024-08-12 22:36:36+00:00,1823126465757786353,Homme Fatal,@Papanikolo25691 @bpapapanagiotou ήταν μεγάλη η φωτιά στα τέμπη;,1,0,,,,ήταν μεγάλη η φωτιά στα τέμπη;,ηταν μεγαλη η φωτια στα τεμπη;,μεγαλος φωτια τεμπη,0.94,1,0,0,"[{'name': 'τεμπη', 'ner_label': 'GPE'}]","[{'lat': 40.6640665, 'lon': 23.6438645, 'name': 'Μακεδονικά Τέμπη', 'osm_class': 'natural', 'osm_type': 'valley', 'importance': 0.2772938966131108, 'ner_label': 'GPE', 'original_name': 'τεμπη'}]"
2024-08-12 22:37:40+00:00,1823126736630079527,Ελεύθερος Κόσμος,Εντοπίστηκε απανθρακωμένη σορός γυναίκας στο Πάτημα Βριλησσίων #φωτια #φωτιά #πυρκαγια #Βαρναβα #Μαραθώνας #GreeceFires #Greece  #wildfires  https://t.co/V7HOcQqc5G https://t.co/KJE8xSrmY7,3,1,,,,Εντοπίστηκε απανθρακωμένη σορός γυναίκας στο Πάτημα Βριλησσίων #φωτια #φωτιά #πυρκαγια #Βαρναβα #Μαραθώνας #GreeceFires #Greece #wildfires,εντοπιστηκε απανθρακωμενη σορος γυναικας στο πατημα βριλησσιων #φωτια #φωτια #πυρκαγια #βαρναβα #μαραθωνας #greecefires #greece #wildfires,εντοπιστηκε απανθρακωμενη σορος γυναικα πατημα βριλησσιων φωτια φωτια πυρκαγια βαρναβα μαραθωνας greece fires greece wildfires,0.888,1,0,1,"[{'name': 'πατημα βριλησσιων', 'ner_label': 'GPE'}, {'name': 'βαρναβα μαραθωνας greecefires', 'ner_label': 'GPE'}]",[]
2024-08-12 22:38:16+00:00,1823126887801160162,ΤΗΛΕΓΡΑΦΗΜΑ NEWS,Δεύτερο καταστροφικό 24ωρο: Έχουν καεί πάνω από 100.000 στρέμματα – Χωρίς ενιαίο μέτωπο η φωτιά αλλά με ενεργές εστίες https://t.co/5y3sgSsgxW,0,0,,,,Δεύτερο καταστροφικό 24ωρο: Έχουν καεί πάνω από 100.000 στρέμματα – Χωρίς ενιαίο μέτωπο η φωτιά αλλά με ενεργές εστίες,δευτερο καταστροφικο 24ωρο: εχουν καει πανω απο 100.000 στρεμματα – χωρις ενιαιο μετωπο η φωτια αλλα με ενεργες εστιες,δευτερος καταστροφικος ωρο καει στρεμματο ενιαιος μετωπο φωτια ενεργες εστια,0.714,1,1,0,[],[]
2024-08-12 22:39:04+00:00,1823127089576300867,Ελεύθερος Κόσμος,Συνελήφθησαν νεαροί που έβαλαν την πυρκαγιά στην Τερψιθέα #φωτια #φωτιά #πυρκαγια #Βαρναβα #Μαραθώνας #GreeceFires #Greece  #wildfires  https://t.co/pOIVFjnhMX https://t.co/1PfLXJKlnQ,8,2,,,,Συνελήφθησαν νεαροί που έβαλαν την πυρκαγιά στην Τερψιθέα #φωτια #φωτιά #πυρκαγια #Βαρναβα #Μαραθώνας #GreeceFires #Greece #wildfires,συνεληφθησαν νεαροι που εβαλαν την πυρκαγια στην τερψιθεα #φωτια #φωτια #πυρκαγια #βαρναβα #μαραθωνας #greecefires #greece #wildfires,συνεληφθησαν νεαρος εβαλαν πυρκαγια τερψιθεα φωτια φωτια πυρκαγια βαρναβα μαραθωνας greece fires greece wildfires,0.609,1,0,0,"[{'name': 'τερψιθεα', 'ner_label': 'GPE'}, {'name': 'βαρναβα μαραθωνας', 'ner_label': 'GPE'}]","[{'lat': 37.9018403, 'lon': 23.7709411, 'name': 'Τερψιθέα', 'osm_class': 'place', 'osm_type': 'neighbourhood', 'importance': 0.08008327382314791, 'ner_label': 'GPE', 'original_name': 'τερψιθεα'}, {'lat': 38.1219138, 'lon': 23.9466557, 'name': 'Αρχαιολογικό Μουσείο Μαραθώνα', 'osm_class': 'tourism', 'osm_type': 'museum', 'importance': 0.19938740066310082, 'ner_label': 'GPE', 'original_name': 'βαρναβα μαραθωνας'}]"
2024-08-12 22:39:27+00:00,1823127183608393882,NewsIt,Φωτιά στην Άνω Γλυφάδα: Δυο συλλήψεις για εμπρησμό https://t.co/7b90nN8yIn,8,1,,,,Φωτιά στην Άνω Γλυφάδα: Δυο συλλήψεις για εμπρησμό,φωτια στην ανω γλυφαδα: δυο συλληψεις για εμπρησμο,φωτια γλυφαδα δυο συλληψεις εμπρησμος,0.923,1,0,1,"[{'name': 'ανω γλυφαδα', 'ner_label': 'GPE'}]","[{'lat': 37.8814649, 'lon': 23.7656896, 'name': 'Άνω Γλυφάδα', 'osm_class': 'place', 'osm_type': 'quarter', 'importance': 0.13341660715648124, 'ner_label': 'GPE', 'original_name': 'ανω γλυφαδα'}]"
2024-08-12 22:40:21+00:00,1823127408968454186,enikos.gr,Πανοραμικά πλάνα από την φωτιά στην Αττική που «κόβουν» την ανάσα https://t.co/XWdka0kKTQ,5,2,,,,Πανοραμικά πλάνα από την φωτιά στην Αττική που «κόβουν» την ανάσα,πανοραμικα πλανα απο την φωτια στην αττικη που «κοβουν» την ανασα,πανοραμικα πλανο φωτια αττικος κοβω ανασα,0.764,1,0,0,"[{'name': 'αττικη', 'ner_label': 'GPE'}]","[{'lat': 37.9995238, 'lon': 23.7228379, 'name': 'Αττική', 'osm_class': 'railway', 'osm_type': 'station', 'importance': 0.37797476194049984, 'ner_label': 'GPE', 'original_name': 'αττικη'}]"
2024-08-12 22:40:39+00:00,1823127487355703425,💻💹Σωτήρης Παπ 💹💻,Το 2024 καίγεται άνθρωπος από πυρκαγιά μέσα στον αστικό ιστό από #φωτια που ξεκίνησε 40 χιλιόμετρα μακριά.  Συλλυπητήρια στους οικείους,234,56,,,,Το 2024 καίγεται άνθρωπος από πυρκαγιά μέσα στον αστικό ιστό από #φωτια που ξεκίνησε 40 χιλιόμετρα μακριά. Συλλυπητήρια στους οικείους,το 2024 καιγεται ανθρωπος απο πυρκαγια μεσα στον αστικο ιστο απο #φωτια που ξεκινησε 40 χιλιομετρα μακρια. συλλυπητηρια στους οικειους,καιω ανθρωπος πυρκαγια αστικος ιστος φωτια ξεκινω χιλιομετρο μακρια συλλυπητηρια οικειος,0.566,1,0,1,[],[]
2024-08-12 22:43:43+00:00,1823128260013629741,🏆illiterate🏆,#φωτιά #πυρκαγια   Από αύριο σε επιλεγμένα δισκοπωλεία https://t.co/xBk1xVGCbB,65,2,,,,#φωτιά #πυρκαγια Από αύριο σε επιλεγμένα δισκοπωλεία,#φωτια #πυρκαγια απο αυριο σε επιλεγμενα δισκοπωλεια,φωτια πυρκαγια επιλεγμενα δισκοπωλεια,0.891,1,0,1,[],[]
2024-08-12 22:45:31+00:00,1823128712142790875,Ελεύθερος Τύπος,Φωτιά στην Αττική: Βρέθηκε απανθρακωμένη σορός γυναίκας στο Χαλάνδρι https://t.co/JXhguknLnd,1,0,,,,Φωτιά στην Αττική: Βρέθηκε απανθρακωμένη σορός γυναίκας στο Χαλάνδρι,φωτια στην αττικη: βρεθηκε απανθρακωμενη σορος γυναικας στο χαλανδρι,φωτια αττικος βρεθηκε απανθρακωμενη σορος γυναικα χαλανδρι,0.939,1,1,0,"[{'name': 'αττικη', 'ner_label': 'GPE'}, {'name': 'χαλανδρι', 'ner_label': 'GPE'}]","[{'lat': 37.9995238, 'lon': 23.7228379, 'name': 'Αττική', 'osm_class': 'railway', 'osm_type': 'station', 'importance': 0.37797476194049984, 'ner_label': 'GPE', 'original_name': 'αττικη'}, {'lat': 38.0217116, 'lon': 23.8207549, 'name': 'Χαλάνδρι', 'osm_class': 'railway', 'osm_type': 'station', 'importance': 0.3446563915113022, 'ner_label': 'GPE', 'original_name': 'χαλανδρι'}]"
2024-08-12 22:46:55+00:00,1823129061910003757,ΤΟ ΠΟΝΤΙΚΙ,Φωτιά στην Αττική: Κάηκε το σπίτι του ανθρώπου που έβαλε την πυρκαγιά στο Μάτι (Video) https://t.co/bZEb3muxNk https://t.co/UBmJe2wrTQ,2,1,,,,Φωτιά στην Αττική: Κάηκε το σπίτι του ανθρώπου που έβαλε την πυρκαγιά στο Μάτι (Video),φωτια στην αττικη: καηκε το σπιτι του ανθρωπου που εβαλε την πυρκαγια στο ματι (video),φωτια αττικος καηκε σπιτι ανθρωπου εβαλε πυρκαγια ματι video,0.941,1,0,1,"[{'name': 'αττικη', 'ner_label': 'GPE'}, {'name': 'ματι', 'ner_label': 'GPE'}]","[{'lat': 37.9995238, 'lon': 23.7228379, 'name': 'Αττική', 'osm_class': 'railway', 'osm_type': 'station', 'importance': 0.37797476194049984, 'ner_label': 'GPE', 'original_name': 'αττικη'}, {'lat': 40.9138035, 'lon': 24.0908794, 'name': 'Μάτι', 'osm_class': 'natural', 'osm_type': 'peak', 'importance': 0.43096957211662124, 'ner_label': 'GPE', 'original_name': 'ματι'}]"
2024-08-12 22:49:16+00:00,1823129655190196421,dgpapanikas,Φωτιά στην Αττική: Καμένη γυναίκα στο πάτημα Χαλανδρίου https://t.co/mDGwbVAqtG,0,0,,,,Φωτιά στην Αττική: Καμένη γυναίκα στο πάτημα Χαλανδρίου,φωτια στην αττικη: καμενη γυναικα στο πατημα χαλανδριου,φωτια αττικος καμενη γυναικα πατημα χαλανδριου,0.986,1,0,1,"[{'name': 'αττικη', 'ner_label': 'GPE'}, {'name': 'πατημα χαλανδριου', 'ner_label': 'GPE'}]","[{'lat': 37.9995238, 'lon': 23.7228379, 'name': 'Αττική', 'osm_class': 'railway', 'osm_type': 'station', 'importance': 0.37797476194049984, 'ner_label': 'GPE', 'original_name': 'αττικη'}]"
2024-08-12 22:49:31+00:00,1823129716234064057,enikos.gr,Φωτιά στην Αττική: Βίντεο αναγνωστών από το πύρινο μέτωπο στον Ερυθρό Νέας Μάκρης - Έκκληση κατοίκων της περιοχής για βοήθεια https://t.co/Oooz40Dtrj,1,1,,,,Φωτιά στην Αττική: Βίντεο αναγνωστών από το πύρινο μέτωπο στον Ερυθρό Νέας Μάκρης - Έκκληση κατοίκων της περιοχής για βοήθεια,φωτια στην αττικη: βιντεο αναγνωστων απο το πυρινο μετωπο στον ερυθρο νεας μακρης - εκκληση κατοικων της περιοχης για βοηθεια,φωτια αττικος βιντεο αναγνωστων πυρινος μετωπο ερυθρος νεας μακρης εκκληση κατοικων περιοχη βοηθεια,0.976,1,1,0,"[{'name': 'αττικη', 'ner_label': 'GPE'}]","[{'lat': 37.9995238, 'lon': 23.7228379, 'name': 'Αττική', 'osm_class': 'railway', 'osm_type': 'station', 'importance': 0.37797476194049984, 'ner_label': 'GPE', 'original_name': 'αττικη'}]"
2024-08-12 22:49:45+00:00,1823129778376843585,Flash.gr,Φωτιά Αττική: Βρέθηκε απανθρακωμένη σoρός γυναίκας στο Πάτημα Βριλησσίων | Flash https://t.co/wPWO7m27oJ https://t.co/d4dOZvmqu9,0,0,,,,Φωτιά Αττική: Βρέθηκε απανθρακωμένη σoρός γυναίκας στο Πάτημα Βριλησσίων | Flash,φωτια αττικη: βρεθηκε απανθρακωμενη σoρος γυναικας στο πατημα βριλησσιων | flash,φωτια αττικος βρεθηκε απανθρακωμενη σoρος γυναικα πατημα βριλησσιων flash,0.882,1,0,1,"[{'name': 'αττικη', 'ner_label': 'GPE'}, {'name': 'πατημα βριλησσιων', 'ner_label': 'GPE'}]","[{'lat': 37.9995238, 'lon': 23.7228379, 'name': 'Αττική', 'osm_class': 'railway', 'osm_type': 'station', 'importance': 0.37797476194049984, 'ner_label': 'GPE', 'original_name': 'αττικη'}]"
2024-08-12 22:51:44+00:00,1823130276513681634,Antifastroke,Φωτιές στην Αττική: Βρέθηκε απανθρακωμένη σορός στο Πάτημα Βριλησσίων. #φωτια,5,1,,,,Φωτιές στην Αττική: Βρέθηκε απανθρακωμένη σορός στο Πάτημα Βριλησσίων. #φωτια,φωτιες στην αττικη: βρεθηκε απανθρακωμενη σορος στο πατημα βριλησσιων. #φωτια,φωτιες αττικος βρεθηκε απανθρακωμενη σορος πατημα βριλησσιων φωτια,0.983,1,1,0,"[{'name': 'αττικη', 'ner_label': 'GPE'}, {'name': 'πατημα βριλησσιων', 'ner_label': 'GPE'}]","[{'lat': 37.9995238, 'lon': 23.7228379, 'name': 'Αττική', 'osm_class': 'railway', 'osm_type': 'station', 'importance': 0.37797476194049984, 'ner_label': 'GPE', 'original_name': 'αττικη'}]"
2024-08-12 22:52:20+00:00,1823130425163940213,Constantinos Tachtsidis,Λίγα χιλιόμετρα μακριά από το κέντρο της πρωτεύουσας της χώρας. Καληνύχτα και καλή τύχη. #φωτια #Πατημα_Χαλανδριου https://t.co/yJCDZgAFCQ,44,17,,,,Λίγα χιλιόμετρα μακριά από το κέντρο της πρωτεύουσας της χώρας. Καληνύχτα και καλή τύχη. #φωτια #Πατημα_Χαλανδριου,λιγα χιλιομετρα μακρια απο το κεντρο της πρωτευουσας της χωρας. καληνυχτα και καλη τυχη. #φωτια #πατημα_χαλανδριου,λιγα χιλιομετρο μακρια κεντρο πρωτευουσα χωρα καληνυχτα καλος τυχη φωτια πατημα χαλανδριου,0.593,1,0,1,"[{'name': 'φωτια πατημα _ χαλανδριου', 'ner_label': 'FAC'}]",[]
2024-08-12 22:52:50+00:00,1823130551852912723,Chrisafina,#φωτιά #πυρκαγιά  #Χάθηκε στα #Βριλήσσια. https://t.co/ixRloVEWf0,42,139,,,,#φωτιά #πυρκαγιά #Χάθηκε στα #Βριλήσσια.,#φωτια #πυρκαγια #χαθηκε στα #βριλησσια.,φωτια πυρκαγια χαθηκε βριλησσιο,0.986,1,0,0,"[{'name': 'βριλησσια', 'ner_label': 'GPE'}]","[{'lat': 38.0399028, 'lon': 23.8389373, 'name': 'Βριλήσσια', 'osm_class': 'place', 'osm_type': 'suburb', 'importance': 0.14674994048981455, 'ner_label': 'GPE', 'original_name': 'βριλησσια'}]"
2024-08-12 22:53:49+00:00,1823130801417998781,Δημήτρης Τζιβελέκης,Φωτιά στην Αττική: Εντοπίστηκε νεκρή γυναίκα μέσα σε κτίριο στο Πάτημα Βριλησσίων https://t.co/vnPrPLqibW μέσω @Newspepper,0,0,,,,Φωτιά στην Αττική: Εντοπίστηκε νεκρή γυναίκα μέσα σε κτίριο στο Πάτημα Βριλησσίων μέσω,φωτια στην αττικη: εντοπιστηκε νεκρη γυναικα μεσα σε κτιριο στο πατημα βριλησσιων μεσω,φωτια αττικος εντοπιστηκε νεκρη γυναικα κτιριο πατημα βριλησσιων,0.969,1,0,1,"[{'name': 'αττικη', 'ner_label': 'GPE'}, {'name': 'πατημα βριλησσιων', 'ner_label': 'GPE'}]","[{'lat': 37.9995238, 'lon': 23.7228379, 'name': 'Αττική', 'osm_class': 'railway', 'osm_type': 'station', 'importance': 0.37797476194049984, 'ner_label': 'GPE', 'original_name': 'αττικη'}]"
2024-08-12 22:54:37+00:00,1823131000634827186,orfeeas,@ArisPortosalte Ρε σκατο αρδ. Απανθρακωμένη βρέθηκε γυναίκα στο πάτημα Χαλανδρίου (500 μέτρα από την Μαραθώνος που μένεις) ενώ η φωτιά ξεκίνησε από τη Βαρνάβα και λες στον κόσμο να μην κάνει κριτική στην κυβέρνηση γιατί έκανε ότι μπορούσε?,83,6,,,,Ρε σκατο αρδ. Απανθρακωμένη βρέθηκε γυναίκα στο πάτημα Χαλανδρίου (500 μέτρα από την Μαραθώνος που μένεις) ενώ η φωτιά ξεκίνησε από τη Βαρνάβα και λες στον κόσμο να μην κάνει κριτική στην κυβέρνηση γιατί έκανε ότι μπορούσε?,ρε σκατο αρδ. απανθρακωμενη βρεθηκε γυναικα στο πατημα χαλανδριου (500 μετρα απο την μαραθωνος που μενεις) ενω η φωτια ξεκινησε απο τη βαρναβα και λες στον κοσμο να μην κανει κριτικη στην κυβερνηση γιατι εκανε οτι μπορουσε?,ρε σκατο αρδ απανθρακωμενη βρεθηκε γυναικα πατημα χαλανδριου μετρο μαραθωνος μενεις φωτια ξεκινω βαρναβας λες κοσμος κανω κριτικη κυβερνηση μπορω,0.4,1,0,1,"[{'name': 'πατημα χαλανδριου', 'ner_label': 'GPE'}, {'name': 'μαραθωνος', 'ner_label': 'LOC'}, {'name': 'βαρναβα', 'ner_label': 'GPE'}]","[{'lat': 38.1498866, 'lon': 24.0141843, 'name': 'Ολυμπιακό Κωπηλατοδρόμιο Σχινιά Μαραθώνα', 'osm_class': 'landuse', 'osm_type': 'recreation_ground', 'importance': 0.0800602922102693, 'ner_label': 'LOC', 'original_name': 'μαραθωνος'}, {'lat': 37.9656966, 'lon': 23.743307, 'name': 'Πλατεία Βαρνάβα', 'osm_class': 'leisure', 'osm_type': 'park', 'importance': 0.08008327382314791, 'ner_label': 'GPE', 'original_name': 'βαρναβα'}]"
2024-08-12 22:56:12+00:00,1823131400767152184,Bizznews.gr,Φωτιά στην Αττική: Βίντεο αναγνωστών από το πύρινο μέτωπο στον Ερυθρό Νέας Μάκρης – Έκκληση κατοίκων της περιοχής για βοήθεια -  https://t.co/hOHPMk0FLa https://t.co/qAyWR1gmEx,0,0,,,,Φωτιά στην Αττική: Βίντεο αναγνωστών από το πύρινο μέτωπο στον Ερυθρό Νέας Μάκρης – Έκκληση κατοίκων της περιοχής για βοήθεια -,φωτια στην αττικη: βιντεο αναγνωστων απο το πυρινο μετωπο στον ερυθρο νεας μακρης – εκκληση κατοικων της περιοχης για βοηθεια -,φωτια αττικος βιντεο αναγνωστων πυρινος μετωπο ερυθρος νεας μακρης εκκληση κατοικων περιοχη βοηθεια,0.978,1,1,0,"[{'name': 'αττικη', 'ner_label': 'GPE'}]","[{'lat': 37.9995238, 'lon': 23.7228379, 'name': 'Αττική', 'osm_class': 'railway', 'osm_type': 'station', 'importance': 0.37797476194049984, 'ner_label': 'GPE', 'original_name': 'αττικη'}]"
2024-08-12 22:57:11+00:00,1823131646356226337,TLIFE,Φωτιά στην Αττική: Εντοπίστηκε απανθρακωμένη γυναίκα στο Πάτημα Βριλησσίων https://t.co/Q3b3VvaJpK https://t.co/SLgirZHUve,0,0,,,,Φωτιά στην Αττική: Εντοπίστηκε απανθρακωμένη γυναίκα στο Πάτημα Βριλησσίων,φωτια στην αττικη: εντοπιστηκε απανθρακωμενη γυναικα στο πατημα βριλησσιων,φωτια αττικος εντοπιστηκε απανθρακωμενη γυναικα πατημα βριλησσιων,0.983,1,0,1,"[{'name': 'αττικη', 'ner_label': 'GPE'}, {'name': 'πατημα βριλησσιων', 'ner_label': 'GPE'}]","[{'lat': 37.9995238, 'lon': 23.7228379, 'name': 'Αττική', 'osm_class': 'railway', 'osm_type': 'station', 'importance': 0.37797476194049984, 'ner_label': 'GPE', 'original_name': 'αττικη'}]"
2024-08-12 22:57:17+00:00,1823131672318984347,Εκκλησία Online,Φωτιά στην Αττική: Πυροσβέστης σώζει μια γυναίκα από τις φλόγες https://t.co/pBgfgs3Nor,0,0,,,,Φωτιά στην Αττική: Πυροσβέστης σώζει μια γυναίκα από τις φλόγες,φωτια στην αττικη: πυροσβεστης σωζει μια γυναικα απο τις φλογες,φωτια αττικος πυροσβεστης σωζω γυναικα φλογα,0.672,1,0,0,"[{'name': 'αττικη', 'ner_label': 'GPE'}]","[{'lat': 37.9995238, 'lon': 23.7228379, 'name': 'Αττική', 'osm_class': 'railway', 'osm_type': 'station', 'importance': 0.37797476194049984, 'ner_label': 'GPE', 'original_name': 'αττικη'}]"
2024-08-12 22:58:50+00:00,1823132063861498059,enikos.gr,Φωτιά στην Αττική: Βίντεο αναγνωστών από το πύρινο μέτωπο στον Ερυθρό Νέας Μάκρης – Έκκληση κατοίκων της περιοχής για βοήθεια https://t.co/Oooz40Dtrj,0,0,,,,Φωτιά στην Αττική: Βίντεο αναγνωστών από το πύρινο μέτωπο στον Ερυθρό Νέας Μάκρης – Έκκληση κατοίκων της περιοχής για βοήθεια,φωτια στην αττικη: βιντεο αναγνωστων απο το πυρινο μετωπο στον ερυθρο νεας μακρης – εκκληση κατοικων της περιοχης για βοηθεια,φωτια αττικος βιντεο αναγνωστων πυρινος μετωπο ερυθρος νεας μακρης εκκληση κατοικων περιοχη βοηθεια,0.972,1,1,0,"[{'name': 'αττικη', 'ner_label': 'GPE'}]","[{'lat': 37.9995238, 'lon': 23.7228379, 'name': 'Αττική', 'osm_class': 'railway', 'osm_type': 'station', 'importance': 0.37797476194049984, 'ner_label': 'GPE', 'original_name': 'αττικη'}]"
2024-08-12 22:58:52+00:00,1823132072598286786,newsbomb.gr,Ηλεία: Φωτιά στην Μανωλάδα https://t.co/9uugpL1Mq0,0,0,,,,Ηλεία: Φωτιά στην Μανωλάδα,ηλεια: φωτια στην μανωλαδα,ηλεια φωτια μανωλαδα,0.99,1,0,0,"[{'name': 'ηλεια', 'ner_label': 'GPE'}, {'name': 'μανωλαδα', 'ner_label': 'GPE'}]","[{'lat': 37.8057163, 'lon': 21.4152622, 'name': 'Περιφερειακή Ενότητα Ηλείας', 'osm_class': 'boundary', 'osm_type': 'administrative', 'importance': 0.5150702151241191, 'ner_label': 'GPE', 'original_name': 'ηλεια'}, {'lat': 38.0462703, 'lon': 21.3486277, 'name': 'Μανολάδα', 'osm_class': 'place', 'osm_type': 'village', 'importance': 0.4717548752391439, 'ner_label': 'GPE', 'original_name': 'μανωλαδα'}]"
2024-08-12 22:59:57+00:00,1823132345400176744,Πυροσβεστικό Σώμα,"Υπό μερικό έλεγχο τέθηκε η #πυρκαγιά στη συμβολή των οδών Τενέδου &amp; Αγ. Νεκταρίου, στην Τερψιθέα Γλυφάδας.",16,4,,,,"Υπό μερικό έλεγχο τέθηκε η #πυρκαγιά στη συμβολή των οδών Τενέδου & Αγ. Νεκταρίου, στην Τερψιθέα Γλυφάδας.","υπο μερικο ελεγχο τεθηκε η #πυρκαγια στη συμβολη των οδων τενεδου & αγ. νεκταριου, στην τερψιθεα γλυφαδας.",μερικος ελεγχος τεθηκε πυρκαγια συμβολη οδων τενεδου αγ νεκταριου τερψιθεα γλυφαδα,0.99,1,0,1,"[{'name': 'οδων τενεδου & αγ . νεκταριου', 'ner_label': 'FAC'}, {'name': 'τερψιθεα γλυφαδας', 'ner_label': 'GPE'}]","[{'lat': 37.9018403, 'lon': 23.7709411, 'name': 'Τερψιθέα', 'osm_class': 'place', 'osm_type': 'neighbourhood', 'importance': 0.08008327382314791, 'ner_label': 'GPE', 'original_name': 'τερψιθεα γλυφαδας'}]"
2024-08-12 23:00:20+00:00,1823132439167865278,Debater.gr,"Φωτιά στην Αττική: Εκκενώνονται το «Αμαλία Φλέμινγκ», το Εθνικό Αστεροσκοπείο Πεντέλης και οι κατασκηνώσεις της Αστυνομίας https://t.co/9QEMW3RY6J https://t.co/lseazyLHSa",0,0,,,,"Φωτιά στην Αττική: Εκκενώνονται το «Αμαλία Φλέμινγκ», το Εθνικό Αστεροσκοπείο Πεντέλης και οι κατασκηνώσεις της Αστυνομίας","φωτια στην αττικη: εκκενωνονται το «αμαλια φλεμινγκ», το εθνικο αστεροσκοπειο πεντελης και οι κατασκηνωσεις της αστυνομιας",φωτια αττικος εκκενωνονται αμαλια φλεμινγκ εθνικος αστεροσκοπειο πεντελης κατασκηνωσεις αστυνομια,0.978,1,0,1,"[{'name': 'αττικη', 'ner_label': 'GPE'}, {'name': 'αμαλια φλεμινγκ', 'ner_label': 'FAC'}, {'name': 'εθνικο', 'ner_label': 'FAC'}]","[{'lat': 37.9995238, 'lon': 23.7228379, 'name': 'Αττική', 'osm_class': 'railway', 'osm_type': 'station', 'importance': 0.37797476194049984, 'ner_label': 'GPE', 'original_name': 'αττικη'}, {'lat': 38.0542829, 'lon': 23.8356552, 'name': 'Αμαλία Φλέμινγκ Πτέρυγα Τσαγκάρη', 'osm_class': 'amenity', 'osm_type': 'parking', 'importance': 8.327382314789071e-05, 'ner_label': 'FAC', 'original_name': 'αμαλια φλεμινγκ'}, {'lat': 37.9723192, 'lon': 23.718125, 'name': 'Εθνικό Αστεροσκοπείο Αθηνών', 'osm_class': 'building', 'osm_type': 'yes', 'importance': 0.41252155072916463, 'ner_label': 'FAC', 'original_name': 'εθνικο'}]"
2024-08-12 23:00:31+00:00,1823132486655791574,newspepper.gr,Φωτιά στην Αττική: Εντοπίστηκε νεκρή γυναίκα μέσα σε κτίριο στο Πάτημα Βριλησσίων https://t.co/QMx3lGAuo1 μέσω @Newspepper,0,0,,,,Φωτιά στην Αττική: Εντοπίστηκε νεκρή γυναίκα μέσα σε κτίριο στο Πάτημα Βριλησσίων μέσω,φωτια στην αττικη: εντοπιστηκε νεκρη γυναικα μεσα σε κτιριο στο πατημα βριλησσιων μεσω,φωτια αττικος εντοπιστηκε νεκρη γυναικα κτιριο πατημα βριλησσιων,0.969,1,0,1,"[{'name': 'αττικη', 'ner_label': 'GPE'}, {'name': 'πατημα βριλησσιων', 'ner_label': 'GPE'}]","[{'lat': 37.9995238, 'lon': 23.7228379, 'name': 'Αττική', 'osm_class': 'railway', 'osm_type': 'station', 'importance': 0.37797476194049984, 'ner_label': 'GPE', 'original_name': 'αττικη'}]"
2024-08-12 23:00:46+00:00,1823132549473784006,newspepper.gr,Φωτιά στην Αττική: Ολονύχτια μάχη σε Πεντέλη και Μαραθώνα https://t.co/VZiUTAxolC μέσω @Newspepper,0,0,,,,Φωτιά στην Αττική: Ολονύχτια μάχη σε Πεντέλη και Μαραθώνα μέσω,φωτια στην αττικη: ολονυχτια μαχη σε πεντελη και μαραθωνα μεσω,φωτια αττικος ολονυχτια μαχη πεντελη μαραθωνας,0.986,1,0,0,"[{'name': 'αττικη', 'ner_label': 'GPE'}, {'name': 'πεντελη', 'ner_label': 'GPE'}, {'name': 'μαραθωνα', 'ner_label': 'GPE'}]","[{'lat': 37.9995238, 'lon': 23.7228379, 'name': 'Αττική', 'osm_class': 'railway', 'osm_type': 'station', 'importance': 0.37797476194049984, 'ner_label': 'GPE', 'original_name': 'αττικη'}, {'lat': 38.0505896, 'lon': 23.8614591, 'name': 'Πεντέλη', 'osm_class': 'place', 'osm_type': 'suburb', 'importance': 0.49026558458181707, 'ner_label': 'GPE', 'original_name': 'πεντελη'}, {'lat': 38.1498866, 'lon': 24.0141843, 'name': 'Ολυμπιακό Κωπηλατοδρόμιο Σχινιά Μαραθώνα', 'osm_class': 'landuse', 'osm_type': 'recreation_ground', 'importance': 0.0800602922102693, 'ner_label': 'GPE', 'original_name': 'μαραθωνα'}]"
2024-08-12 23:00:57+00:00,1823132596374827063,Voice News,Φωτιά στο στρατόπεδο Καρατάσου https://t.co/huNbibJkMB https://t.co/9caBtvSJhJ,0,0,,,,Φωτιά στο στρατόπεδο Καρατάσου,φωτια στο στρατοπεδο καρατασου,φωτια στρατοπεδο καρατασος,0.99,1,0,1,"[{'name': 'στρατοπεδο καρατασου', 'ner_label': 'LOC'}]","[{'lat': 40.6743348, 'lon': 22.9519698, 'name': 'Καρατάσιου', 'osm_class': 'natural', 'osm_type': 'scrub', 'importance': 0.10674071946288241, 'ner_label': 'LOC', 'original_name': 'στρατοπεδο καρατασου'}]"
2024-08-12 23:01:23+00:00,1823132706244317558,η ελπίδα ήρθε άπαξ! & δεν μας ειπε καποιος κάτι...,Από δασική φωτιά ρε μαν…,0,0,,,,Από δασική φωτιά ρε μαν…,απο δασικη φωτια ρε μαν…,δασικος φωτια ρε μαν,0.97,1,1,0,"[{'name': 'μαν', 'ner_label': 'GPE'}]",[]
2024-08-12 23:01:52+00:00,1823132825945518162,Euro2day.gr,Σε εξέλιξη πυρκαγιά στην περιοχή Τερψιθέα Γλυφάδας https://t.co/hPaRu9zUo6,0,0,,,,Σε εξέλιξη πυρκαγιά στην περιοχή Τερψιθέα Γλυφάδας,σε εξελιξη πυρκαγια στην περιοχη τερψιθεα γλυφαδας,εξελιξη πυρκαγια περιοχη τερψιθεα γλυφαδα,0.992,1,0,0,"[{'name': 'τερψιθεα γλυφαδας', 'ner_label': 'GPE'}]","[{'lat': 37.9018403, 'lon': 23.7709411, 'name': 'Τερψιθέα', 'osm_class': 'place', 'osm_type': 'neighbourhood', 'importance': 0.08008327382314791, 'ner_label': 'GPE', 'original_name': 'τερψιθεα γλυφαδας'}]"
2024-08-12 23:02:39+00:00,1823133024537453032,attica24.gr,Φωτιά στην Αττική: Βρέθηκε απανθρακωμένη σορός γυναίκας στο Πάτημα Χαλανδρίου (ΒΙΝΤΕΟ) https://t.co/u8CSXdDJcX,0,0,,,,Φωτιά στην Αττική: Βρέθηκε απανθρακωμένη σορός γυναίκας στο Πάτημα Χαλανδρίου (ΒΙΝΤΕΟ),φωτια στην αττικη: βρεθηκε απανθρακωμενη σορος γυναικας στο πατημα χαλανδριου (βιντεο),φωτια αττικος βρεθηκε απανθρακωμενη σορος γυναικα πατημα χαλανδριου βιντεο,0.952,1,0,1,"[{'name': 'αττικη', 'ner_label': 'GPE'}, {'name': 'πατημα χαλανδριου', 'ner_label': 'GPE'}]","[{'lat': 37.9995238, 'lon': 23.7228379, 'name': 'Αττική', 'osm_class': 'railway', 'osm_type': 'station', 'importance': 0.37797476194049984, 'ner_label': 'GPE', 'original_name': 'αττικη'}]"
2024-08-12 23:03:11+00:00,1823133159002607834,Chrisafina,#φωτιά #πυρκαγιά  Λεωφ. Μαραθωνος https://t.co/iO9bsjkzhy,51,178,,,,#φωτιά #πυρκαγιά Λεωφ. Μαραθωνος,#φωτια #πυρκαγια λεωφ. μαραθωνος,φωτια πυρκαγια λεωφ μαραθωνος,0.984,1,0,0,"[{'name': 'λεωφ . μαραθωνος', 'ner_label': 'FAC'}]",[]
2024-08-12 23:08:49+00:00,1823134575431974953,αfro ksil,"Ηλεία: Πυρκαγιά σε χαμηλή βλάστηση, στη Νέα Μανωλάδα https://t.co/sS7kXKNewL",0,0,,,,"Ηλεία: Πυρκαγιά σε χαμηλή βλάστηση, στη Νέα Μανωλάδα","ηλεια: πυρκαγια σε χαμηλη βλαστηση, στη νεα μανωλαδα",ηλεια πυρκαγια χαμηλος βλαστηση νεος μανωλαδα,0.989,1,1,0,"[{'name': 'ηλεια', 'ner_label': 'GPE'}, {'name': 'νεα μανωλαδα', 'ner_label': 'GPE'}]","[{'lat': 37.8057163, 'lon': 21.4152622, 'name': 'Περιφερειακή Ενότητα Ηλείας', 'osm_class': 'boundary', 'osm_type': 'administrative', 'importance': 0.5150702151241191, 'ner_label': 'GPE', 'original_name': 'ηλεια'}, {'lat': 38.0462703, 'lon': 21.3486277, 'name': 'Μανολάδα', 'osm_class': 'place', 'osm_type': 'village', 'importance': 0.4717548752391439, 'ner_label': 'GPE', 'original_name': 'νεα μανωλαδα'}]"
2024-08-12 23:12:08+00:00,1823135409032888662,capital.gr,Νεκρή γυναίκα από τη φωτιά στην Αττική: Βρέθηκε απανθρακωμένη στο Πάτημα Βριλησσίων #capitalgr https://t.co/jVHm0RoUxE https://t.co/AksvZfHIqS,2,0,,,,Νεκρή γυναίκα από τη φωτιά στην Αττική: Βρέθηκε απανθρακωμένη στο Πάτημα Βριλησσίων #capitalgr,νεκρη γυναικα απο τη φωτια στην αττικη: βρεθηκε απανθρακωμενη στο πατημα βριλησσιων #capitalgr,νεκρη γυναικα φωτια αττικος βρεθηκε απανθρακωμενη πατημα βριλησσιων capitalgr,0.611,1,0,1,"[{'name': 'αττικη', 'ner_label': 'GPE'}, {'name': 'πατημα βριλησσιων', 'ner_label': 'GPE'}]","[{'lat': 37.9995238, 'lon': 23.7228379, 'name': 'Αττική', 'osm_class': 'railway', 'osm_type': 'station', 'importance': 0.37797476194049984, 'ner_label': 'GPE', 'original_name': 'αττικη'}]"
2024-08-12 23:13:44+00:00,1823135811253977428,ΤΟ ΠΟΝΤΙΚΙ,Φωτιά στην Αττική: Βρέθηκε απανθρακωμένη σορός γυναίκας σε κτήριο επιχείρησης στα Βριλήσσια https://t.co/nVS48DgMhe https://t.co/LCugm3B7il,1,1,,,,Φωτιά στην Αττική: Βρέθηκε απανθρακωμένη σορός γυναίκας σε κτήριο επιχείρησης στα Βριλήσσια,φωτια στην αττικη: βρεθηκε απανθρακωμενη σορος γυναικας σε κτηριο επιχειρησης στα βριλησσια,φωτια αττικος βρεθηκε απανθρακωμενη σορος γυναικα κτηριο επιχειρηση βριλησσιο,0.888,1,0,1,"[{'name': 'αττικη', 'ner_label': 'GPE'}, {'name': 'βριλησσια', 'ner_label': 'GPE'}]","[{'lat': 37.9995238, 'lon': 23.7228379, 'name': 'Αττική', 'osm_class': 'railway', 'osm_type': 'station', 'importance': 0.37797476194049984, 'ner_label': 'GPE', 'original_name': 'αττικη'}, {'lat': 38.0399028, 'lon': 23.8389373, 'name': 'Βριλήσσια', 'osm_class': 'place', 'osm_type': 'suburb', 'importance': 0.14674994048981455, 'ner_label': 'GPE', 'original_name': 'βριλησσια'}]"
2024-08-12 23:16:17+00:00,1823136455033512166,Romios,ΕΚΤΑΚΤΟ: Φωτιά στον πυρηνικό σταθμό Ζαπορίζια μετά από βομβαρδισμό των Ουκρανοναζί https://t.co/aoSFx51Elu,0,0,,,,ΕΚΤΑΚΤΟ: Φωτιά στον πυρηνικό σταθμό Ζαπορίζια μετά από βομβαρδισμό των Ουκρανοναζί,εκτακτο: φωτια στον πυρηνικο σταθμο ζαποριζια μετα απο βομβαρδισμο των ουκρανοναζι,εκτακτο φωτια πυρηνικος σταθμος ζαποριζια βομβαρδισμος ουκρανοναζι,0.978,1,0,0,"[{'name': 'πυρηνικο σταθμο ζαποριζια', 'ner_label': 'GPE'}]",[]
2024-08-12 23:16:41+00:00,1823136552836268318,stratos,"https://t.co/yY39fqz1O1  #φωτια #πυρκαγια  Μπήκε στην πόλη η φωτιά, με μία νεκρή σε επιχείρηση που καιγόταν",0,0,,,,"#φωτια #πυρκαγια Μπήκε στην πόλη η φωτιά, με μία νεκρή σε επιχείρηση που καιγόταν","#φωτια #πυρκαγια μπηκε στην πολη η φωτια, με μια νεκρη σε επιχειρηση που καιγοταν",φωτια πυρκαγια μπηκε πολη φωτια νεκρη επιχειρηση καιγοταν,0.882,1,0,1,[],[]
2024-08-12 23:17:38+00:00,1823136791953563739,Athens0100,Η φωτιά πλησιάζει τα σπίτια στη Νέα Μάκρη πάνω από το Κέντρο Υγείας Νέας Μάκρης #112 #ΝεαΜακρη #Μαραθωνας  #φωτια #φωτιατωρα https://t.co/gJB460dGRz,1,0,,,,Η φωτιά πλησιάζει τα σπίτια στη Νέα Μάκρη πάνω από το Κέντρο Υγείας Νέας Μάκρης #112 #ΝεαΜακρη #Μαραθωνας #φωτια #φωτιατωρα,η φωτια πλησιαζει τα σπιτια στη νεα μακρη πανω απο το κεντρο υγειας νεας μακρης #112 #νεαμακρη #μαραθωνας #φωτια #φωτιατωρα,φωτια πλησιαζω σπιτι νεος μακρη κεντρο υγεια νεας μακρης νεα μακρη μαραθωνας φωτια φωτιατωρα,0.985,1,0,1,"[{'name': 'νεα μακρη', 'ner_label': 'GPE'}, {'name': 'μακρης', 'ner_label': 'GPE'}, {'name': 'νεαμακρη μαραθωνας', 'ner_label': 'GPE'}]","[{'lat': 38.083049, 'lon': 23.97907, 'name': 'Νέα Μάκρη', 'osm_class': 'place', 'osm_type': 'town', 'importance': 0.1600602922102693, 'ner_label': 'GPE', 'original_name': 'νεα μακρη'}, {'lat': 38.3602465, 'lon': 21.0335783, 'name': 'Μάκρη', 'osm_class': 'place', 'osm_type': 'island', 'importance': 0.3552828743550627, 'ner_label': 'GPE', 'original_name': 'μακρης'}, {'lat': 38.083049, 'lon': 23.97907, 'name': 'Νέα Μάκρη', 'osm_class': 'place', 'osm_type': 'town', 'importance': 0.1600602922102693, 'ner_label': 'GPE', 'original_name': 'νεαμακρη μαραθωνας'}]"
2024-08-12 23:18:09+00:00,1823136922077990913,PLURALISM.GR,Συναγερμός στην Θεσσαλονίκη: Φωτιά στο πρώην στρατόπεδο ... https://t.co/H9NuxnvQk6 https://t.co/sumUlyPxuP,0,0,,,,Συναγερμός στην Θεσσαλονίκη: Φωτιά στο πρώην στρατόπεδο ...,συναγερμος στην θεσσαλονικη: φωτια στο πρωην στρατοπεδο ...,συναγερμος θεσσαλονικη φωτια πρωην στρατοπεδο,0.986,1,0,1,"[{'name': 'θεσσαλονικη', 'ner_label': 'GPE'}]","[{'lat': 40.6403167, 'lon': 22.9352716, 'name': 'Θεσσαλονίκη', 'osm_class': 'place', 'osm_type': 'city', 'importance': 0.7032802514986225, 'ner_label': 'GPE', 'original_name': 'θεσσαλονικη'}]"
2024-08-12 23:21:14+00:00,1823137701362622935,Protothema.gr,Φωτιά σε πλοίο ελλιμενισμένο στο παλιό λιμάνι των Σπετσών - Δείτε βίντεο https://t.co/qWN1PfDgZG https://t.co/PsfqBRMsbe,2,1,,,,Φωτιά σε πλοίο ελλιμενισμένο στο παλιό λιμάνι των Σπετσών - Δείτε βίντεο,φωτια σε πλοιο ελλιμενισμενο στο παλιο λιμανι των σπετσων - δειτε βιντεο,φωτια πλοιο ελλιμενισμενο παλιος λιμανι σπετσων δειτε βιντεο,0.986,1,0,1,"[{'name': 'σπετσων', 'ner_label': 'GPE'}]",[]
2024-08-12 23:22:42+00:00,1823138069265952778,Εκκλησία Online,Φωτιά ΤΩΡΑ σε πλοίο ελλιμενισμένο στο παλιό λιμάνι των Σπετσών https://t.co/HJ6q9FnlQS,0,0,,,,Φωτιά ΤΩΡΑ σε πλοίο ελλιμενισμένο στο παλιό λιμάνι των Σπετσών,φωτια τωρα σε πλοιο ελλιμενισμενο στο παλιο λιμανι των σπετσων,φωτια τωρα πλοιο ελλιμενισμενο παλιος λιμανι σπετσων,0.988,1,0,1,"[{'name': 'σπετσων', 'ner_label': 'GPE'}]",[]
2024-08-12 23:28:49+00:00,1823139609972269361,Giannis Eutuxiadis,Φωτιά στην Αττική: Βρέθηκε απανθρακωμένη σορός γυναίκας στο Πάτημα Βριλησσίων https://t.co/oU6dW49F49,0,0,,,,Φωτιά στην Αττική: Βρέθηκε απανθρακωμένη σορός γυναίκας στο Πάτημα Βριλησσίων,φωτια στην αττικη: βρεθηκε απανθρακωμενη σορος γυναικας στο πατημα βριλησσιων,φωτια αττικος βρεθηκε απανθρακωμενη σορος γυναικα πατημα βριλησσιων,0.964,1,1,0,"[{'name': 'αττικη', 'ner_label': 'GPE'}, {'name': 'πατημα βριλησσιων', 'ner_label': 'GPE'}]","[{'lat': 37.9995238, 'lon': 23.7228379, 'name': 'Αττική', 'osm_class': 'railway', 'osm_type': 'station', 'importance': 0.37797476194049984, 'ner_label': 'GPE', 'original_name': 'αττικη'}]"
2024-08-12 23:29:18+00:00,1823139729920938349,Βαγγέλης Βαλαβάνης,Πυρκαγιά Αττική: Μια γυναίκα βρέθηκε απανθρακωμένη στο #Πατημα_Βριλησσιων  - Documento https://t.co/4R8UVRGgzl,0,0,,,,Πυρκαγιά Αττική: Μια γυναίκα βρέθηκε απανθρακωμένη στο #Πατημα_Βριλησσιων - Documento,πυρκαγια αττικη: μια γυναικα βρεθηκε απανθρακωμενη στο #πατημα_βριλησσιων - documento,πυρκαγια αττικος γυναικα βρεθηκε απανθρακωμενη πατημα βριλησσιων documento,0.68,1,0,1,"[{'name': 'αττικη', 'ner_label': 'GPE'}, {'name': 'πατημα', 'ner_label': 'GPE'}, {'name': 'βριλησσιων', 'ner_label': 'GPE'}]","[{'lat': 37.9995238, 'lon': 23.7228379, 'name': 'Αττική', 'osm_class': 'railway', 'osm_type': 'station', 'importance': 0.37797476194049984, 'ner_label': 'GPE', 'original_name': 'αττικη'}, {'lat': 35.3071848, 'lon': 24.3137841, 'name': 'Πάτημα', 'osm_class': 'place', 'osm_type': 'village', 'importance': 0.14671666819256882, 'ner_label': 'GPE', 'original_name': 'πατημα'}, {'lat': 38.0399028, 'lon': 23.8389373, 'name': 'Βριλήσσια', 'osm_class': 'place', 'osm_type': 'suburb', 'importance': 0.14674994048981455, 'ner_label': 'GPE', 'original_name': 'βριλησσιων'}]"
2024-08-12 23:30:00+00:00,1823139906513682906,Real,Φωτιά στην Αττική: Συγκλονιστικές εικόνες με εξαντλημένους πυροσβέστες  #Πυροσβεστες #πυροσβέστες #φωτια #πυρκαγια #φωτιά #καπνός #φωτιατωρα #φωτια_πεντελη #πυρκαγιά #Πεντέλη #Βαρναβας #Ραφηνα #Πεντέλη #Μαραθώνας  https://t.co/OaWuStwUGW,0,0,,,,Φωτιά στην Αττική: Συγκλονιστικές εικόνες με εξαντλημένους πυροσβέστες #Πυροσβεστες #πυροσβέστες #φωτια #πυρκαγια #φωτιά #καπνός #φωτιατωρα #φωτια_πεντελη #πυρκαγιά #Πεντέλη #Βαρναβας #Ραφηνα #Πεντέλη #Μαραθώνας,φωτια στην αττικη: συγκλονιστικες εικονες με εξαντλημενους πυροσβεστες #πυροσβεστες #πυροσβεστες #φωτια #πυρκαγια #φωτια #καπνος #φωτιατωρα #φωτια_πεντελη #πυρκαγια #πεντελη #βαρναβας #ραφηνα #πεντελη #μαραθωνας,φωτια αττικος συγκλονιστικος εικονα εξαντλημενος πυροσβεστης πυροσβεστες πυροσβεστης φωτια πυρκαγια φωτια καπνος φωτιατωρα φωτια πεντελη πυρκαγια πεντελη βαρναβας ραφηνα πεντελη μαραθωνας,0.917,1,0,0,"[{'name': 'αττικη', 'ner_label': 'GPE'}, {'name': 'πεντελη', 'ner_label': 'GPE'}, {'name': 'πεντελη βαρναβας ραφηνα πεντελη μαραθωνας', 'ner_label': 'GPE'}]","[{'lat': 37.9995238, 'lon': 23.7228379, 'name': 'Αττική', 'osm_class': 'railway', 'osm_type': 'station', 'importance': 0.37797476194049984, 'ner_label': 'GPE', 'original_name': 'αττικη'}, {'lat': 38.0505896, 'lon': 23.8614591, 'name': 'Πεντέλη', 'osm_class': 'place', 'osm_type': 'suburb', 'importance': 0.49026558458181707, 'ner_label': 'GPE', 'original_name': 'πεντελη'}]"
2024-08-12 23:31:22+00:00,1823140249025065419,Giannis Eutuxiadis,Φωτιά στην Αττική: «Καμπανάκι» από Κολυδά για κίνδυνο αναζωπυρώσεων τα ξημερώματα https://t.co/8HQ1P6qqVu,0,0,,,,Φωτιά στην Αττική: «Καμπανάκι» από Κολυδά για κίνδυνο αναζωπυρώσεων τα ξημερώματα,φωτια στην αττικη: «καμπανακι» απο κολυδα για κινδυνο αναζωπυρωσεων τα ξημερωματα,φωτια αττικος καμπανακι κολυδα κινδυνος αναζωπυρωσεων ξημερωματα,0.906,1,0,0,"[{'name': 'αττικη', 'ner_label': 'GPE'}]","[{'lat': 37.9995238, 'lon': 23.7228379, 'name': 'Αττική', 'osm_class': 'railway', 'osm_type': 'station', 'importance': 0.37797476194049984, 'ner_label': 'GPE', 'original_name': 'αττικη'}]"
2024-08-12 23:36:12+00:00,1823141466840903797,Protothema.gr,"Αστεροσκοπείο Αθηνών: Αναζωπύρωση στις εγκαταστάσεις μετά τα μεσάνυχτα, εντοπίστηκε και κατεστάλη έγκαιρα https://t.co/SWHEGRv8yW https://t.co/EdHKwIse0W",4,1,,,,"Αστεροσκοπείο Αθηνών: Αναζωπύρωση στις εγκαταστάσεις μετά τα μεσάνυχτα, εντοπίστηκε και κατεστάλη έγκαιρα","αστεροσκοπειο αθηνων: αναζωπυρωση στις εγκαταστασεις μετα τα μεσανυχτα, εντοπιστηκε και κατεσταλη εγκαιρα",αστεροσκοπειο αθηνων αναζωπυρωση εγκατασταση μεσανυχτα εντοπιστηκε κατεσταλη,0.606,1,0,1,[],[]
2024-08-12 23:39:17+00:00,1823142243110174723,enikos.gr,Σπέτσες: Φωτιά σε πλοίο στο παλιό λιμάνι – ΒΙΝΤΕΟ https://t.co/wfU38juepR,0,0,,,,Σπέτσες: Φωτιά σε πλοίο στο παλιό λιμάνι – ΒΙΝΤΕΟ,σπετσες: φωτια σε πλοιο στο παλιο λιμανι – βιντεο,σπετσες φωτια πλοιο παλιος λιμανι βιντεο,0.989,1,0,1,"[{'name': 'σπετσες', 'ner_label': 'GPE'}]","[{'lat': 37.2586958, 'lon': 23.1397191, 'name': 'Σπέτσες', 'osm_class': 'place', 'osm_type': 'island', 'importance': 0.5322100156129131, 'ner_label': 'GPE', 'original_name': 'σπετσες'}]"
2024-08-12 23:45:15+00:00,1823143744322871647,Τηλέμαχος- Σταύρος Γαλάνης,"Φωτιά στην Αττική: Εξασθενημένοι οι άνεμοι τη νύχτα, μάχη με επίγειες δυνάμεις - Προσοχή τα ξημερώματα, λέει ο Κολυδάς https://t.co/olgAxfehjh",0,0,,,,"Φωτιά στην Αττική: Εξασθενημένοι οι άνεμοι τη νύχτα, μάχη με επίγειες δυνάμεις - Προσοχή τα ξημερώματα, λέει ο Κολυδάς","φωτια στην αττικη: εξασθενημενοι οι ανεμοι τη νυχτα, μαχη με επιγειες δυναμεις - προσοχη τα ξημερωματα, λεει ο κολυδας",φωτια αττικος εξασθενημενοι ανεμος νυχτα μαχη επιγειος δυναμη προσοχη ξημερωματα λεει κολυδας,0.97,1,0,0,"[{'name': 'αττικη', 'ner_label': 'GPE'}]","[{'lat': 37.9995238, 'lon': 23.7228379, 'name': 'Αττική', 'osm_class': 'railway', 'osm_type': 'station', 'importance': 0.37797476194049984, 'ner_label': 'GPE', 'original_name': 'αττικη'}]"
2024-08-12 23:48:15+00:00,1823144500203561117,mononewsgr,Φωτιά στην Αττική: Στο Συντονιστικό Κέντρο Επιχειρήσεων ο Μητσοτάκης - https://t.co/Odg3kV6Kz8 #mononewsGR https://t.co/WON18zgYbc,1,0,,,,Φωτιά στην Αττική: Στο Συντονιστικό Κέντρο Επιχειρήσεων ο Μητσοτάκης - #mononewsGR,φωτια στην αττικη: στο συντονιστικο κεντρο επιχειρησεων ο μητσοτακης - #mononewsgr,φωτια αττικος συντονιστικο κεντρο επιχειρησεων μητσοτακης mononews gr,0.934,1,0,1,"[{'name': 'αττικη', 'ner_label': 'GPE'}]","[{'lat': 37.9995238, 'lon': 23.7228379, 'name': 'Αττική', 'osm_class': 'railway', 'osm_type': 'station', 'importance': 0.37797476194049984, 'ner_label': 'GPE', 'original_name': 'αττικη'}]"
2024-08-12 23:50:55+00:00,1823145170163892515,enikos.gr,Φωτιά στην Αττική: Αναζωπύρωση μετά τα μεσάνυχτα στο Αστεροσκοπείο https://t.co/7X5kBwZ9yK,2,2,,,,Φωτιά στην Αττική: Αναζωπύρωση μετά τα μεσάνυχτα στο Αστεροσκοπείο,φωτια στην αττικη: αναζωπυρωση μετα τα μεσανυχτα στο αστεροσκοπειο,φωτια αττικος αναζωπυρωση μεσανυχτα αστεροσκοπειο,0.985,1,0,0,"[{'name': 'αττικη', 'ner_label': 'GPE'}, {'name': 'αστεροσκοπειο', 'ner_label': 'FAC'}]","[{'lat': 37.9995238, 'lon': 23.7228379, 'name': 'Αττική', 'osm_class': 'railway', 'osm_type': 'station', 'importance': 0.37797476194049984, 'ner_label': 'GPE', 'original_name': 'αττικη'}, {'lat': 37.9731246, 'lon': 23.7199851, 'name': 'Αστεροσκοπείο', 'osm_class': 'place', 'osm_type': 'neighbourhood', 'importance': 0.3841981265934431, 'ner_label': 'FAC', 'original_name': 'αστεροσκοπειο'}]"
2024-08-12 23:51:35+00:00,1823145336312901636,Forecast Weather Greece,🔥❗️Εκτός ελέγχου  η πυρκαγιά στη νέα Μάκρη λίγο πριν από το κέντρο  Φώτο : Dimitris Zaharis https://t.co/Cco2oaPppX,28,22,,,,Εκτός ελέγχου η πυρκαγιά στη νέα Μάκρη λίγο πριν από το κέντρο Φώτο : Dimitris Zaharis,εκτος ελεγχου η πυρκαγια στη νεα μακρη λιγο πριν απο το κεντρο φωτο : dimitris zaharis,ελεγχου πυρκαγια νεος μακρη κεντρο φωτο dimitris zaharis,0.984,1,0,0,"[{'name': 'νεα μακρη', 'ner_label': 'FAC'}]","[{'lat': 38.083049, 'lon': 23.97907, 'name': 'Νέα Μάκρη', 'osm_class': 'place', 'osm_type': 'town', 'importance': 0.1600602922102693, 'ner_label': 'FAC', 'original_name': 'νεα μακρη'}]"
2024-08-12 23:57:12+00:00,1823146751789871408,Bizznews.gr,Φωτιά στην Αττική: Αναζωπύρωση μετά τα μεσάνυχτα στο Αστεροσκοπείο -  https://t.co/HwZov1CiXA,0,0,,,,Φωτιά στην Αττική: Αναζωπύρωση μετά τα μεσάνυχτα στο Αστεροσκοπείο -,φωτια στην αττικη: αναζωπυρωση μετα τα μεσανυχτα στο αστεροσκοπειο -,φωτια αττικος αναζωπυρωση μεσανυχτα αστεροσκοπειο,0.99,1,0,0,"[{'name': 'αττικη', 'ner_label': 'GPE'}, {'name': 'αστεροσκοπειο', 'ner_label': 'FAC'}]","[{'lat': 37.9995238, 'lon': 23.7228379, 'name': 'Αττική', 'osm_class': 'railway', 'osm_type': 'station', 'importance': 0.37797476194049984, 'ner_label': 'GPE', 'original_name': 'αττικη'}, {'lat': 37.9731246, 'lon': 23.7199851, 'name': 'Αστεροσκοπείο', 'osm_class': 'place', 'osm_type': 'neighbourhood', 'importance': 0.3841981265934431, 'ner_label': 'FAC', 'original_name': 'αστεροσκοπειο'}]"
2024-08-12 23:58:43+00:00,1823147131009450231,𝑪𝒐𝒎𝒃𝒊𝒏𝒆 𝑨𝒅𝒗𝒊𝒔𝒐𝒓 (41% v/v),"Η #πυρκαγιά στην #Πεντέλη είναι μια ""megafire"" με ""χαοτικές κηλιδώσεις"" μέσα στα ακαθάριστα οικόπεδα. Ο κρατικός μηχανισμός λειτούργησε άψογα, επιχείρησαν έως 30 εναέρια πυροσβεστικά μέσα, αλλά λόγω των ευθυνών όσων δεν καθάρισαν το οικόπεδό τους δεν κατέστη δυνατή η άμεση (1/1)",0,0,,,,"Η #πυρκαγιά στην #Πεντέλη είναι μια ""megafire"" με ""χαοτικές κηλιδώσεις"" μέσα στα ακαθάριστα οικόπεδα. Ο κρατικός μηχανισμός λειτούργησε άψογα, επιχείρησαν έως 30 εναέρια πυροσβεστικά μέσα, αλλά λόγω των ευθυνών όσων δεν καθάρισαν το οικόπεδό τους δεν κατέστη δυνατή η άμεση (1/1)","η #πυρκαγια στην #πεντελη ειναι μια ""megafire"" με ""χαοτικες κηλιδωσεις"" μεσα στα ακαθαριστα οικοπεδα. ο κρατικος μηχανισμος λειτουργησε αψογα, επιχειρησαν εως 30 εναερια πυροσβεστικα μεσα, αλλα λογω των ευθυνων οσων δεν καθαρισαν το οικοπεδο τους δεν κατεστη δυνατη η αμεση (1/1)",πυρκαγια πεντελη megafire χαοτικος κηλιδωσεις ακαθαριστος οικοπεδο κρατικος μηχανισμος λειτουργω αψογα επιχειρω εναεριο πυροσβεστικος ευθυνων καθαρισαν οικοπεδο καθισταμαι δυνατος αμεσος,0.491,1,1,0,"[{'name': 'πεντελη', 'ner_label': 'GPE'}]","[{'lat': 38.0505896, 'lon': 23.8614591, 'name': 'Πεντέλη', 'osm_class': 'place', 'osm_type': 'suburb', 'importance': 0.49026558458181707, 'ner_label': 'GPE', 'original_name': 'πεντελη'}]"
2024-08-12 23:58:43+00:00,1823147133127528884,𝑪𝒐𝒎𝒃𝒊𝒏𝒆 𝑨𝒅𝒗𝒊𝒔𝒐𝒓 (41% v/v),"αντιμετώπισή της, η #φωτιά ξεπέρασε την κορυφογραμμή και έφτασε στα #Βριλήσσια. Σχετικά με τις καμένες περιουσίες δεν υπάρχει κανένας λόγος ανησυχίας: όσοι είχαν κάνει ιδιωτική ασφάλιση (με έκπτωση στον ΕΝΦΙΑ) θα πιέσουμε ώστε να αποζημιωθούν. Προέχει πάντα η ανθρώπινη ζωή! (2/2)",1,0,,,,"αντιμετώπισή της, η #φωτιά ξεπέρασε την κορυφογραμμή και έφτασε στα #Βριλήσσια. Σχετικά με τις καμένες περιουσίες δεν υπάρχει κανένας λόγος ανησυχίας: όσοι είχαν κάνει ιδιωτική ασφάλιση (με έκπτωση στον ΕΝΦΙΑ) θα πιέσουμε ώστε να αποζημιωθούν. Προέχει πάντα η ανθρώπινη ζωή! (2/2)","αντιμετωπιση της, η #φωτια ξεπερασε την κορυφογραμμη και εφτασε στα #βριλησσια. σχετικα με τις καμενες περιουσιες δεν υπαρχει κανενας λογος ανησυχιας: οσοι ειχαν κανει ιδιωτικη ασφαλιση (με εκπτωση στον ενφια) θα πιεσουμε ωστε να αποζημιωθουν. προεχει παντα η ανθρωπινη ζωη! (2/2)",αντιμετωπιση φωτια ξεπερασε κορυφογραμμη φτανω βριλησσιο σχετικα καμενος περιουσια υπαρχω λογος ανησυχια κανω ιδιωτικος ασφαλιση εκπτωση ενφια πιεσουμε αποζημιωθουν προεχει ανθρωπινη ζωη,0.913,1,0,1,"[{'name': 'βριλησσια', 'ner_label': 'GPE'}]","[{'lat': 38.0399028, 'lon': 23.8389373, 'name': 'Βριλήσσια', 'osm_class': 'place', 'osm_type': 'suburb', 'importance': 0.14674994048981455, 'ner_label': 'GPE', 'original_name': 'βριλησσια'}]"
