Date,Tweet_ID,Tweet_ID_precision,Raw Text,Likes,Retweets
Mon Aug 12 23:58:43 +0000 2024,1823147133127528884,exact,"αντιμετώπισή της, η #φωτιά ξεπέρασε την κορυφογραμμή και έφτασε στα #Βριλήσσια. Σχετικά με τις καμένες περιουσίες δεν υπάρχει κανένας λόγος ανησυχίας: όσοι είχαν κάνει ιδιωτική ασφάλιση (με έκπτωση στον ΕΝΦΙΑ) θα πιέσουμε ώστε να αποζημιωθούν. Προέχει πάντα η ανθρώπινη ζωή! (2/2)",1,0
Mon Aug 12 23:58:43 +0000 2024,1823147131009450231,exact,"Η #πυρκαγιά στην #Πεντέλη είναι μια ""megafire"" με ""χαοτικές κηλιδώσεις"" μέσα στα ακαθάριστα οικόπεδα. Ο κρατικός μηχανισμός λειτούργησε άψογα, επιχείρησαν έως 30 εναέρια πυροσβεστικά μέσα, αλλά λόγω των ευθυνών όσων δεν καθάρισαν το οικόπεδό τους δεν κατέστη δυνατή η άμεση (1/1)",0,0
Mon Aug 12 23:57:12 +0000 2024,1823146751789871408,exact,Φωτιά στην Αττική: Αναζωπύρωση μετά τα μεσάνυχτα στο Αστεροσκοπείο -  https://t.co/HwZov1CiXA,0,0
Mon Aug 12 23:55:55 +0000 2024,1823146428987756870,exact,@user @user @user Εδώ δε γνωρίζει η αριστερά τους τι ποιεί η δεξιά τους. Ο δήμαρχος ήξερε ότι υπήρχε αγνοούμενη κ δεν το ήξερε η πυροσβεστική...,1,0
Mon Aug 12 23:53:12 +0000 2024,1823145743470723364,exact,"@user @user Κώστα, ο Λιγναδης τον τροχαγε και γούσταρε, η φωτιά μυρίζει χειρότερα από το σώβρακο",0,0
Mon Aug 12 23:52:09 +0000 2024,1823145480534061159,exact,@user @user Συγνώμη αλλά δε νομίζετε οτι είναι είδηση οτι αυτή η ΝΔ έχει αφήσει να καούν πολλαπλάσια στρέμματα απο οποιαδήποτε άλλη κυβέρνηση στην Ελλάδα; Η διαφορά είναι τεράστια για να μην αναφερόμαστε σε αυτή. Εχεις ξανακούσει εσυ φωτιά στην Ελλάδα να καίει 25 μέρες;,2,0
Mon Aug 12 23:51:56 +0000 2024,1823145424057987436,exact,"@user Ρε, δεν απορροφούν τους ευρωπαϊκούς πόρους για την πυροσβεστική. Τι να κρατήσουν λεφτά;  Έπειτα πώς θα ιδιωτικοποιησουν και αυτήν, αν δε τη βγάλουν άχρηστη και εξαθλιωμενη;",2,0
Mon Aug 12 23:51:46 +0000 2024,1823145382445994352,exact,"@user Είναι πρώτη φορά που φωτιά μπαίνει τόσο βαθιά σε αστικο ιστό, για αυτό το λέω.",1,0
Mon Aug 12 23:51:35 +0000 2024,1823145336312901636,exact,🔥❗️Εκτός ελέγχου  η πυρκαγιά στη νέα Μάκρη λίγο πριν από το κέντρο  Φώτο : Dimitris Zaharis https://t.co/Cco2oaPppX,28,22
Mon Aug 12 23:51:19 +0000 2024,1823145272093929605,exact,"@user Γιατί οι 47.946 μπάτσοι που έστειλε το καθεστώς αντί για πυροσβέστες, δεν εκτοπίζουν και δημοσιογράφους; Τους αφήνουν να πλησιάζουν εθελοντές μπροστά στη φωτιά, μετά να τρώνε πρόγκα και τελικά το κοντρόλ να αλλάζει εικόνα στο στούντιο. Θα βρούμε κανέναν νεκρό από χτύπημα.",1,0
Mon Aug 12 23:50:55 +0000 2024,1823145170163892515,exact,Φωτιά στην Αττική: Αναζωπύρωση μετά τα μεσάνυχτα στο Αστεροσκοπείο https://t.co/7X5kBwZ9yK,2,2
Mon Aug 12 23:50:43 +0000 2024,1823145121136742787,exact,"@user @user Δηλαδή σύμφωνα με το συλλογισμό αυτό, η φωτιά στο Μάτι μπήκε από θλιβερά ανθρωπάκια για να φύγει ο Τσίπρας από την εξουσία; Μολογάτε χωρίς ξύλο!",8,1
Mon Aug 12 23:50:15 +0000 2024,1823145003067056398,exact,@user Πηδά η φωτιά κ σούβλες έτοιμες… αυτο ήθελε να πει η ουρσουλα.,1,0
Mon Aug 12 23:49:26 +0000 2024,1823144796132606411,exact,"Ρε μην είστε ζώα. Όταν εγκαταλείπετε τα σπίτια σας λόγω έκτακτου περιστατικού, μην αφήνετε πίσω τα κατοικίδια σας να καούν ζωντανά. ΖΩΑ #φωτιατωρα #φωτιά",19,3
Mon Aug 12 23:49:08 +0000 2024,1823144718957785471,exact,Φωτιά στην Αττική: Οι διαθέσιμοι χώροι φιλοξενίας για τους πυρόπληκτους https://t.co/M7LSbcSTW1,6,2
Mon Aug 12 23:48:15 +0000 2024,1823144500203561117,exact,Φωτιά στην Αττική: Στο Συντονιστικό Κέντρο Επιχειρήσεων ο Μητσοτάκης - https://t.co/Odg3kV6Kz8 #mononewsGR https://t.co/WON18zgYbc,1,0
Mon Aug 12 23:48:04 +0000 2024,1823144452510413271,exact,Γλυφάδα: Συνελήφθησαν δύο νεαροί που φέρονται να έβαλαν τη φωτιά στην Τερψιθέα https://t.co/fKAMnkEzEf,0,0
Mon Aug 12 23:47:58 +0000 2024,1823144425213882796,exact,@user @user Που θα το χτίσουμε ξέρεις; Σε κάποια έρημο; Το λέω γιατί φέτος κάηκε μέχρι και η με ελάχιστη βλάστηση Σέριφος. Για πολλοστή φορά η φωτιά έσβησε στη θάλασσα.,0,0
Mon Aug 12 23:46:51 +0000 2024,1823144146183258599,exact,Πώς πάει η φωτιά; https://t.co/5mxjwAampf,7,7
Mon Aug 12 23:46:28 +0000 2024,1823144049634611313,exact,@user Αντε και στην εκκένωση των αποβλήτων και από το...Σύνταγμα...,0,0
Mon Aug 12 23:45:15 +0000 2024,1823143744322871647,exact,"Φωτιά στην Αττική: Εξασθενημένοι οι άνεμοι τη νύχτα, μάχη με επίγειες δυνάμεις - Προσοχή τα ξημερώματα, λέει ο Κολυδάς https://t.co/olgAxfehjh",0,0
Mon Aug 12 23:45:13 +0000 2024,1823143737062572284,exact,"@user Πρέπει να είσαι μεγάλος γλίτσας, να καίγεται η χώρα και εσύ να σκέφτεσαι πως θα γλείψεις την κυβέρνηση.",87,7
Mon Aug 12 23:45:00 +0000 2024,1823143681903235217,exact,"Μακάρι φωτιά αποκλειστικά στο σπίτι σου και να καείς ζωντανός, έμμισθο μποτάκι",3,1
Mon Aug 12 23:44:25 +0000 2024,1823143535475855700,exact,"@user Kαι πόσους νεκρούς είχε τελικά,αυτή η φωτιά ,μωρή πατσαβούρα Συριζαία,που τολμάτε και μιλάτε?",6,0
Mon Aug 12 23:44:09 +0000 2024,1823143465448034358,exact,#ΦωτιέςΣτηνΑττική: Βρέθηκε #απανθρακωμένη #σορός γυναίκας σε #βιοτεχνία που κάηκε στο #Χαλάνδρι // #ΕΛΛΑΔΑ #Βριλήσσια #φλόγες #φωτιά #φωτιές #πυρκαγιές #Πεντέλη #Βριλήσσια #Greece #fires #LosAngeles #Αττική  https://t.co/6Tkrk8ieLj,2,2
Mon Aug 12 23:43:51 +0000 2024,1823143391628255267,exact,#ΦωτιέςΣτηνΑττική: Βρέθηκε #απανθρακωμένη #σορός γυναίκας σε #βιοτεχνία που κάηκε στο #Χαλάνδρι // #ΕΛΛΑΔΑ #Βριλήσσια #φλόγες  #φωτιά #φωτιές #πυρκαγιές #Πεντέλη #Βριλήσσια #Greece #fires #LosAngeles #Αττική  https://t.co/CtSoxIuVbz,1,1
Mon Aug 12 23:43:08 +0000 2024,1823143209993957737,exact,"Γλυφάδα: «Τη βάλαμε για παιχνίδι», δήλωσαν οι δύο ανήλικοι που συνελήφθησαν για τη #φωτιά  https://t.co/nep7foTHs2",4,0
Mon Aug 12 23:41:43 +0000 2024,1823142853867913650,exact,"😍🥹😍🥹😍 Ανθρωπιά!!! And if you don’t know what that means, look it up.  #Greece  #GreeceFires  @user Κάθε χρονιά και χειρότερα! Τι πρέπει να γίνει δηλαδή, να βάλουμε στο σπίτι σου φωτιά να καταλάβεις?!???",3,0
Mon Aug 12 23:40:58 +0000 2024,1823142664956674483,exact,🔥 Σχεδόν 4.000.000 στρέμματα κάηκαν τα τελευταία 5 χρόνια   🗺️ Αυτή η έκταση ισοδυναμεί με το 3% της συνολικής έκτασης της χώρας  🔴 Η ίδια έκταση θα χρειαζόταν 15 χρόνια να καεί με βάση το μέσο όρο καμένων στρεμμάτων από το 2008-2018  ❌2⃣ Διπλάσια έκταση καμένων ανά πυρκαγιά https://t.co/pMiJk6rQst,514,305
Mon Aug 12 23:39:17 +0000 2024,1823142243110174723,exact,Σπέτσες: Φωτιά σε πλοίο στο παλιό λιμάνι – ΒΙΝΤΕΟ https://t.co/wfU38juepR,0,0
Mon Aug 12 23:38:56 +0000 2024,1823142155466219969,exact,"@user Στις δασικές πυρκαγιές δεν σβήνεις την φωτιά αλλά την σταματάς είτε με ψύξη του χώρου με νερό,  είτε με αποψίλωση.",0,0
Mon Aug 12 23:37:36 +0000 2024,1823141818491379837,exact,@user Ας καταργήσουμε την πυροσβεστική και να βάλουμε αλληλέγγυους να μας προστατεύουν...,0,0
Mon Aug 12 23:36:12 +0000 2024,1823141466840903797,exact,"Αστεροσκοπείο Αθηνών: Αναζωπύρωση στις εγκαταστάσεις μετά τα μεσάνυχτα, εντοπίστηκε και κατεστάλη έγκαιρα https://t.co/SWHEGRv8yW https://t.co/EdHKwIse0W",4,1
Mon Aug 12 23:36:07 +0000 2024,1823141443265049063,exact,"@user @user ""Βιβλικών καταστροφών"". Δεν ξέρετε τι λέτε και τι γράφετε. Η φωτιά μπήκε στα σπίτια λόγω ανικανότητας οργάνωσης.  Είστε επικίνδυνοι για την δημόσια ασφάλεια. Δεν μπορείτε να προστατέψετε κανέναν.",0,0
Mon Aug 12 23:35:32 +0000 2024,1823141298724814931,exact,@user @user Το τι θα κάνω εγώ είναι δικό μου θέμα φωτεινε παντογνώστη   Όσο για την φωτιά όχι θα περιμένω να την σβήσουν οι μπάτσοι που προσλαμβάνει το κράτος με τις αύρες τους,0,0
Mon Aug 12 23:35:25 +0000 2024,1823141269075366144,exact,"Άφησε 16χιλ να πεθάνουν χωρίς ΜΕΘ στον κορονοϊο,  57 νεκρούς στο έγκλημα στα Τέμπη, 2,5εκ στρέμματα να καούν, πανώλη στη Θεσσαλία, ελικόπτερα να βουλιάξουν φωτιά προχώρησε 30χλμ και έκαψε μια πόλη(Βριλήσσια)  5 χρονιες συνεχείς επιτυχίες Μητσοτακη https://t.co/oOrGvbBCqT",156,41
Mon Aug 12 23:35:15 +0000 2024,1823141225282863223,exact,@user Ναι. 218.000 στρέμματα πριν τη #φωτιά στην Ανατολική Αττική που είναι 100.000+. Ξεπερνούσαν σε καμμένη έκταση ήδη 10 έτη από τα τελευταια 19. https://t.co/L3bW8oULNw,4,0
Mon Aug 12 23:34:30 +0000 2024,1823141040145961260,exact,@user Ευτυχώς το είχαμε τότε με την φωτιά στο μάτι....,0,0
Mon Aug 12 23:34:27 +0000 2024,1823141025873080336,exact,"@user ""Δεν υπήρξαν ιδιαίτερα σοβαρές φωτιές""...!!!! Καίγεται Η Ελλάδα, απ'το βορά μέχρι το νότο, και η κυρά Μάρθα...χτενιζεται!!! Ζουρλομανδύας σας πρέπει, σαπάκια του καθεστώτος Μιζοτακη...",5,1
Mon Aug 12 23:33:05 +0000 2024,1823140681134530570,exact,"@user Θα άραζαν σε κανένα ύψωμα, θα έβλεπαν την φωτιά , θα έπιναν μπύρες και μπάφους ακούγοντας εντεχνοκουλτουριάρικα επαναστατικά τραγούδια.",1,0
Mon Aug 12 23:32:52 +0000 2024,1823140627418116236,exact,Αμα πιασει φωτιά η κυψέλη πείτε μου.,0,0
Mon Aug 12 23:32:33 +0000 2024,1823140549219524805,exact,"@user Ερχόμενη από ταξίδι σήμερα το μεσημέρι, έπιασα Δεύτερο. Τραγουδάκια και κουβεντούλα. Κάποια στιγμή λέει η εκφωνήτρια η οποία ενδιάμεσα έλεγε και ειδήσεις για τη φωτιά και λάμβανε μνματα:΄΄ Για ανεμογενήτριες ε; Συμφωνώ. Τι να λέμε τώρα;΄΄  Η δική μας ΕΡΤ.😠",0,0
Mon Aug 12 23:31:22 +0000 2024,1823140249025065419,exact,Φωτιά στην Αττική: «Καμπανάκι» από Κολυδά για κίνδυνο αναζωπυρώσεων τα ξημερώματα https://t.co/8HQ1P6qqVu,0,0
Mon Aug 12 23:30:39 +0000 2024,1823140068531318920,exact,@user Ποιος καλός άνθρωπος θα βάλει φωτιά στη Βουλή ρε πούστη μου να ηρεμήσουμε,8,0
Mon Aug 12 23:30:25 +0000 2024,1823140011115458679,exact,@user Ξαναδιάβασε τι έχεις γράψει μήπως και καταλάβεις ότι η φωτιά ξεκίνησε από τον Βαρνάβα και έφτασε ανενόχλητη μέχρι το Χαλανδρι Αλλά για σένα μαλλον είναι επιτυχία που δεν έφθασε μέχρι τους Αμπελοκήπους,1,0
Mon Aug 12 23:30:20 +0000 2024,1823139988441026759,exact,@user Δεν είπες για Πυροσβεστική του Μητσοτάκη  Νομίζω ότι πρέπει να διορθώσεις 😁,0,0
Mon Aug 12 23:30:00 +0000 2024,1823139906513682906,exact,Φωτιά στην Αττική: Συγκλονιστικές εικόνες με εξαντλημένους πυροσβέστες  #Πυροσβεστες #πυροσβέστες #φωτια #πυρκαγια #φωτιά #καπνός #φωτιατωρα #φωτια_πεντελη #πυρκαγιά #Πεντέλη #Βαρναβας #Ραφηνα #Πεντέλη #Μαραθώνας  https://t.co/OaWuStwUGW,0,0
Mon Aug 12 23:29:49 +0000 2024,1823139860720340993,exact,"@user 1/2  Αν όλα δούλεψαν άριστα,  θα είχε σβήσει και η φωτιά.  Προφανώς δεν έχει μείνει τίποτα όρθιο να δουλεύει, ούτως ή άλλως το βλέπω στην καθημερινότητα μου, τίποτα δημόσιο δεν δουλεύει πλέον.",0,0
Mon Aug 12 23:29:40 +0000 2024,1823139823885914541,exact,@user Μην σκας μλκα κ μου το έσωσε η Πυροσβεστική κ ο ΚΥΡΙΑΚΟΣ.Κλαψε τώρα,28,6
Mon Aug 12 23:29:18 +0000 2024,1823139729920938349,exact,Πυρκαγιά Αττική: Μια γυναίκα βρέθηκε απανθρακωμένη στο #Πατημα_Βριλησσιων  - Documento https://t.co/4R8UVRGgzl,0,0
Mon Aug 12 23:28:49 +0000 2024,1823139609972269361,exact,Φωτιά στην Αττική: Βρέθηκε απανθρακωμένη σορός γυναίκας στο Πάτημα Βριλησσίων https://t.co/oU6dW49F49,0,0
Mon Aug 12 23:27:40 +0000 2024,1823139320653316279,exact,«Ανίκανοι και αδύναμοι να αντιδράσουν»: Αντιδράσεις από την αντιπολίτευση για τη φωτιά στην Αττική https://t.co/46zDmC8BSY,0,0
Mon Aug 12 23:27:37 +0000 2024,1823139305151242683,exact,@user Α εντάξει ευχαριστούμε τότε! Νιώθουμε τυχεροί και πάνω απ όλα ασφαλείς αφού καίγεται και η Σαχάρα! Παρτα 🖐🖐🖐 γλοιώδες κομματοσκυλο!,0,0
Mon Aug 12 23:26:44 +0000 2024,1823139084371460365,exact,"Κιμ πάτα το κουμπί ....... ΟΧΙ ΟΤΙ ΔΕΝ ΜΠΟΡΟΥΝ, ΔΕΝ ΘΕΛΟΥΝ, υπάρχει διαφορά. ΤΙ ΟΧΙ? #φωτιά #φωτια_πεντελη #Κικιλιας #Βαρνάβας #Πεντελη #Μητσοτακης #Μαραθωνας  #Ματι #Πυρκαγιες  #Πυροσβεστες  #Πατημα_Χαλανδριου #ΝΔ_ΣΥΜΜΟΡΙΑ  #Διόνυσος",1,0
Mon Aug 12 23:25:03 +0000 2024,1823138659153190930,exact,"@user @user Ντροπή ρε μλκ, ντροπή να το κάνεις ακόμη αυτό. Καίγεται η χώρα ανεξέλεγκτα κάθε χρόνο, δεν έχει μείνει τίποτα και πάλι η ίδια καραμέλα. Βάλε λίγο το μυαλό σου να δουλέψει, δεν είναι ομαδικά η κυβέρνηση αυτού του τόπου. Κάπου κρίμα δλδ.",3,1
Mon Aug 12 23:24:59 +0000 2024,1823138644510532048,exact,Πέρα από την πλάκα καλή δύναμη εκεί πάνω. Παλεύετε μόνοι σας ενάντια στο ξευτιλισμενο σύστημα. Μακάρι να δράσει γρήγορα η πυροσβεστική,0,0
Mon Aug 12 23:24:07 +0000 2024,1823138425144528923,exact,"Από ότι βλέπω 88.000 ποστ για την φωτιά. Μονο απο το πληκτρολόγιο είστε μάγκες, να βγητε να κάνουμε καμιά πορεία ή να σηκωθείτε απο την άνεση σας να ψηφίσετε μια φορά σωστά δεν μπορείτε. Αντε καληνύχτα #φωτια",17,3
Mon Aug 12 23:23:58 +0000 2024,1823138385655148742,exact,#φωτια #πυρκαγιά  #ζωασεαναγκη  Βοηθήστε όσοι μπορείτε.,3,4
Mon Aug 12 23:22:42 +0000 2024,1823138069265952778,exact,Φωτιά ΤΩΡΑ σε πλοίο ελλιμενισμένο στο παλιό λιμάνι των Σπετσών https://t.co/HJ6q9FnlQS,0,0
Mon Aug 12 23:22:10 +0000 2024,1823137934284927335,exact,@user οχτώ το βράδυ φωτιά σύντροφε σε δεκάδες εστίες μαζί το λες και τρομοκρατική επίθεση. συνηθισμένη η αριστερά στη ΒΙΑ μιας και η αριστερή βία είναι έντιμη για τον αγώνα,2,0
Mon Aug 12 23:21:49 +0000 2024,1823137846573621591,exact,"Άρα, σύμφωνα με την λογική των άεργων ξεπλένηδων κομματόσκυλων, την φωτιά στο Μάτι την έβαλαν οι δεξιοί και έκαψαν 104 ανθρώπους για να ρίξουν τον Σύριζα.   #φωτια",339,50
Mon Aug 12 23:21:21 +0000 2024,1823137728982053009,exact,@user Αν ήταν δεξιός στο Χαλάνδρι... η φωτιά παίζει να είχε φτάσει ήδη στο ολυμπιακό στάδιο,0,0
Mon Aug 12 23:21:14 +0000 2024,1823137701362622935,exact,Φωτιά σε πλοίο ελλιμενισμένο στο παλιό λιμάνι των Σπετσών - Δείτε βίντεο https://t.co/qWN1PfDgZG https://t.co/PsfqBRMsbe,2,1
Mon Aug 12 23:20:50 +0000 2024,1823137598497321344,exact,"Καληνυχτα Ελλάδα.  Κλείσε τα φωτα σου, θα σε φωτίζει η φωτιά κι αν τη σβήσουν μη φοβάσαι ολο και κάποιος θα βρεθεί να σε φωτίσει πάλι. #φωτια #φωτια_πεντελη #φωτιατωρα",6,0
Mon Aug 12 23:20:07 +0000 2024,1823137418171609321,exact,@user Θα έριχνε π ρωσικός γίγαντας μέσα στον αστικό ιστό 2 ρίψεις και θα έσβηνε η φωτιά στις αυλές των σπιτιών,0,0
Mon Aug 12 23:20:05 +0000 2024,1823137411611726207,exact,Μάλλον φταίει το φαινόμενο των Κικιλήδων  #φωτιά,2,2
Mon Aug 12 23:20:05 +0000 2024,1823137410114613720,exact,@user @user Και πέρυσι δεν είχε μείνει δέντρο και πρόπερσι και πριν 2 και 3 χρόνια πάλι δέντρο δεν είχε μείνει. Τι στο καλό καίγεται κάθε χρόνο ρε σαΐνι??,1,0
Mon Aug 12 23:18:57 +0000 2024,1823137126092857790,exact,"Το βαφτιστηρι του Κωνσταντίνου Μητσοτάκη, ο Συνολακης θα είχε σβήσει τη φωτιά 🔥🔥🔥 σε 20-25 λεπτά.... Η μήπως όχι; https://t.co/NIRYB7ZOke",143,31
Mon Aug 12 23:18:22 +0000 2024,1823136977375449407,exact,Η φωτιά που κατακαίει χωρίς έλεος τη φύση και το βιός συνανθρώπων μας στην Αττική αφήνει πίσω της πληγές που δεν επουλώνονται με λόγια.   Κορυφαίο ζητούμενο να μη θρηνήσουμε απώλεια ζωής. Και φυσικά να βρεθεί φόρμουλα άμεσης αποκατάστασης των υποδομών και των ιδιωτικών https://t.co/Flyr0sadb4,4,0
Mon Aug 12 23:18:11 +0000 2024,1823136934023086210,exact,"@user Από που έχουν εμπειρία οι Παλαιστίνιοι σε δασικές πυρκαγιές ? Αν πάρει φωτιά η άμμος, θα τους φωνάξουμε.",2,0
Mon Aug 12 23:18:09 +0000 2024,1823136922077990913,exact,Συναγερμός στην Θεσσαλονίκη: Φωτιά στο πρώην στρατόπεδο ... https://t.co/H9NuxnvQk6 https://t.co/sumUlyPxuP,0,0
Mon Aug 12 23:18:01 +0000 2024,1823136890385584243,exact,Η #κηλίδωση μιας χώρας #Μητσοτακης #Πάτημα_Χαλανδρίου #Αστεροσκοπείο #Σταμάτα #Γραμματικο #Δέση_Γέρακα #Πεντέλη #ΤΕΡΝΑ #εκκένωση #εναέρια_μέσα #φωτια #ΝΔ_ΣΥΜΜΟΡΙΑ #ΝΔ_απατεωνες  #κυβερνηση_τσιρκο #Κικιλιας #εκκένωση  #Πυρκαγιες #Πεντέλη #πυροσβέστες #ζώα_φωτιά  #Μάτι #Χαλανδρι https://t.co/jfmLTdg2s4,0,0
Mon Aug 12 23:17:47 +0000 2024,1823136832567001108,exact,Είμαστε σίγουροι ότι έσβησε η φωτιά δω πάνω Ε;  Πολύ κάπνα ρε φίλε πωωω,2,1
Mon Aug 12 23:17:38 +0000 2024,1823136791953563739,exact,Η φωτιά πλησιάζει τα σπίτια στη Νέα Μάκρη πάνω από το Κέντρο Υγείας Νέας Μάκρης #112 #ΝεαΜακρη #Μαραθωνας  #φωτια #φωτιατωρα https://t.co/gJB460dGRz,1,0
Mon Aug 12 23:16:41 +0000 2024,1823136555617194073,exact,"@user Γίνεται και αυτό. Απλώς επειδή είναι κωλοζωα ή επειδή το κάνουν επίτηδες ξεχνάνε να πούνε ότι η φωτιά δεν καίει τα δέντρα αλλά την χαμηλή ξερή βλάστηση, τα χόρτα και τα ξερά φύλλα κλπ. Και μην σου πω ότι αυτό είναι και καλό γιατί καθαρίζεται και ανανεώνεται.",0,0
Mon Aug 12 23:16:41 +0000 2024,1823136552836268318,exact,"https://t.co/yY39fqz1O1  #φωτια #πυρκαγια  Μπήκε στην πόλη η φωτιά, με μία νεκρή σε επιχείρηση που καιγόταν",0,0
Mon Aug 12 23:16:17 +0000 2024,1823136455033512166,exact,ΕΚΤΑΚΤΟ: Φωτιά στον πυρηνικό σταθμό Ζαπορίζια μετά από βομβαρδισμό των Ουκρανοναζί https://t.co/aoSFx51Elu,0,0
Mon Aug 12 23:15:45 +0000 2024,1823136319192601006,exact,"@user Ναι, αυτό το ξέρω απλά έχω μάθει ότι αυτή τη στιγμή υπάρχουν δεκάδες μέτωπα και όχι μια φωτιά",0,0
Mon Aug 12 23:15:37 +0000 2024,1823136286749647096,exact,ΕΜΕΙΣ ΛΕΓΑΜΕ ΓΙΑ ΜΟΜΑ..... #Αττική #Φωτιά https://t.co/liMNYFKc8I,0,0
Mon Aug 12 23:15:12 +0000 2024,1823136182571602410,exact,Όλα εδώ πληρώνονται! - Κάηκε το σπίτι του άνδρα που καταδικάστηκε για τη φωτιά στο Μάτι - #loutrakiblog -  https://t.co/QVVTXzWKst https://t.co/6KSyvpAD2C,0,0
Mon Aug 12 23:14:58 +0000 2024,1823136121208893907,exact,Ρε μάγκες πήραμε  #φωτια Δεν πειράζει στείλαμε όπλα σε Ισραήλ Ουκρανία,3,1
Mon Aug 12 23:14:42 +0000 2024,1823136055102775584,exact,Πάμε τώρα: Στο Μάτι είχαμε ένα ακραίο καιρικο φαινόμενο ( άνεμοι ταχύτητας 190χλμ) που εξελίχθηκε αστραπιαία (μέσα σε 50’) σε μια πολεοδομική ποντικοπαγίδα! Στην τραγωδία στο Χαλάνδρι είχαμε μια φωτιά που εξελισσόταν αργά επι 24 ώρες και διήνυσε απόσταση 40χλμ με μέτριο άνεμο . https://t.co/hWXKdlFjCF,666,185
Mon Aug 12 23:14:36 +0000 2024,1823136031736009002,exact,#φωτια  συστήνεται ομάδα εθελοντών για εύρεση τραυματισμενων μη ανθρωπίνων ζώων κ καταγραφή  https://t.co/wRYbLxWfo8 https://t.co/wH0gATaGED,6,23
Mon Aug 12 23:14:36 +0000 2024,1823136030637097104,exact,"Ήρεμα ρωτάω... φεύγετε ""διακοπαρες""...Αυγούστο μηνα και τα ζωακια σας τα αφήνετε στις.. αυλες? 🤔🤔🤔🤔🤔🤔🤔 #φωτια",8,0
Mon Aug 12 23:14:28 +0000 2024,1823135997019713628,exact,"Η ατάκα ότι ""τα σπίτια ξαναγίνονται"" είναι μια μπαρούφα που προκαλεί τους πυρόπληκτους! Σήμερα κανένα σπίτι δεν ξαναγίνεται με τα κουτσουρεμένα, αρχικά από την κρίση και μετά από τον πληθωρισμό, εισοδήματα. #φωτια #πυρκαγιά",29,2
Mon Aug 12 23:14:11 +0000 2024,1823135926484381930,exact,Τώρα μάλιστα. Χάρηκα αφού δεν έχω αυτοκίνητο...   #Κασσελακης #Φωτια_τωρα #Αττική #ΣΥΡΙΖΑ_ΠΣ #ΣΥΡΙΖΑ https://t.co/V2qfOZqgrO,1,0
Mon Aug 12 23:14:09 +0000 2024,1823135916711375245,exact,"Τώρα θα βγουν να μας πουν αυτά κάνει η κλιματική αλλαγή, του χρόνου τα ίδια!!  #φωτια",5,1
Mon Aug 12 23:14:05 +0000 2024,1823135901276606684,exact,Είμαι στη Βονιτσα και βρωμάει καμμένο. Δυστυχώς για αυτούς δεν μπορούν να αγνοήσουν τόσο εύκολα τη φωτιά στην Αττική όπως στην επαρχία,3,0
Mon Aug 12 23:13:44 +0000 2024,1823135811253977428,exact,Φωτιά στην Αττική: Βρέθηκε απανθρακωμένη σορός γυναίκας σε κτήριο επιχείρησης στα Βριλήσσια https://t.co/nVS48DgMhe https://t.co/LCugm3B7il,1,1
Mon Aug 12 23:13:22 +0000 2024,1823135719633592349,exact,@user πηγαιντε καμια βολτα μωρε κ αφηστε τις δηλωσεις.. η φωτια θα σβησει στη θαλασσα οπως παντα με κυβερνηση ΝΔ,0,0
Mon Aug 12 23:13:19 +0000 2024,1823135706337730981,exact,@user @user @user Είναι δίκη του δουλειά να σβήσει την φωτιά η της πυροσβεστικής που δεν έχει ο Μητσοτάκης?,0,0
Mon Aug 12 23:12:51 +0000 2024,1823135590985937337,exact,Εννοείται  Με τον λαστιχοσωλήνα της αυλής και τον κουβά σβήνουν τόσο μεγάλες φωτιές  Τι να κάνει η πυροσβεστική και η ρίψη νερού από τα αεροπλάνα;,6,0
Mon Aug 12 23:12:51 +0000 2024,1823135588846842193,exact,Δηλαδή φωτιά διένυσε 23 χλμ. (περισσότερο λόγω ανάγλυφου) σε μια νύχτα και άρχισε να καίει την πρωτεύουσα ΚΑΙ Ο ΑΡΜΟΔΙΟΣ ΕΙΝΑΙ ΣΤΗ ΘΕΣΗ ΤΟΥ; #Κικιλιας #κυβερνηση_Μητσοτακη #Σταματα #Πεντέλη #Πυρκαγιες #Βριλησσια #Βαρνάβας #Μαραθωνας #Ροδόπολη https://t.co/fKmX2Jl5xM,43,24
Mon Aug 12 23:12:50 +0000 2024,1823135585793438121,exact,"@user Καίγεται το Σύμπαν και εσύ το βιολί σου.  Περιμένεις άραγε να σε θεωρήσει κανείς άτομο με, στοιχειώδη έστω, νοημοσύνη ;;;;",10,0
Mon Aug 12 23:12:48 +0000 2024,1823135576310129134,exact,Ο #Μητσοτάκης ζει το δικό του Μάτι. #φωτια #φωτιες #φωτια_πεντελη #φωτ,3,0
Mon Aug 12 23:12:36 +0000 2024,1823135528125890777,exact,@user Αυτοί που βάλανε φωτιά σε κεντρικοτατο μπορεί να ήταν και δικοί τους. Show για να το ρίξουν στους πολίτες κτλπ . Φαντάζεσαι να ειχαν προσχεδιάσει και το Ματι για να γινουν κυβερνηση; Τι αλλο μας εχουν ετοιμάσει;,0,0
Mon Aug 12 23:12:28 +0000 2024,1823135491652248025,exact,Μπορεί κάποιος από εδώ να κάνει μια μικρή ανακεφαλαίωση για το που υπαρχουν φωτιές αυτή τη στιγμή? #φωτια,4,0
Mon Aug 12 23:12:27 +0000 2024,1823135489429573863,exact,@user Έτοιμος είναι ο Βαγγέλας να σταματήσει να πληρώνει τα νοίκια της ΝΔ... Πες κι άλλα για το Μεγκα να δω τον Κούλη μετά την έξωση στη μέση της Πειραιώς με τα λιγοστά πράγματα απ αυτά που έστειλε η μιζενς να καίγονται και αυτός να χορεύει το βρέχει φωτιά στη στράτα μου ως Κούρκουλος.,4,0
Mon Aug 12 23:12:08 +0000 2024,1823135409032888662,exact,Νεκρή γυναίκα από τη φωτιά στην Αττική: Βρέθηκε απανθρακωμένη στο Πάτημα Βριλησσίων #capitalgr https://t.co/jVHm0RoUxE https://t.co/AksvZfHIqS,2,0
Mon Aug 12 23:10:54 +0000 2024,1823135098968920244,exact,@user Μόλις μυρισετε φωτιά σας φεύγουν τα τσισα απ'τη χαρά σας. Το κύριο μέλημα η πολιτική εκμετάλλευση. Κλασσικά αριστερά ανθελληνικά ζαιόπανα...,0,0
Mon Aug 12 23:10:06 +0000 2024,1823134896812110328,exact,@user @user @user Ο κόσμος καίγεται και κανείς πλακίτσα ρε μπουλούκο?,1,1
Mon Aug 12 23:09:46 +0000 2024,1823134815971127530,exact,@user Το ότι τα ζαιογιδια έχουν το θράσος να κουνάνε το δάχτυλο σε πυρκαγιές με ξεπερνάει.  Επίσης αποδεικνύεται για άλλη μια φορά ότι φασίστες και κουμουνια είναι το ίδιο και δεν τους καίγεται καρφί για την ανθρώπινη ζωή όταν υπηρετειται το αφήγημα...,0,0
Mon Aug 12 23:09:35 +0000 2024,1823134768097001541,exact,«ΔΕΝ ΕΧΩ ΛΟΓΙΑ!» ΚΑΗΚΕ το σπίτι του 65χρονου που καταδικάστηκε για την πυρκαγιά στο Μάτι... https://t.co/CqjpuLOrN6 #φωτια #φωτια_πεντελη #Χαλάνδρι,5,0
Mon Aug 12 23:09:06 +0000 2024,1823134644868722689,exact,"Πυροσβεστική – Βαθρακογιάννης: Δεν έχουμε ενεργό μέτωπο, έχουμε εστίες https://t.co/ygkSqgmAUR",0,0
Mon Aug 12 23:09:02 +0000 2024,1823134629215273168,exact,"Η Αθήνα κάηκε •Για πρώτη φορά στα χρονικά, οι κάτοικοι των Βριλησσίων μετακινήθηκαν προς Κηφισιά για την ασφάλειά τους επειδή κάηκαν τα σπίτια τους •Εγιναν στάχτη σχολείο, κλειστό γήπεδο και κατοικίες στη Νέα Πεντέλη •Η φωτιά έφτασε μέχρι το προαύλιο του Αστεροσκοπείου https://t.co/PTsvJNpaFc",86,36
Mon Aug 12 23:08:49 +0000 2024,1823134575431974953,exact,"Ηλεία: Πυρκαγιά σε χαμηλή βλάστηση, στη Νέα Μανωλάδα https://t.co/sS7kXKNewL",0,0
Mon Aug 12 23:08:09 +0000 2024,1823134407525376323,exact,"Και ξαφνικά σταμάτησαν όλα τα κανάλια να μεταδίδουν για τις φωτιές! Αυτό ήταν φίλοι μου! Finito la musica, passato la festa! Αυτή είναι η δημοσιογραφία σήμερα! Βγήκαν για να πουν το βρομοαφήγημά τους και έφυγαν! Η σαπίλα της κοινωνίας μαζί με τους δολοφόνους πολιτικούς! #φωτιά",10,1
Mon Aug 12 23:06:50 +0000 2024,1823134074283888937,exact,καίγεται η χώρα και οι ναζι χρυσαυγιτες κάνουν και καλά πλάκα   καθόλου ύποπτο  #φωτιες https://t.co/CADC1n2Jmq,4,0
Mon Aug 12 23:04:53 +0000 2024,1823133585110356279,exact,@user Γλυφάδα: Συνελήφθησαν δύο νεαροί που φέρονται να έβαλαν τη φωτιά στην Τερψιθέα,1,0
Mon Aug 12 23:04:36 +0000 2024,1823133514491203720,exact,@user Η κυβέρνηση υποτίθεται υπάρχει για να κάνει αυτά που δεν μπορεί ο απλός κοσμος αλλιώς να είχαμε κ ακυβερνησία. Παρόλο αυτό θα σου πω το ποιο απλό όπου καίγεται νόμος απαγορεύσεις ανεμογεννητριών https://t.co/ujKl7fzb8t,0,0
Mon Aug 12 23:04:20 +0000 2024,1823133447310712979,exact,"@user ...ε πες δηλαδή ότι είσαι από αυτούς που πιστεύουνε ότι ""η φωτιά όλο το βράδυ έτρεχε από τον Βαρνάβα στο Χαλάνδρι"", να μην κουράζομαι....😛",0,0
Mon Aug 12 23:03:55 +0000 2024,1823133343128355190,exact,"Καίγεται ο τόπος, έχουμε και νεκρό, και οι συριζοφασιστες μόνη έγνοια έχουν να την πουν στο ΚΚΕ.",53,6
Mon Aug 12 23:03:46 +0000 2024,1823133305740366219,exact,Μη βιάζεσαι. Πρέπει να βγάλει λίγα γένια πρώτα... #φωτιά,13,1
Mon Aug 12 23:03:11 +0000 2024,1823133159002607834,exact,#φωτιά #πυρκαγιά  Λεωφ. Μαραθωνος https://t.co/iO9bsjkzhy,51,178
Mon Aug 12 23:03:03 +0000 2024,1823133124823597282,exact,@user Δεν σκάτε πια;;;; Ποιος άφησε την φωτιά;;;,0,0
Mon Aug 12 23:02:39 +0000 2024,1823133024537453032,exact,Φωτιά στην Αττική: Βρέθηκε απανθρακωμένη σορός γυναίκας στο Πάτημα Χαλανδρίου (ΒΙΝΤΕΟ) https://t.co/u8CSXdDJcX,0,0
Mon Aug 12 23:02:23 +0000 2024,1823132955029520830,exact,"@user Α λένε και τέτοια; Ενιγουει γιου αρ μισινγκ δε ποιντ.Το θέμα μου δεν είναι η Θεσσαλονίκη.Το θέμα είναι πως ασχολούνται πάντα μόνο με τα τεκταινόμενα της πρωτεύουσας. Όπως είπα έχει 26 μέρες η φωτιά στις Σέρρες, το μεγαλύτερο νόμο της Β.Ελλαδας. Όχι. Γιατί λοιπον να μην αναφερθεί;",0,0
Mon Aug 12 23:01:52 +0000 2024,1823132825945518162,exact,Σε εξέλιξη πυρκαγιά στην περιοχή Τερψιθέα Γλυφάδας https://t.co/hPaRu9zUo6,0,0
Mon Aug 12 23:01:42 +0000 2024,1823132783335645231,exact,@user Απλά απλέ εθελοντή αν δεν κάνω λάθος έχουμε κυβέρνηση για να τα κάνει αυτά αν ήταν έτσι αφού δεν μπορεί να κάνει περισσότερα από έναν απλό πολίτη να είχαμε ακυβερνησία. Έτσι δεν είναι? Θα σου πω λοιπόν το ποιο απλό όπου μπαίνει φωτιά απαγορεύονται ανεμογεννήτριες https://t.co/7oh9um3M5H,2,0
Mon Aug 12 23:01:36 +0000 2024,1823132759407161759,exact,"@user Μπορεις να μου πεις, γιατι στην Ευρυτανια δεν εχουμε φωτιες; Και εχουμε συνέχεια στην Ευβοια; Γιατι η φωτιά η σημερινή, ειναι ακριβώς απέναντι απο τις ανεμογεννήτριες της Ευβοιας; Για πες. #φωτια. #Μητσοτακης",4,0
Mon Aug 12 23:01:29 +0000 2024,1823132731045462272,exact,"Μην ανησυχείς, θα αναλάβει η Αδειλίνη πάραυτα. Εγγυημένο αποτέλεσμα... #φωτιά #Πυρκαγιά",3,1
Mon Aug 12 23:01:23 +0000 2024,1823132706244317558,exact,Από δασική φωτιά ρε μαν…,0,0
Mon Aug 12 23:01:17 +0000 2024,1823132678234812468,exact,Που είσαι ΚΟΥΛΑ;;; Εμφανίσου ρε μαλακισμενε υπαρχει νεκρή γυναίκα! #φωτια,9,0
Mon Aug 12 23:01:04 +0000 2024,1823132624958693869,exact,Κάθεστε και μαλώνετε για το #ματι για το #χαλανδρι για την #πεντελη για ποιος έκαψε περισσότερο κόσμο κ περισσότερα στρέμματα  #φωτια Είστε άξιοι της μοίρας σας,14,1
Mon Aug 12 23:00:57 +0000 2024,1823132596374827063,exact,Φωτιά στο στρατόπεδο Καρατάσου https://t.co/huNbibJkMB https://t.co/9caBtvSJhJ,0,0
Mon Aug 12 23:00:55 +0000 2024,1823132588154011966,exact,"@user Ο ΠΘ γύρισε αμέσως από το σπίτι του στα Χανιά.Τι άλλο θάπρεπε να κάνει? Οσο για τις διακοπές,το δήλωσε ότι γύρω στον 15αύγουστο θα υπάρξουν λίγες μέρες ξεκούρασης. Εύκολο να μπει μια φωτιά. Το να πιαστεί ο ένοχος,αν δεν πιαστεί επ αυτοφόρω ,είναι σχεδόν αδύνατον.",0,0
Mon Aug 12 23:00:46 +0000 2024,1823132549473784006,exact,Φωτιά στην Αττική: Ολονύχτια μάχη σε Πεντέλη και Μαραθώνα https://t.co/VZiUTAxolC μέσω @user,0,0
Mon Aug 12 23:00:38 +0000 2024,1823132514426224963,exact,#φωτια #πυρκαγιά #Πεντέλη  #ζωα  Ψάχνουμε την Κανέλα.,2,6
Mon Aug 12 23:00:31 +0000 2024,1823132486655791574,exact,Φωτιά στην Αττική: Εντοπίστηκε νεκρή γυναίκα μέσα σε κτίριο στο Πάτημα Βριλησσίων https://t.co/QMx3lGAuo1 μέσω @user,0,0
Mon Aug 12 23:00:23 +0000 2024,1823132452019175792,exact,@user το τσιμεντο που ειναι αναμεσα στο γερακα και στη νεασμυρνη θεωρω ΑΔΥΝΑΤΟ να λαμπαδιασει ολο.... αλλα καθε χρονο μαθαινω και κατι καινουριο #φωτια #πυρκαγια,4,0
Mon Aug 12 23:00:20 +0000 2024,1823132439167865278,exact,"Φωτιά στην Αττική: Εκκενώνονται το «Αμαλία Φλέμινγκ», το Εθνικό Αστεροσκοπείο Πεντέλης και οι κατασκηνώσεις της Αστυνομίας https://t.co/9QEMW3RY6J https://t.co/lseazyLHSa",0,0
Mon Aug 12 23:00:18 +0000 2024,1823132430112358904,exact,Φωτιά στην Αττική: Στη δομή για τους πληγέντες στα Μελίσσια ο Κασσελάκης – Τους διαθέτει αυτοκίνητο για τις μετακινήσεις https://t.co/PpWVioq9UN https://t.co/6Phd1teWQB,7,3
Mon Aug 12 23:00:14 +0000 2024,1823132416535347235,exact,"Ο πρόεδρος του κόμματος που συνέπραξε με τον Μητσοτάκη για τον διορισμό διοίκησης στην ΑΔΑΕ, ζητάει τάχα την παραίτηση του.  #φωτια",0,0
Mon Aug 12 22:59:57 +0000 2024,1823132345400176744,exact,"Υπό μερικό έλεγχο τέθηκε η #πυρκαγιά στη συμβολή των οδών Τενέδου &amp; Αγ. Νεκταρίου, στην Τερψιθέα Γλυφάδας.",16,4
Mon Aug 12 22:59:36 +0000 2024,1823132256879153614,exact,"Ξέρω #φωτια κ #φωτιατωρα, αλλά μην ξεχνιόμαστε.  Όσοι συνέκριναν τη Βερουλη με τον αλγερινό απατεώνα #KhelifTheThief ξέρουν ήδη πως τα χρωμοσώματα του ανθρώπου αλλάζουν ανάλογα το υψόμετρο που ζει.  Όπως οι σεισμοί οφείλονται στις γυναίκες οδηγούς ασούμε...https://t.co/SRf5adDwUX",0,0
Mon Aug 12 22:59:32 +0000 2024,1823132238697132063,exact,#φωτια οι φωτιές έσβησαν;δεν υπάρχουν νέες;τα ΜΜΕΞΑΠΑΤΗΣΗΣ  σταμάτησαν να ενημερώνουν;,0,0
Mon Aug 12 22:59:04 +0000 2024,1823132120891494435,exact,@user Πες του να πάει 5 μέτρα πίσω. Θα τον κάψει η φωτιά που είναι 10 μέτρα μακριά. Για να ποτιζει τριανταφυλλιές το λάστιχο?,1,0
Mon Aug 12 22:58:52 +0000 2024,1823132072598286786,exact,Ηλεία: Φωτιά στην Μανωλάδα https://t.co/9uugpL1Mq0,0,0
Mon Aug 12 22:58:50 +0000 2024,1823132063861498059,exact,Φωτιά στην Αττική: Βίντεο αναγνωστών από το πύρινο μέτωπο στον Ερυθρό Νέας Μάκρης – Έκκληση κατοίκων της περιοχής για βοήθεια https://t.co/Oooz40Dtrj,0,0
Mon Aug 12 22:58:09 +0000 2024,1823131889143513443,exact,@user Μωρη ηλίθια έστω ότι έφταιγε η Δούρου που ηταν περιφερειάρχης για το Μάτι. Ο Πατούλης δεν εφταιγε για την Βαρυμπόμπη? Ο Χαρδαλιάς αθώα περιστερά  τώρα που καίγεται η μισή Αττική ??,4,1
Mon Aug 12 22:57:17 +0000 2024,1823131672318984347,exact,Φωτιά στην Αττική: Πυροσβέστης σώζει μια γυναίκα από τις φλόγες https://t.co/pBgfgs3Nor,0,0
Mon Aug 12 22:57:15 +0000 2024,1823131663154708805,exact,Ρε ποιος μαλάκας αμέλησε να καθαρίσει το οικόπεδό του στην Πεντέλη και έφτασε η #φωτιά από το #Βαρναβα στο #Χαλάνδρι; #πυρκαγιά,12,1
Mon Aug 12 22:57:11 +0000 2024,1823131646356226337,exact,Φωτιά στην Αττική: Εντοπίστηκε απανθρακωμένη γυναίκα στο Πάτημα Βριλησσίων https://t.co/Q3b3VvaJpK https://t.co/SLgirZHUve,0,0
Mon Aug 12 22:57:05 +0000 2024,1823131622033461657,exact,"Καίγεται η Αθήνα, καίγεται η Θεσσαλονίκη   Ευτυχώς παναγιουλιτσα μου το μόνο δέντρο του Πειραια για να καεί πρέπει να έρθουν Χριστούγεννα.",26,5
Mon Aug 12 22:56:49 +0000 2024,1823131556187119692,exact,@user @user @user Έχω ακούσει ότι είναι κομμουνιστές στην Πυροσβεστική,2,0
Mon Aug 12 22:56:34 +0000 2024,1823131493474205957,exact,@user Σοβαρά ρε ; Και πότε θα είναι η στιγμή; Όταν η φωτιά σβήσει κανέναν από σας δεν θα τον νοιάζει πλέον. Αλίμονο στον κοσμακη που χάνει απόψε τα σπίτια του.. παραιτησου,0,0
Mon Aug 12 22:56:12 +0000 2024,1823131400767152184,exact,Φωτιά στην Αττική: Βίντεο αναγνωστών από το πύρινο μέτωπο στον Ερυθρό Νέας Μάκρης – Έκκληση κατοίκων της περιοχής για βοήθεια -  https://t.co/hOHPMk0FLa https://t.co/qAyWR1gmEx,0,0
Mon Aug 12 22:56:11 +0000 2024,1823131396531015692,exact,@user Διαψεύδεται από τη πυροσβεστική.,0,0
Mon Aug 12 22:54:57 +0000 2024,1823131084860899788,exact,Πριν λίγες μέρες να σηκώνουν την ελληνική σημαία ψηλά τα παλικάρια στους ολυμπιακούς αγώνες και τώρα μόνο που δεν την καίνε #πυρκαγιά,0,0
Mon Aug 12 22:54:37 +0000 2024,1823131000634827186,exact,@user Ρε σκατο αρδ. Απανθρακωμένη βρέθηκε γυναίκα στο πάτημα Χαλανδρίου (500 μέτρα από την Μαραθώνος που μένεις) ενώ η φωτιά ξεκίνησε από τη Βαρνάβα και λες στον κόσμο να μην κάνει κριτική στην κυβέρνηση γιατί έκανε ότι μπορούσε?,83,6
Mon Aug 12 22:54:25 +0000 2024,1823130952249274592,exact,"καίγεται η πατρίδα&amp;τα γράφουμε,να χρησιμοποιεί όμως την λέξη πατρίδα λόγω της συμφοράς ένας ΣταλινοΦασίστας δείχνει το μέγεθος της παράνοιας των 5φαλαγγιτών-διεθνιστών που ποτέ δεν απλώσανε την γαλανόλευκη στο μπαλκόνι τους&amp;απλώνουν την Παλαιστινιακή,να μας μιλάνε για πατρίδα;",4,1
Mon Aug 12 22:53:56 +0000 2024,1823130830018933044,exact,"Μαθήτρια από  Αλβανία: γιατί υπάρχουν κουμουνιστικα κόμματα στην Ελλάδα, δν είδατε τι έγινε  Αλβανία κ σε άλλες χώρες;  Το Σεπτέμβρη θα της πω, όλα σωστά αυτά που είχες πει. Βλέπω συμπεριφορές από ανθρώπους αυτών των κομματων, μετά τη φωτιά και δν μπορώ να το πιστέψω.  #φωτια",3,1
Mon Aug 12 22:53:49 +0000 2024,1823130801417998781,exact,Φωτιά στην Αττική: Εντοπίστηκε νεκρή γυναίκα μέσα σε κτίριο στο Πάτημα Βριλησσίων https://t.co/vnPrPLqibW μέσω @user,0,0
Mon Aug 12 22:53:41 +0000 2024,1823130764382220374,exact,@user Εδώ καίγεται όλη η χώρα το άλλο το bot εδώ γράφει για κόμματα. Πέσε από κανέναν 6ο όροφο μόνος σου μη το καθυστερείς,0,0
Mon Aug 12 22:53:07 +0000 2024,1823130625714299355,exact,"Δηλαδη τωρα θα παραπεμφθουν σε δικη ο υπουργος, ο δημαρχος της περιοχης, οι υπευθυνοι της πυροσβεστικης και ο Χαρδαλιας;  #φωτια #πυρκαγιά",18,6
Mon Aug 12 22:52:50 +0000 2024,1823130551852912723,exact,#φωτιά #πυρκαγιά  #Χάθηκε στα #Βριλήσσια. https://t.co/ixRloVEWf0,42,139
Mon Aug 12 22:52:45 +0000 2024,1823130530042307021,exact,Συνελήφθησαν δύο νεαροί που φέρονται να έβαλαν τη φωτιά στην Τερψιθέα Γλυφάδας | Ειδήσεις για την Οικονομία | newmoney https://t.co/b8n4eeMx3p https://t.co/kpmQZCzDHW,2,0
Mon Aug 12 22:52:45 +0000 2024,1823130529719316787,exact,ΒΟΘΡΟΙ! Η γυναίκα ηταν αγνοούμενη και βγήκατε να το διαψεύσετε.  Και στο Μάτι τοτε ετσι ξεκινήσατε αλλα δεν προλάβατε να κρύψετε πολλα.   #φωτια,10,3
Mon Aug 12 22:52:31 +0000 2024,1823130473075196014,exact,ΠΟΥ ΕΙΝΑΙ ΤΟ ΚΡΑΤΟΣ ΟΕΟ;;; #φωτια #πυρκαγια,4,0
Mon Aug 12 22:52:29 +0000 2024,1823130464904679812,exact,"""Μια νεκρή γυναίκα.."" λεει ο ρεπόρτερ. ""Αλλοδαπη!"" Κρώζει ο παρουσιαστής στο ΣΚΑΙ, και το τονίζει για δεύτερη φορά λες και εχει σημασία. Μουνόπανα  #Φωτια_τωρα",1597,336
Mon Aug 12 22:52:20 +0000 2024,1823130425163940213,exact,Λίγα χιλιόμετρα μακριά από το κέντρο της πρωτεύουσας της χώρας. Καληνύχτα και καλή τύχη. #φωτια #Πατημα_Χαλανδριου https://t.co/yJCDZgAFCQ,44,17
Mon Aug 12 22:52:09 +0000 2024,1823130382247563359,exact,@user Κάνουν δουλειά μπαίνουν σαν σκυλιά μέσα στην φωτιά! Το έχω δει το έχω ζήσει αρκετές φορές! Οι πυροσβέστες μόνοι τους δεν μπορούν ειναι φύση αδύνατο! Θέλουν στήριξη απο εθελοντές Προσκοπους υδροφόρες σε πολλές περιπτώσεις ψεκαστικά αγροτών με τουρμπίνα αλλα που να τα ξερεις αυτά,0,0
Mon Aug 12 22:51:44 +0000 2024,1823130276513681634,exact,Φωτιές στην Αττική: Βρέθηκε απανθρακωμένη σορός στο Πάτημα Βριλησσίων. #φωτια,5,1
Mon Aug 12 22:51:01 +0000 2024,1823130096384737339,exact,"@user Υπάρχουν 3 δορυφόροι της Nasa που παρακολουθούν live τις φωτιές,δεν αναφέρεται πουθενά μέχρι στιγμής η φωτιά που αναφέρεις.Μηπως έχει σβήσει η δεν υπήρξε ποτέ?",0,0
Mon Aug 12 22:50:49 +0000 2024,1823130046459982113,exact,Άφησαν γένια...ενώ καίγονται γενιές....#κυβερνηση_Μητσοτακη #Κικιλιας #φωτιες #Φωτια_τωρα https://t.co/tqa39RDnvI,6,0
Mon Aug 12 22:50:43 +0000 2024,1823130018425307357,exact,"Βρέθηκε στις #φωτιες της #Πεντέλης  Θηλυκό, έχει τσιπ, δεν απαντούν στο τηλ Κοινοποιήστε να βρει την οικογένειά του #βρεθηκε_πεντελη #βρεθηκε #βρεθηκαν  #ζωα #ζωασεαναγκη #ζωα_φωτια #φωτια #πυρκαγια #διασωση #εθελοντες #ζωα #βοηθεια https://t.co/wUVMjZpTLg",5,10
Mon Aug 12 22:50:36 +0000 2024,1823129990717657104,exact,Πόσο αγαπώ το twitter μόνο και μόνο επειδή σας κάνει ρεζίλι. #φωτια,24,3
Mon Aug 12 22:50:07 +0000 2024,1823129870861275571,exact,@user Να ξεκινήσουμε απο τις επιλογές των προσώπων στην ηγεσία της πυροσβεστικής! Αν ηξερες θα είχες τρομάξει… δεύτερον φέτος το χειμώνα να πάτε να ριξεται περισσότερο ξύλο στους πυροσβέστες… τρίτον και σημαντικότερο απο αυτά που λες έχεις παει ποτέ στην φωτιά… μονο οι ντόπιοι,2,0
Mon Aug 12 22:49:45 +0000 2024,1823129778376843585,exact,Φωτιά Αττική: Βρέθηκε απανθρακωμένη σoρός γυναίκας στο Πάτημα Βριλησσίων | Flash https://t.co/wPWO7m27oJ https://t.co/d4dOZvmqu9,0,0
Mon Aug 12 22:49:41 +0000 2024,1823129757942218946,exact,"@user @user Τιμωρηθηκανε για την Εύβοια και για τα Τέμπη. Τους ψήφισε το 41%. Πόση άλλη πια ""τιμωρία""; 😡😡😡#Φωτιά #Αττική #Μητσοτακης #Μελίσσια",4,0
Mon Aug 12 22:49:39 +0000 2024,1823129752741265715,exact,"Ο #Μητσοτάκης ζει το δικό του Μάτι. Ευτυχώς, δίχως θύματα #φωτια #φωτιες #φωτια_πεντελη #φωτ",0,0
Mon Aug 12 22:49:36 +0000 2024,1823129739722391831,exact,@user Οι δήμαρχοι δεν συνεννοούνται με την Πυροσβεστική στο Μητσοτακιστάν;,1,0
Mon Aug 12 22:49:31 +0000 2024,1823129716234064057,exact,Φωτιά στην Αττική: Βίντεο αναγνωστών από το πύρινο μέτωπο στον Ερυθρό Νέας Μάκρης - Έκκληση κατοίκων της περιοχής για βοήθεια https://t.co/Oooz40Dtrj,1,1
Mon Aug 12 22:49:16 +0000 2024,1823129655190196421,exact,Φωτιά στην Αττική: Καμένη γυναίκα στο πάτημα Χαλανδρίου https://t.co/mDGwbVAqtG,0,0
Mon Aug 12 22:48:44 +0000 2024,1823129521672827096,exact,"Μπαίνεις σε τρένο και δεν ξέρεις αν θα φτάσεις, πας για δουλειά στο Χαλάνδρι και καίγεσαι από φωτιά που ξεκίνησε απ' τον Βαρνάβα.  Αλλά ξέχασα. Προέχει να βγούμε αξύριστοι για να δείξουμε συμπόνια. #φωτια",24,7
Mon Aug 12 22:48:37 +0000 2024,1823129492602187863,exact,"@user Για ποιον ακριβώς δηλαδή λόγο ""να μην είναι δυνατόν αυτό"" ρε παιδί; Τί είναι δηλαδή η πυροσβεστική; Ο Πάπας;",0,0
Mon Aug 12 22:48:17 +0000 2024,1823129409143857218,exact,62  ετών αλλοδαπή η άτυχη γυναίκα που εργαζόταν στην Ελλάδα πολλά χρόνια και βρήκε τραγικό θάνατο απο την φωτιά . Αυτό το κτήνος που  έπιασαν εμπρηστή  στο Χαλάνδρι  να τον κρεμάσουν ανάποδα .,155,17
Mon Aug 12 22:47:58 +0000 2024,1823129326696751333,exact,@user Ξέχασες τα πτηνά-εμπρηστές και τα επιθετικά πεύκα... #φωτιά,4,0
Mon Aug 12 22:47:45 +0000 2024,1823129272115929513,exact,@user @user Το εξοργιστικο είναι ότι μπαίνετε σε συγκρίσεις με το 2019. Ενώ για μένα η κρατική αντιμετώπιση είναι το ίδιο ανίκανη.   Σας ρώτησα τι έχετε να πείτε για τις δηλώσεις του αντιπροέδρου της σημερινής κυβέρνησης που το 2009 αποκαλούσε την τότε κυβέρνηση (ίδιου κόμματος στο οποίο,20,1
Mon Aug 12 22:47:32 +0000 2024,1823129219699777673,exact,"Αφού τα διόδια ήταν ανοιχτά για διευκόλυνση κυκλοφορίας στις επικίνδυνες περιοχές, οι υπάλληλοι γιατί ήταν μέσα; #φωτιά",3,0
Mon Aug 12 22:47:23 +0000 2024,1823129179501498671,exact,"@user Καίγεται ολη η Αττική Άρι μου, πως να μην θλίβομαι...",1,0
Mon Aug 12 22:46:55 +0000 2024,1823129061910003757,exact,Φωτιά στην Αττική: Κάηκε το σπίτι του ανθρώπου που έβαλε την πυρκαγιά στο Μάτι (Video) https://t.co/bZEb3muxNk https://t.co/UBmJe2wrTQ,2,1
Mon Aug 12 22:46:23 +0000 2024,1823128929802080522,exact,@user Ξέρει ποιος φταίει για τη φωτιά.,1,0
Mon Aug 12 22:46:22 +0000 2024,1823128925234413625,exact,@user Αδιανόητο επίσης ήταν οι καμμένοι στο Μάτι..Σας εκτιμαμε αλλά τα ίδια στις φωτιές κάνατε...οπότε εδώ σιωπή από όλους και φωνές μόνο από τον λαό που τη μια καίγεται και την άλλη πνίγεται..,0,0
Mon Aug 12 22:46:11 +0000 2024,1823128879898272223,exact,@user Αν ζουμάρεις θα δεις φωτιά στην Σαχάρα και στη Σαουδική Αραβία πού το μεγαλύτερο δέντρο είναι ο μαϊντανός. Στην Ελλάδα πάντως δεν έχει .Μπράβο στο ζαβό πού έχει αγοράσει τους πάντες φάε σανο θείο,0,0
Mon Aug 12 22:46:09 +0000 2024,1823128871769608584,exact,Αλλοδαπή η γυναίκα γύρω στα 60 που απανθρακώθηκε στο Πάτημα Χαλανδρίου. Κανένα έλεος! Κανένας σεβασμός δυστυχώς! #ΝΔ_ΣΙΧΑΜΑΤΑ #φωτιά #πυρκαγιά,6,0
Mon Aug 12 22:45:51 +0000 2024,1823128794749693955,exact,Δεν ειχει δηλωθει.....ΥΠΟΠΤΟ #φωτιά,4,0
Mon Aug 12 22:45:31 +0000 2024,1823128712142790875,exact,Φωτιά στην Αττική: Βρέθηκε απανθρακωμένη σορός γυναίκας στο Χαλάνδρι https://t.co/JXhguknLnd,1,0
Mon Aug 12 22:45:28 +0000 2024,1823128699492786638,exact,@user Το σπίτι του βζιιιιν δεν καίγεται.. Έχει πολύ υγρασία...,3,0
Mon Aug 12 22:45:19 +0000 2024,1823128660762657082,exact,@user Κοιτάζοντας γύρω μου έχω αρχίσει να πιστεύω ότι τα αποτελέσματα είναι πραγματικά. Δεν γνωρίζω αν βρίσκεστε σε περιοχή με φωτιά. Εύχομαι όλα καλά.,0,0
Mon Aug 12 22:45:17 +0000 2024,1823128654559457773,exact,@user Θα σου στείλουν μαυροφορεμένες ζωσμένος με εκρηκτικά να τις βαλεις μεσα στη φωτιά η πηθιμια να κατουράνε.Ποιο κράτος της Παλαιστίνης? Αυτό που βίαια έπνιξε στο αίμα η εγκληματική οργάνωση Χαμάς? Άνοιξε κανένα βιβλίο και άσε τα Ciao και τις espresso...,1,0
Mon Aug 12 22:44:48 +0000 2024,1823128530848563487,exact,@user @user Γιατί αν είχατε/με ψηφίσει τους 'άλλους' θα έρχονταν τα ελικόπτερα να την σβήσουν την φωτιά στο πιτς φιτίλι...  Πόσα χρόνια θα το ζούμε αυτό με τις φωτιές και θα λέμε παπαριές τέτοιου είδους?,0,0
Mon Aug 12 22:43:43 +0000 2024,1823128260013629741,exact,#φωτιά #πυρκαγια   Από αύριο σε επιλεγμένα δισκοπωλεία https://t.co/xBk1xVGCbB,65,2
Mon Aug 12 22:41:51 +0000 2024,1823127789626679456,exact,@user Εδώ ο κόσμος καίγεται και το μουνι χτενιζεται.,3,0
Mon Aug 12 22:41:31 +0000 2024,1823127705254076586,exact,@user Όταν καίγεται το σπίτι σου και προσπαθείς να το σώσεις και η έγνοια σου εκείνη την ώρα είναι να βρίσεις τον Μητσοτάκη είσαι ένας λογικός άνθρωπος που αντιλαμβάνεσαι την πραγματικότητα.,0,0
Mon Aug 12 22:41:29 +0000 2024,1823127694730535372,exact,@user η αδιαφορία και έλλειψη σχεδίου σε όλο της το μεγαλείο. Η φωτιά πέρασε 2 βουνά - μόνο που το γράφω ανατριχιάζω - και έφτασε Χαλάνδρι. ΧΑΛΑΝΔΡΙ !!,0,0
Mon Aug 12 22:41:16 +0000 2024,1823127641496387680,exact,"@user @user Κ. Σαββιδη, δυστυχώς χαθηκε μια ζωή έχετε δίκιο ενημερώθηκα μόλις. Συνέβη την ώρα που σας απαντούσα. Κ. Σαββιδη το 2019 το εξοργιστικό ήταν το θέατρο μπροστά στις κάμερες ενώ γνώριζαν πως υπήρχαν νεκροί,  η έλλειψη συντονισμού που είχε ως αποτέλεσμα 104 χαμένες ψυχές οι αλήστου https://t.co/r9HI7QSEjh",40,8
Mon Aug 12 22:40:39 +0000 2024,1823127487355703425,exact,Το 2024 καίγεται άνθρωπος από πυρκαγιά μέσα στον αστικό ιστό από #φωτια που ξεκίνησε 40 χιλιόμετρα μακριά.  Συλλυπητήρια στους οικείους,234,56
Mon Aug 12 22:40:37 +0000 2024,1823127477952426453,exact,Ελλάδα 2045. Καίγεται και το τελευταίο δέντρο στη χώρα. Η ΝΔουλα χρωστάει 60δισ δολάρια και τα κουλόσκυλα γράφουν για το Μάτι.,30,5
Mon Aug 12 22:40:22 +0000 2024,1823127413783507423,exact,"@user Με καμία (!) φωτιά δεν κανείς αντιπολίτευση .Ούτε με την φωτιά στο Μάτι ,όπου πέσατε σαν τους γύπες και εκμεταλλευτήκατε τον πόνο 104 οικογενειών !Είστε αυτό που κοροϊδεύετε κ Πορτοσαλτε .Ντρέπομαι που είμαι Έλληνας ..είτε αριστερός είτε δεξιός!",27,2
Mon Aug 12 22:40:21 +0000 2024,1823127408968454186,exact,Πανοραμικά πλάνα από την φωτιά στην Αττική που «κόβουν» την ανάσα https://t.co/XWdka0kKTQ,5,2
Mon Aug 12 22:40:08 +0000 2024,1823127356082450861,exact,"Το να  περάσει η φωτιά την Αναπαύσεως είναι ανήκουστο αυτό θα πω εγώ...το 87 δεν θυμαμαι αν πέρασε, νομίζω δεν πέρασε αλλα οι παλιοι Βριλησσιώτες και Χαλανδραίοι θα θυμούνται φαντάζομαι...",0,0
Mon Aug 12 22:39:29 +0000 2024,1823127193582449040,exact,"Δεν φεύγει έτσι εύκολα ο #Κικίλιας.  Έχει τόσες και τόσες επιτυχίες να επιδείξει από τις προηγούμενες θητείες του: 30.000+ νεκροί στην πανδημία, ολοκαύτωμα Εύβοιας 2021. Δεν καταλαβαίνω γιατί διαμαρτύρεσαι... #φωτιά #Πυρκαγιά",8,3
Mon Aug 12 22:39:27 +0000 2024,1823127183608393882,exact,Φωτιά στην Άνω Γλυφάδα: Δυο συλλήψεις για εμπρησμό https://t.co/7b90nN8yIn,8,1
Mon Aug 12 22:39:16 +0000 2024,1823127138288971912,exact,@user Τι εννοείς καλε μου με τι να πάει; Έχει σημασία που είναι η φωτιά αν είναι μεγάλη;  Επειδή στην Αθήνα είναι 5 μυρια και στη Θεσσαλονίκη 1 δηλαδή ας καούν στα παπαρια μας; Τι φάση αλήθεια;,1,0
Mon Aug 12 22:39:08 +0000 2024,1823127102733852801,exact,"Πώς μια δασική πυρκαγιά μετατράπηκε σε λίγες ώρες σε οικιστική ● Σκότωσε έναν άνθρωπο, εκατοντάδες ζώα,  κατέστρεψε πάνω από 100.000 στρέμματα και δεκάδες περιουσίες  #φωτια #πυρκαγιά #Αττική #Βριλησσια #Μαραθωνας #Γερακα   https://t.co/cTUjVnwh7o",23,9
Mon Aug 12 22:39:04 +0000 2024,1823127089576300867,exact,Συνελήφθησαν νεαροί που έβαλαν την πυρκαγιά στην Τερψιθέα #φωτια #φωτιά #πυρκαγια #Βαρναβα #Μαραθώνας #GreeceFires #Greece  #wildfires  https://t.co/pOIVFjnhMX https://t.co/1PfLXJKlnQ,8,2
Mon Aug 12 22:38:55 +0000 2024,1823127049944347076,exact,Έχει σβήσει η φωτιά;,1,0
Mon Aug 12 22:38:52 +0000 2024,1823127038611378243,exact,@user @user ΣΚΑΣΕ ΕΣΥ ρε τομαρι . Κάηκε όλη η Πεντέλη από όπου πέρασε η φωτιά - ακόμα δεν έχει σβήσει - και έχεις θράσος να μιλάς.  Μουλοσπορε,0,0
Mon Aug 12 22:38:48 +0000 2024,1823127022039699899,exact,"Άλλος ένας ηθικός αυτουργός, για την νεκρή γυναίκα που βρέθηκε απανθρακωμένη απ' τη #φωτιά, απ' αυτούς που προέτρεπαν κόσμο να μην υπακούει στις εκκενώσεις. #Βαρνάβας #Βριλήσια #Χαλάνδρι #Μαραθώνας",8,3
Mon Aug 12 22:38:16 +0000 2024,1823126887801160162,exact,Δεύτερο καταστροφικό 24ωρο: Έχουν καεί πάνω από 100.000 στρέμματα – Χωρίς ενιαίο μέτωπο η φωτιά αλλά με ενεργές εστίες https://t.co/5y3sgSsgxW,0,0
Mon Aug 12 22:37:40 +0000 2024,1823126736630079527,exact,Εντοπίστηκε απανθρακωμένη σορός γυναίκας στο Πάτημα Βριλησσίων #φωτια #φωτιά #πυρκαγια #Βαρναβα #Μαραθώνας #GreeceFires #Greece  #wildfires  https://t.co/V7HOcQqc5G https://t.co/KJE8xSrmY7,3,1
Mon Aug 12 22:37:04 +0000 2024,1823126584175243679,exact,"@user Έτσι είναι τα σωστά τα σχέδια, τα οργανωμένα. Και θα σας δώσω και αποκλειστική είδηση: το επόμενο αντεθνικό σχέδιο είναι φωτιά να ξεκινήσει από Διδυμότειχο και να κάψει την Κρήτη. Θα το δείτε και δεν θα το πιστεύετε.",0,0
Mon Aug 12 22:36:36 +0000 2024,1823126465757786353,exact,@user @user ήταν μεγάλη η φωτιά στα τέμπη;,1,0
Mon Aug 12 22:36:31 +0000 2024,1823126445612208430,exact,@user @user @user Έγινες σοφότερος ή βελτιώθηκες σε κάτι που είδες μια φωτιά στη Καλιφορνια κ μια στον Αμαζόνιο. Παρακολουθείς καθημερινα τις πυρκαγιες παγκοσμίως ή σήμερα σ’επιασε η περιέργεια; https://t.co/T5q2z5KGJ7,1,0
Mon Aug 12 22:36:29 +0000 2024,1823126437156581428,exact,Γλυφάδα: Συνελήφθησαν δύο νεαροί που έβαλαν τη φωτιά στην Τερψιθέα https://t.co/YikahITrxu #OknewsGr μέσω @user,0,0
Mon Aug 12 22:36:07 +0000 2024,1823126343795810665,exact,Νέο 112 για Μαραθώνα – «Φωτιά σε δασική έκταση» https://t.co/4cByQX83To https://t.co/lc9AWvZAXV,1,0
Mon Aug 12 22:36:01 +0000 2024,1823126319443644843,exact,Άρχοντας των δαχτυλιδιών και βλακειες...  Η απόλυτη τριλογία είναι μία:  Βασίλης Κικιλιας: Η συντροφιά του κοροναϊού. Βασίλης Κικιλιας: Οι δίδυμοι πύργοι του τουρισμού. Βασίλης Κικιλιας: Η καταστροφή της Αττικής. #φωτιά,11,1
Mon Aug 12 22:35:55 +0000 2024,1823126297054265416,exact,@user K στα 2 η ίδια κυβέρνηση . Απλά το γράφω γιατί μερικές φορές το ξεχνάτε.  Έβγαλαν καινούργιο τραγουδάκι Αν σας καεί το σπιτάκι  Δε μας καίγεται καρφακι Δε πανκ όλα να καούν  Μόνο τη μάσα μη χάσουμε στο γιουσουρουμ,3,0
Mon Aug 12 22:35:51 +0000 2024,1823126277622059368,exact,Κεργιάκος ο Συντονιστής  #Φωτια_τωρα #φωτιατωρα  #φωτια_πεντελη  #φωτιά #Πυρκαγια #Πεντελη #πυρκαγιας #Πυροσβεστες,0,0
Mon Aug 12 22:35:42 +0000 2024,1823126242238857424,exact,@user Ο ΠΘ ήρθε και έβαλε φωτιά,0,0
Mon Aug 12 22:35:33 +0000 2024,1823126202636521480,exact,@user Α συγγνώμη δεν το ξερα ότι πάει ανάλογα με τον πληθυσμό η φωτιά.,1,0
Mon Aug 12 22:35:02 +0000 2024,1823126074752106535,exact,"@user Ανάρτηση του Δήμου Γλυφάδας:  Σε εμπρησμό οφείλεται η πυρκαγιά που εκδηλώθηκε λίγο πριν από τις 8 το βράδυ σε δύσβατη περιοχή, πίσω από το γήπεδο ποδοσφαίρου της Τερψιθέας. Δύο νεαροί εθεάθησαν «επί το έργον», κυνηγήθηκαν από κατοίκους, αναγνωρίστηκαν και συνελήφθησαν...",2,0
Mon Aug 12 22:34:53 +0000 2024,1823126033425465587,exact,#φωτιά #πυρκαγιά  #Χάθηκε στη Νέα  Πεντέλη. https://t.co/77me6Lo0LB,64,219
Mon Aug 12 22:34:40 +0000 2024,1823125982464938342,exact,Αντί λοιπόν να αλληλοκατηγορείστε κρατήστε αυτόν τον παράγοντα για τη συνέχεια. Και δεν εννοώ μόνο για όταν επιτέλους θα έχει κατασβεστεί η πυρκαγιά…,0,1
Mon Aug 12 22:34:40 +0000 2024,1823125979868393974,exact,Μόνο κομματόσκυλα είναι ευχαριστημένα ή δυσαρεστημένα σήμερα. Ο άνθρωπος που ψήφισε Μητσοτάκη απλά γιατί του φάνηκε προτιμότερος από άλλους και κινδύνευσε η ζωή του ή είδε το σπίτι του να καίγεται είναι ΑΚΟΜΑ πιο εξοργισμένος από άλλους που ψήφισαν οτιδήποτε  άλλο.,4,3
Mon Aug 12 22:34:40 +0000 2024,1823125978677178851,exact,@user Αυτό που ο κόσμος καίγεται και εσείς ασχολείστε με το 41%χρήζει ψυχιατρικης βοήθειας!!,0,0
Mon Aug 12 22:34:05 +0000 2024,1823125833285784011,exact,"Κάτι άσχετο, όσοι αναφέρουν τον Συνολάκη τι νομίζουν ότι κάνουν; Είναι τόσο ηλίθιοι ή το παίζουν; Δεν είχε ισχυριστεί ότι θα σβηστούν οι πυρκαγιές, είχε ισχυριστεί ότι μπορούσε να γίνει σε σύντομο χρονικό διάστημα εκκένωση στο Μάτι ώστε να αποφευχθούν οι νεκροί (Τουλ όχι όλοι).",5,0
Mon Aug 12 22:33:54 +0000 2024,1823125788108943731,exact,Το σπιτι καίγεται και ενα καρο πυροσβεστες κάθονται και το κοιτάνε. Γτ? #φωτιά,3,0
Mon Aug 12 22:33:51 +0000 2024,1823125775845142624,exact,Στο σημειο 1 ξεκινησε χθες η πυρκαγια. Στο σημειο 2 απανθρακωθηκε γυναικα σημερα. Στο μεταξυ η πυρκαγια εκαιγε ανεξελεγκτη... Ο μηχανισμος ηταν σε ΠΛΗΡΗ ετοιμοτητα. ΝΤΡΟΠΗ ΣΑΣ  #φωτια  #πυρκαγιά #Αττική https://t.co/xUChAzpLbJ,34,7
Mon Aug 12 22:33:12 +0000 2024,1823125611096756339,exact,"@user @user Ανάρτηση του Δήμου Γλυφάδας:  Σε εμπρησμό οφείλεται η πυρκαγιά που εκδηλώθηκε λίγο πριν από τις 8 το βράδυ σε δύσβατη περιοχή, πίσω από το γήπεδο ποδοσφαίρου της Τερψιθέας. Δύο νεαροί εθεάθησαν «επί το έργον», κυνηγήθηκαν από κατοίκους, αναγνωρίστηκαν και συνελήφθησαν..",1,0
Mon Aug 12 22:32:57 +0000 2024,1823125547620131143,exact,@user Την ζωη που κάνω εγώ ούτε στο υπνο σου δεν μπορείς να φτάσεις σκουπίδι που θα μιλήσεις για μένα.  Πάνε σβήσε κσμμια φωτιά με τα Τουρκακια και μην σκύβεις πολύ μην σε σχισουν black mamba 🤣,3,0
Mon Aug 12 22:32:34 +0000 2024,1823125454154510719,exact,Στα Βριλήσσια.   Λες και είμαστε στην μεγάλη πυρκαγιά του Λονδίνου το 1600.,3,0
Mon Aug 12 22:32:24 +0000 2024,1823125412131536978,exact,Θανατική ποινή στους εμπρηστές   ΤΕΛΟΣ   #Πυρκαγια #φωτια,11,0
Mon Aug 12 22:32:24 +0000 2024,1823125408528662861,exact,Τα κομματόσκυλα καπηλευουν  το μάτι κάθε φορα που έχουμε φωτιές. Αυτοί ψηφίζουν ότι και να γίνει αρκεί το βόλεμα στο δημόσιο να είναι όπως το θέλουν. #πυρκαγια,0,0
Mon Aug 12 22:32:02 +0000 2024,1823125319479427465,exact,@user @user Ότι έπρεπε να πάει αυτός να βάλει τα κανόνια ενώ δεν υπήρχε ακόμα φωτιά εκεί και δεν έπρεπε να πάει η αστυνομία ή η πυροσβεστική ας πούμε; Έπρεπε να πάει ο Αντώνης;  #φωτια #φωτια_πεντελη,0,0
Mon Aug 12 22:32:00 +0000 2024,1823125309509767329,exact,4 μπάτσοι για ένα σκύλο (να είναι καλά το μικρακι) αλλά κανένας στο κτίριο που ξέμεινε η γυναίκα οπως διαβάζω και κάηκε ζωντανή.. Και του χρόνου! Ρε τι ζούμε ρε?!!! #φωτια,2,0
Mon Aug 12 22:31:34 +0000 2024,1823125201241944483,exact,"@user Όταν καίγεται το σπίτι ρε στοκε χλεχλε θα βρίσεις αυτόν που στο άφησε να καεί. Πάνε οι περιουσίες, πάνε οι κόποι τον ανθρώπων αλλά βέβαια να μη σου βρίσουν τον αφεντικό. Υποτακτικοί μια ζωή.",0,0
Mon Aug 12 22:31:27 +0000 2024,1823125171672318407,exact,"@user Ανάρτηση του Δήμου Γλυφάδας:  Σε εμπρησμό οφείλεται η πυρκαγιά που εκδηλώθηκε λίγο πριν από τις 8 το βράδυ σε δύσβατη περιοχή, πίσω από το γήπεδο ποδοσφαίρου της Τερψιθέας. Δύο νεαροί εθεάθησαν «επί το έργον», κυνηγήθηκαν από κατοίκους, αναγνωρίστηκαν και συνελήφθησαν..",1,0
Mon Aug 12 22:30:54 +0000 2024,1823125034493251720,exact,"Τερη μάζεψε τον, θα την κάψει τη χώρα   #Κικιλιας #Μητσοτακης #φωτια #φωτια_πεντελη #Φωτια_τωρα https://t.co/30u2FqdWI5",9,2
Mon Aug 12 22:30:53 +0000 2024,1823125027606393244,exact,"Με  κυβερνηση Μητσοτακη οι νεκροι απο πυρκαγιες και πλημμυρες περνανε στα ψιλα ,ουτε για φτυσιμο δεν τους εχουν  ο Κουλης και οι μαφιοζοι καναλοχορηγοι  του  #φωτια #πυρκαγια #συμμορια_Μητσοτακη",7,0
Mon Aug 12 22:30:25 +0000 2024,1823124912439009724,exact,Φωτιά στη Θεσσαλονίκη στο πρώην στρατόπεδο Καρατάσιου https://t.co/bF4j5XW5xT,0,0
Mon Aug 12 22:30:14 +0000 2024,1823124865597243761,exact,"Βάλτε τίτλο... Εγώ προτείνω τα:  ""Οι αποτυχημένοι "" ή το "" Δύο Νέρωνες"" #φωτια #πυρκαγια #πυρκαγιας #Φωτια_τωρα #Πεντελη #Αττικης https://t.co/ckAL2AJheI",93,20
Mon Aug 12 22:30:11 +0000 2024,1823124851084939490,exact,@user Τα ίδια με πέρσι τέτοιο καιρό με τη φωτιά στην Αλεξανδρούπολη! Κατακάηκαν τα πάντα και δεν ακούστηκε το παραμικρό στα κανάλια!  Ξεφτίλα ξεφτίλα αλήθεια,3,0
Mon Aug 12 22:30:00 +0000 2024,1823124806016856290,exact,Τεράστιες φλόγες καίνε τον Γέρακα!Συγκλονίζουν πολίτες και ιερέας που προσπαθούν να σβήσουν τη φωτιά(vid) https://t.co/CF8hdSamcx,2,0
Mon Aug 12 22:30:00 +0000 2024,1823124805983281547,exact,Φωτιά στην Αττική / Εντοπίστηκε απανθρακωμένο πτώμα στο Πάτημα Βριλησσίων https://t.co/nD2zMu04ua,0,0
Mon Aug 12 22:29:54 +0000 2024,1823124782621286419,exact,"Συγγνώμη αλλά θεωρείτε ότι είναι ανίκανη η #κυβερνηση_Μητσοτακη ???? Όχι βέβαια.....το να προσποιούνται ότι είναι ανίκανοι να αντιμετωπίσουν καταστάσεις , πχ #πυρκαγιές , #φωτια  , λαθρομεταναστευτικο κλπ είναι ένας τρόπος ΕΠΙΒΟΛΗΣ ΤΗς ΑΤΖΕΝΤΑΣ ΤΟΥΣ  ΞΥΠΝΉΣΤΕ!!!! #Βριλήσσια",98,21
Mon Aug 12 22:29:51 +0000 2024,1823124766808801355,exact,"@user Ψάξε ρε μαλάκα να δεις ποιος είναι ο Ζερεφός και μετά μίλα.  Ο άνθρωπος πριν 50 χρόνια ήταν από τους πρώτους που μίλησαν για τρύπα όζοντος. Συντάκτης της Σύμβασης Μόντρεαλ. Χέστηκε για τους πατοζαιους, είναι έτη φωτός μπροστά τους στα 80φευγα του.  Ναυάγιο.  #συριζα_τσιρκο #φωτια",5,1
Mon Aug 12 22:29:50 +0000 2024,1823124763327320510,exact,αχόρταγη είναι η νύχτα για έρωτα  κι ο ευκολόπιστος αστέρας  πέφτει και καιγεται στην αγκαλιά της...,4,2
Mon Aug 12 22:29:26 +0000 2024,1823124663582556197,exact,Ηλεία: Φωτιά στην Μανωλάδα – ΦΩΤΟ https://t.co/kqU9GUznX4,0,0
Mon Aug 12 22:29:22 +0000 2024,1823124645421142226,exact,#Βρεθηκε μετά τις #φωτιες Είναι το ΑΤ #Πεντελης  Τον αναγνωρίζει κανείς; #βρεθηκε_πεντελη  #ζωα #ζωασεαναγκη #ζωα_φωτια #φωτια #πυρκαγια #διασωση #εθελοντες #ζωα #Πεντελη https://t.co/S5c9ppiL0f,5,13
Mon Aug 12 22:29:13 +0000 2024,1823124608016613741,exact,Να τους πει ποιος και τι σε αυτούς τους ανθρώπους?  #φωτιατωρα #φωτια #πυρκαγιά #πυρκαγιας #Πεντελη https://t.co/DtIYc480Km,11,1
Mon Aug 12 22:29:01 +0000 2024,1823124557579837929,exact,"Για να καταλάβετε τι είναι ο Έλληνας   Όλη του ζωή μπορεί να τρώγεται με τον γείτονα , να τον βριζει , να μη τον γουστάρει αλλά όταν θα κινδυνέψει πραγματικά θα τρέξει να τον βοηθήσει ( και το ανάποδο )   Στα δύσκολα ενωνόμαστε και ξεπερνάμε χρώματα ιδεολογίες και όλα   #φωτια",7,1
Mon Aug 12 22:28:48 +0000 2024,1823124502529597558,exact,"@user Καλά όταν σου πάει εσένα μη βρίσεις κανένα , πήγαινε πες τους παιδια όλα καλά ναναι καλά το κράτος.  Μάλλον εσυ είσαι ο άρρωστος ,γιατί  αποκαλείς άρρωστο έναν που του καίγεται το σπίτι κ έβρισε μια κομματική παράταξη. Btw είμαι κ ΝΔ",0,0
Mon Aug 12 22:28:40 +0000 2024,1823124469944295878,exact,Πέτα κανά χαρταετό ρε σκατομaλάka και άσε την πυρόσβεση στους ειδικούς... Σκaτομαλάκa!!!! #φωτια #Φωτια_τωρα #πυρκαγιά https://t.co/wiy39wIKUw,4,0
Mon Aug 12 22:28:30 +0000 2024,1823124430085923287,exact,Φωτιά στην Αττική: Βρέθηκε απανθρακωμένη γυναίκα σε επιχείρηση στο Πάτημα Χαλανδρίου -Σε επιφυλακή οι δυνάμεις πυρόσβεσης για τις διάσπαρτες εστίες και τις συνεχείς αναζωπυρώσεις – Συνεχής ενημέρωση https://t.co/o47X71lGHh,0,0
Mon Aug 12 22:28:28 +0000 2024,1823124418882945344,exact,"@user Μακάρι η φωτιά στο σπίτι σου, για 20€ πουλάς την μάνα σου και τα παιδιά σου ανθρωπάκο.",28,0
Mon Aug 12 22:28:20 +0000 2024,1823124385193996540,exact,@user Καίγεται όλη η Αγγλία φίλε φιλελέρα;,0,0
Mon Aug 12 22:27:54 +0000 2024,1823124275898806630,exact,Βρέθηκε σορός πιθανόν γυναίκας σε επιχείρηση με πλακάκια  #φωτια #Βριλησσια #Αττικη #πυρκαγιά  https://t.co/CdU1MwlueE https://t.co/bDAaW6wZGU,5,1
Mon Aug 12 22:27:47 +0000 2024,1823124246794846459,exact,"Φωτιά τον έφερε, φωτιές θα τον διώξουν #Μητσοτακης  #φωτια",10,1
Mon Aug 12 22:27:44 +0000 2024,1823124237323751524,exact,Ο ηθικός αυτουργός για τον θάνατο αυτής της γυναίκας. #φωτιά #Χαλάνδρι #Βριλήσσια #Βαρνάβας #Πυρκαγιά #Πεντέλη https://t.co/zRzVEQMWsk,43,13
Mon Aug 12 22:27:26 +0000 2024,1823124162426134643,exact,Δήμαρχος Βριλησσίων: Η φωτιά έχει περικυκλώσει τα Βριλήσσια από τρεις πλευρές - Πολύ άσχημη η κατάσταση https://t.co/l8xlATIDYZ https://t.co/PurDpW68Ds,0,0
Mon Aug 12 22:27:23 +0000 2024,1823124146626204133,exact,"@user Βέβαια οι επαγγελματίες εμπρηστες και οι ""άπιαστοι"" δεν πάνε να βάλουν φωτιά! Αυτά τα κάνουν μόνο κάποιοι ανόητοι μοναχικοί πειραγμενοι.  Τη φωτιά τη βάζουν με τέτοιο τρόπο ώστε οι ίδιοι να είναι πολλά χιλιόμετρα μακριά και ασφαλείς.",0,0
Mon Aug 12 22:26:42 +0000 2024,1823123976257978623,exact,Γιατί καίγεται πάλι η Πεντέλη: Η αναδάσωση - «άρπα κόλα» και το πόρισμα των Γάλλων το 2018 https://t.co/ICSh4sxfid,0,0
Mon Aug 12 22:26:29 +0000 2024,1823123919852777700,exact,Η φωτιά στον Ορβηλο παίζει να πλησιάζει Άρτα,0,0
Mon Aug 12 22:26:28 +0000 2024,1823123915532611832,exact,Κάθε χρόνο τα ίδια και εδώ μέσα τσακώνεστε για το ποιος την είχε πιο μεγάλη …τη φωτιά ή την στρατηγική πυρόσβεσης …..την ίδια ώρα οι άλλοι καίγονται.,1,0
Mon Aug 12 22:26:07 +0000 2024,1823123830308753584,exact,Αριστερά βουνά μιας υπανάπτυκτης χώρας (Ιαπωνία) καταπράσινα και χωρίς #ανεμογεννήτριες. Δεξιά βουνά μιας χώρας όλο ανάπτυξη (Κουλιστάν) καμμένα &amp; τίγκα στις #ανεμογεννητριες. #πυρκαγιά #φωτια #φωτια_πεντελη #ΝΔ_εγκληματικη_εργανωση #Μητσοτακης #Φωτια_τωρα #ΝΔ_ΑΛΗΤΕΣ https://t.co/Y4HjrspGPG,11,4
Mon Aug 12 22:26:02 +0000 2024,1823123808745566314,exact,"@user @user Άντε ρε νούμερα που χοροπηδούσατε στα φέρετρα. Τυμβωρύχοι. Για μια φωτιά που τελειωσε σε 1,5 ώρα",0,0
Mon Aug 12 22:26:00 +0000 2024,1823123801678205212,exact,"@user ""Αφήστε τα κατατρεγμένα αθώα παιδιά ελεύθερα και δείξτε κατανόηση και αλληλεγγύη αν τυχών ξεκίνησε η φωτιά από δικές τους ατυχείς ενέργειες βρε φασίστες πατριώτες ελληναράδες"" Κάτι τέτοια θα λένε οι καμμένοι εγκέφαλοι ως απάντηση.Και είναι πολλοί μάλιστα και υψηλόβαθμοι. Πρόβλημα",3,0
Mon Aug 12 22:25:23 +0000 2024,1823123646061113441,exact,Φωτιά Αττική: Εντοπίστηκε σορός απανθρακωμένης γυναίκας στο Πάτημα Χαλανδρίου #φωτια_πεντελη #Φωτια_τωρα #Πεντελη #πυρκαγιας https://t.co/ZEWC2B8ttN,4,2
Mon Aug 12 22:25:07 +0000 2024,1823123576637243687,exact,"Φωτιά στην Αττική: Στην κατηγορία megafire, περισσότερα από 100.000 στρέμματα έχουν γίνει στάχτη!Τρομάζει η εικόνα της πυρκαγιάς που «ξέσπασε» στον Βαρνάβα το μεσημέρι της Κυριακής! https://t.co/VOtMlbTCkf https://t.co/3bfF8Vbz9T",3,0
Mon Aug 12 22:25:02 +0000 2024,1823123557418746247,exact,Απανθρακωμένη γυναίκα στα Βριλήσσια.... από την φωτιά που ξεκίνησε από τον Βαρνάβα... Μητσοτάκη παραιτήσου... Κικίλια το ίδιο... πούλο,57,7
Mon Aug 12 22:24:44 +0000 2024,1823123481510187105,exact,Ρε τι μαλακιες λέτε ότι καίγεται η χώρα;; άνοιξα την τηλεόραση και δε λέει τίποτα ούτε γιατί Αθηνά ουτε για Θεσσαλονίκη. Άσχετα που κάθομαι μπαλκόνι εύοσμο και μυρίζει έντονα κάπνα.,0,0
Mon Aug 12 22:24:41 +0000 2024,1823123468730392645,exact,"Στην αρχή υπήρχε φήμη για αγνοούμενο και ελάχιστα μέσα το ανέφεραν.Βγηκε μάλιστα και το φυντανι της Πυροσβεστικής να το διαψεύσει.Και τωρα μαθαίνουμε ότι αυτή η γυναίκα δεν προλάβε,δεν μπόρεσε κάηκε μόνη της ζωντανή και αβοήθητη μέσα στην ΑΘΗΝΑ! Έχετε πιάσει ΠΑΤΟ!!!#φωτια",8,2
Mon Aug 12 22:24:28 +0000 2024,1823123413449277450,exact,ΣΑΣ ΠΑΡΑΚΑΛΩ ΘΕΡΜΑ.  Σταματήστε να το παίζετε στεναχωρημένοι. Σταματήστε να το παίζετε ψυχόπονοι. Σταματήστε να κοροϊδεύετε τον εαυτό σας. ΟΛΟΙ ξέρουμε πως σε 5 μέρες όλο αυτό θα ξεχαστεί.  Γιατί τόσο για τον πουτσο έχουμε γίνει σαν κοινωνία.  #φωτια #πατημα #βριλησσια #πυρκαγια,24,0
Mon Aug 12 22:24:25 +0000 2024,1823123402279821685,exact,@user Συνελήφθησαν οι 2 μαθητές γυμνασίου που έβαλαν τη φωτιά. Πιάστηκαν επ αυτοφώρω. Δικαιώθηκαν τα μητσοτακοπρόσκυλα που μιλούσαν για οργανωμένο σχέδιο.,3,0
Mon Aug 12 22:24:25 +0000 2024,1823123401545797901,exact,Φωτιά στην Αττική: Τα μέτρα του υπουργείου Υγείας – Ποια νοσοκομεία βρίσκονται σε ετοιμότητα https://t.co/3uA6QjUWpz https://t.co/7bWTeo85X5,1,1
Mon Aug 12 22:24:23 +0000 2024,1823123390917415334,exact,Δε γαμιεται ο Μητσοτάκης.  Γαμιεστε όλοι εσείς το 60% που προτιμησατε να πάτε για μπάνιο το Μάιο ή να καυλαντιζετε πίνοντας φρεντο και μας τον κατσικώσατε άλλη μια 4ετια. ΖΩΑ!!!!!! #φωτια,16,4
Mon Aug 12 22:24:18 +0000 2024,1823123373141917883,exact,@user Θα αγοράζαμε ακόμα 400 νέα περιπολικά για την ΕΛΑΣ να μπορούν να δέρνουν άνετα τη φωτιά μιας κ πυροσβεστικά όπως κ πυροσβέστες δεν χρειαζόμαστε άλλους  απλά το χειμώνα τους δέρνουμε.,0,0
Mon Aug 12 22:24:15 +0000 2024,1823123357661016197,exact,Διέψευσε ο εκπρόσωπος της πυροσβεστικής νωρίτερα ενώ πριν λίγο επιβεβαιώθηκε;;; Μάλιστα. #φωτια,4,1
Mon Aug 12 22:23:52 +0000 2024,1823123262706004173,exact,"Δεν μπορεί κάθε χρόνο να γινόμαστε στο «ίδιο έργο θεατές», δεν μπορεί η πυρκαγιά να φτανει στον αστικό ιστό της πρωτεύουσας, δεν μπορεί να αφήσουμε καμμένη γη στην επόμενη γενιά. Πρέπει να ξαναδούμε το σύστημα πρόληψης και καταστολής από το μηδέν και να το στήσουμε όλο εξ αρχής… https://t.co/Jl6rjPm61i",0,0
Mon Aug 12 22:23:42 +0000 2024,1823123220423217533,exact,Νεο 112 πριν λιγο .   #φωτια https://t.co/teMYK2rh6h,8,0
Mon Aug 12 22:23:37 +0000 2024,1823123198436835760,exact,"@user ...όταν καίγεται το σπίτι της και την ώρα που προσπαθεί να το σώσει είναι τσίτα από οργή/απόγνωση εσύ γράφεις τέτοιες παπαριές, ε είσαι άρρωστος.",0,0
Mon Aug 12 22:23:31 +0000 2024,1823123175065927878,exact,Κατά πληροφορίες η άτυχη γυναίκα δεν κατάφερε να βγει από το κτήριο της επιχείρησης το οποίο κάηκε κατά το πέρασμα της πυρκαγιάς με αποτέλεσμα να χάσει τη ζωή της #φωτια #Φωτια_τωρα #Χαλανδρι #Βριλησσια  https://t.co/DgPesAeOh5,5,3
Mon Aug 12 22:23:25 +0000 2024,1823123150407610752,exact,#ΒΡΕΘΗΚΕ ΣΤΗΝ ΠΛΑΤΕΙΑ #ΠΑΛΙΑΣΠΕΝΤΕΛΗΣ ΑΡΣΕΝΙΚΟ ΜΕ ΓΑΛΑΖΙΟ ΚΟΛΑΡΟ ΑΝ ΤΟ ΓΝΩΡΙΖΕΤΕ ΕΠΙΚΟΙΝΩΝΗΣΤΕ ΜΕ #DOGVOICE ΣΤΟ ΠΑΛΑΙ ΓΑΛΑΤΣΙΟΥ  #βρεθηκε_πεντελη #Πεντελη #Πεντελης #ζωα #ζωασεαναγκη #ζωα_φωτια #φωτια #πυρκαγια #διασωση #εθελοντες #ζωα https://t.co/eifUOiMFAA,1,17
Mon Aug 12 22:23:13 +0000 2024,1823123101040963644,exact,ΥΠΑΡΧΕΙ ΝΕΚΡΟΣ ΑΝΘΡΩΠΟΣ #φωτια #φωτιατωρα #Χαλάνδρι,3,0
Mon Aug 12 22:23:07 +0000 2024,1823123072729162097,exact,"Απανθρακωμένη γυναίκα. ΑΙ ΡΙΠΙΤ, ΑΠΑΝΘΡΑΚΩΜΕΝΗ ΓΥΝΑΙΚΑ.  Κλείστε το το ρημάδι να τελειώνουμε.  #φωτια",8,0
Mon Aug 12 22:23:01 +0000 2024,1823123050084077676,exact,Ευτυχώς που έχω κάνει τα σωστά άτομα μπλοκ εδώ μέσα αλλά τους κάνετε σκρινσοτ μετά και τους βλέπω 🫠 #φωτια,6,0
Mon Aug 12 22:22:47 +0000 2024,1823122989522522334,exact,Πυρκαγιά Αττική: Μια γυναίκα βρέθηκε απανθρακωμένη στο Πάτημα Βριλησσίων - Documento https://t.co/aBP4ats2EU,3,4
Mon Aug 12 22:22:47 +0000 2024,1823122988755308607,exact,"Παιδιά και πέρσι και πρόπερσι είχε νεκρούς στις φωτιές αλλά το non paper σε αυτα, είναι να μην έχει κανείς τον ίδιο αριθμό και να μπερδεύουν #φωτια #ΑΡΔ",3,0
Mon Aug 12 22:22:35 +0000 2024,1823122939337687124,exact,Ναι αλλά για την Μαρφιν δε λετε 🤡  #φωτια #Μητσοτακης #μητσοτακη_παραιτησου #μμε_ξεφτιλες #πυρκαγιας #Μητσοτακη_γαμιεσαι #ΝΔ_εγκληματικη_εργανωση #ΝΔ_ΑΛΗΤΕΣ #ΝΔ_Ξεφτίλες #paobc #OlympiacosFC #Αττικης #Πεντελη #Φωτια_τωρα #φωτιατωρα #κυβερνηση_Μητσοτακη #Κικιλιας #Βριλησσια https://t.co/CwtrvllFAe,9,4
Mon Aug 12 22:22:34 +0000 2024,1823122937337065836,exact,"@user @user @user Νε, αλλά δεν είδαμε χρισθό και μπαναΐα να σβήνουν καμία φωτιά, γάμο τον θεό τους.",0,0
Mon Aug 12 22:22:33 +0000 2024,1823122932341817789,exact,Η #φωτια στο Καρατάσου έσβησε! Ευτυχώς! Κανονίστε ρεμάλια  Τα μάτια σας 14 στο Σέιχ Σου,20,8
Mon Aug 12 22:22:30 +0000 2024,1823122918257426629,exact,"Εντοπίστηκε απανθρακωμένη γυναίκα!  Κάψατε τα δέντρα μας, τα σπίτια μας, κάψατε στα τρένα τα παιδιά και τ αδέλφια μας, μας καίτε ζωντανούς!!! ΑΛΗΤΕΣ! ΦΟΝΙΑΔΕΣ! ΚΑΘΑΡΜΑΤΑ!!!   #φωτια",12,0
Mon Aug 12 22:22:19 +0000 2024,1823122870836376007,exact,ανακαλυψε πως ειναι η αθηνα το καλοκαιρι το σοκ ηταν μεγαλο #πυρκαγια #φωτια https://t.co/X7digGAXQj,26,2
Mon Aug 12 22:22:12 +0000 2024,1823122844168913062,exact,"Στο Χαλάνδρι δεν πήγε η πυροσβεστική, πήγε ο Κασσελακης και τους κατούρησε κι έσβησε η φωτιά",18,2
Mon Aug 12 22:21:53 +0000 2024,1823122764871741818,exact,Φωτιά στην Αττική: Κάηκε το σπίτι του 65χρονου που καταδικάστηκε για την πυρκαγιά στο Μάτι - «Δεν έχω λόγια» https://t.co/n1p9F19lTM,9,1
Mon Aug 12 22:21:46 +0000 2024,1823122733686751615,exact,ΕΚΤΑΚΤΟ: Απανθρακωμένη βρέθηκε η γυναίκα στο Πάτημα Χαλανδρίου – Η Πυροσβεστική δήλωνε «Άγνοια για το περιστατικό»! (upd) https://t.co/IoFIhvLnXn #φωτια #Πυρκαγια #Αττικη #Ματι #Βαρναβα #Χαλανδρι #ΑνωΓλυφαδα #Μητσοτακης #Γερακα #Αναπαυσεως,4,0
Mon Aug 12 22:21:41 +0000 2024,1823122712988164509,exact,Τα ΣΚΑΤΑ της κοινωνίας #φωτια  #πυρκαγιας,4,0
Mon Aug 12 22:21:39 +0000 2024,1823122705505206343,exact,📌#Φωτια στην Αττική: Νεκρή γυναίκα μέσα σε κτίριο στο Πάτημα Βριλησσίων  https://t.co/datuPoLSUN,13,6
Mon Aug 12 22:21:31 +0000 2024,1823122672093737086,exact,"Πέρα από το να βάλει κάποιος φωτιά εσκεμμένα, πως παίρνει φωτιά ένα δάσος μέσα στη νύχτα; Τι το προκαλεί;",8,6
Mon Aug 12 22:21:26 +0000 2024,1823122650446606682,exact,@user Τί ζείτε στην Ελλάδα τί; Τί εφιάλτης δίχως τέλος είναι αυτός βρε Ρένα; Πρόσεχε μέσα στη φωτιά.,2,0
Mon Aug 12 22:21:13 +0000 2024,1823122597149569416,exact,Φωτιά στην Αττική: Κάτοικοι με δάκρυα στα μάτια και κουβάδες στα χέρια προσπαθούν να σώσουν ότι μπορούν https://t.co/4nzbzHYqBc,0,0
Mon Aug 12 22:20:57 +0000 2024,1823122529529040908,exact,"Όσο και να ΑΠΑΙΤΕΙΤΕ να παραιτηθεί η κυβέρνηση, όσες δεήσεις και να κάνετε, τόσο θα εξαντλείται η υπομονή μας.  Πάρτε το χαμπάρι ότι κάποια πράγμστα θέλουν χρόνο και υπομονή. Δεν είναι όλα του δευτερολέπτου.  #φωτια #πυρκαγια",2,0
Mon Aug 12 22:20:57 +0000 2024,1823122527691911309,exact,@user Το μεσο κεφαλι ηλιθιου Αιλλυνα:  Συγκρινει προγραμματισμενα γεγονοτα με τη φωτια νταλα 15Αυγουστο με 10 μποφορ. Νομιζει οτι η φωτια στα 800 μετρα ειναι Μαρβελ Κομικς και ορμανε οι 728 ή 10.000 πυροσβεστες 200 μετρα ψηλοτερα απο τον τελευταιο δρομο ή μονοπατι και καταπινουν φλογες,2,1
Mon Aug 12 22:20:37 +0000 2024,1823122445605171529,exact,Νεκρή γυναίκα από την πυρκαγιά στην Αττική – Βρέθηκε καμμένη έξω από το σπίτι της στο Πάτημα Βριλησσίων https://t.co/pSpEPWRB7u https://t.co/sVytFTySL9,34,13
Mon Aug 12 22:20:37 +0000 2024,1823122442975420821,exact,@user @user @user Δηλαδή συγκρίνουμε τη φωτιά στον Χολαργό κ τον Γέρακα με του Αμαζονίου κ θες σοβαρή συζήτηση κ επιχειρηματολογία; https://t.co/To7UTquAgc,2,0
Mon Aug 12 22:20:32 +0000 2024,1823122423572484381,exact,"Πόνος, θλίψη, οργή και απογοήτευση. Χωρίς πολλά λόγια.......🥲🥲😭💔  #φωτια #πυρκαγιας https://t.co/EeDWGAcd0J",10,2
Mon Aug 12 22:20:23 +0000 2024,1823122385404321806,exact,@user @user Εδώ μας έδωσαν και πυροσβεστικά οχήματα για να βοηθάμε και εμείς και για περιπολίες σε συνεργασία με την Πυροσβεστική 🤡 εκπαιδεύουν και άτομα να τα χειρίζονται και στην πυρόσβεση,1,0
Mon Aug 12 22:20:22 +0000 2024,1823122383781192151,exact,Φωτιά στην Αττική: Εκκενώνεται οικισμός στο Μαραθώνα https://t.co/tnSCKmBVHe,0,0
Mon Aug 12 22:20:19 +0000 2024,1823122371110146309,exact,Εντοπίστηκε απανθρακωμένη γυναίκα . Αυτό.   #φωτια,12,3
Mon Aug 12 22:20:06 +0000 2024,1823122315627974665,exact,Ο οποίος είναι καταρούλης! #Μητσοτάκης #ΝΔ_ΣΙΧΑΜΑΤΑ #φωτιά #πυρκαγιά,2,1
Mon Aug 12 22:19:32 +0000 2024,1823122171151212932,exact,"Τόσες φορές που ανακοινώνουν σε σαιτ ότι συνελήφθησαν δράστες και κρατούνται γιατί ποτέ δεν έχει ανακοινωθεί τι είπαν στη κατάθεσή τους, γιατί έβαλαν φωτιά, γιατί δεν ανακοινώνουν ονόματα και κυρίως αυτοί που συλλαμβάνουν είναι φυλακή?? Δεν καταλαβαίνω τι γίνεται #φωτια",7,0
Mon Aug 12 22:19:27 +0000 2024,1823122150632607992,exact,"Τον Αύγουστο του 2024 κάηκε ζωντανός άνθρωπος στα Βριλήσσια, από φωτιά που είχε ξεκινήσει μια μέρα πριν στο δάσος. Η επιτομή της αποτυχίας του επιτελικού κράτους.   #φωτια #φωτια_πεντελη #Φωτια_τωρα",67,21
Mon Aug 12 22:19:21 +0000 2024,1823122125416235245,exact,"@user Ρε μαλακα ταγματασφαλιτη, λαδεμπορα, ορφανό του Παττακού. Καίγεται η πρωτεύουσα της χώρας σου . Γελοίο υποκείμενο",2,0
Mon Aug 12 22:19:15 +0000 2024,1823122100766617906,exact,Φωτιά στην Αττική: Ολονύχτια μάχη στην Πεντέλη – Στις φλόγες επιχείρηση ξυλείας δίπλα στο δασαρχείο https://t.co/7LeX5PPA13,0,0
Mon Aug 12 22:19:08 +0000 2024,1823122072165286325,exact,"Ανίκανο φονικό κράτος... Η πρώτη νεκρή  ... Γυναίκα από την φονική #πυρκαγιά που έκαψε την μισή #Αθήνα , εντοπίστηκε στο Χαλάνδρι !!!  #Ελληνες #ΠΑΤΡΙΩΤΕΣ #Εθνικισμός #Κασιδιαρης #φωτια #ΝΔ_εγκληματικη_εργανωση #Νεα_Μακρη",16,2
Mon Aug 12 22:19:02 +0000 2024,1823122045854490763,exact,@user @user Η πυρκαγιά έχει βελτιωμένη εικόνα η γυναίκα που βρέθηκε απανθρακωμενη είχε δηλωθεί αγνουμενη από το απόγευμα που γινόταν χαμός..,4,0
Mon Aug 12 22:18:57 +0000 2024,1823122023604011495,exact,@user Η Ελλάδα καίγεται και εσύ με την τρύπα σου....,0,0
Mon Aug 12 22:18:51 +0000 2024,1823122000279396816,exact,Φωτιά στην Αττική: Συγκλονίζει η εικόνα πυροσβέστη μετά από μάχη με τις φλόγες (Photos) - Documento https://t.co/hHsM1XQmv0,0,0
Mon Aug 12 22:18:50 +0000 2024,1823121996944716029,exact,Μια γυναίκα απανθρακώθηκε στα Βριλήσσια από φωτιά που ξεκίνησε στον Βαρνάβα. Τι ζούμε...,1,1
Mon Aug 12 22:18:23 +0000 2024,1823121881383288853,exact,Φωτιά στην Αττική: Τον γύρο του κόσμου κάνουν οι εικόνες από την Αθήνα στις φλόγες – Τι μεταδίδουν τα διεθνή ΜΜΕ - https://t.co/FTjLWxGoXP,0,0
Mon Aug 12 22:18:17 +0000 2024,1823121857584718245,exact,"Η #φωτιά είναι ασύμμετρη απειλή. Δηλαδή με πολύ λίγα μέσα, μπορείς να προκαλέσεις τεράστια ζημιά.  Έτσι ασύμμετρη θα πρέπει λοιπόν να είναι και η ποινή για εμπρησμό.  Να «τελειώνει» ο εμπρηστής, να «τελειώνει» η ζωή του, να είναι ενα ζόμπι για όσο ζει, να βγαίνει από την φυλακή",109,13
Mon Aug 12 22:18:07 +0000 2024,1823121814626746439,exact,"@user Ε,ναι πήγαν έβαλαν τη φωτιά και μετά τα πέταξαν η τους έπεσαν χτες,μετατοπίστηκαν και τα βρήκε το λαγωνικό μέσα σε αυτόν το χαμό και κατάλαβε αμέσως ότι είναι και πλαστα.Στο fbi να την πάρουν,θα ζήσουμε και χωρίς αυτήν.",1,0
Mon Aug 12 22:17:59 +0000 2024,1823121782498357452,exact,@user πήγαινε πέσε στη φωτιά μούλε,19,0
Mon Aug 12 22:17:52 +0000 2024,1823121752467419368,exact,Όταν μου έκλεβε τα πρωταθλήματα η παραγκα δεν θα έπρεπε να βρίζω τον παραγκαρχη αλλα να φτιαξω καλύτερη ομάδα να κερδίζω και τους διαιτητές. Στα εξηγώ ωραια; #φωτια #πυρκαγιά,13,1
Mon Aug 12 22:17:42 +0000 2024,1823121710301712652,exact,Δύσκολη νύχτα στην τεράστια φωτιά της Αττικής - Την αποτυχία της κυβέρνησης καλύπτουν ηρωικοί εθελοντές (Photos - Video) - Documento https://t.co/1JxlC46O9O,0,0
Mon Aug 12 22:17:34 +0000 2024,1823121675715489846,exact,Το 2024 κάηκε άνθρωπος στα Βριλήσσια από φωτιά που ξεκίνησε σε δάσος που απέχει 40 χιλιόμετρα και έκαιγε ανενόχλητη επι δυο ημέρες.,741,215
Mon Aug 12 22:17:30 +0000 2024,1823121660658024803,exact,"Την πρώτη ΕΞΥΠΝΗ φωτιά παρυσιάζει η Ναβάγιος ΑΕ που καταφέρνει και ξεγελάει κάθε προσπάθεια ΑΙ προετοιμασίας με drones, ελικόπτερα, κάμερες και οσονούπω τους μόνιμους δορυφόρους!!!  Το μόνο σίγουρο είναι η μόνιμη παροχή καλής ποιότητας σανού στους ημεδαπούς μετόχους μας!! #φωτια https://t.co/pLpwy7CToU",1,1
Mon Aug 12 22:17:29 +0000 2024,1823121655721574721,exact,Λοιπόν η φωτιά θα σβήσει ανήμερα 15αύγουστου και θα είναι θαύμα ! Μην τολμήσετε οι άθεοι!,19,4
Mon Aug 12 22:17:21 +0000 2024,1823121624687632690,exact,"Ο Κασσελάκης στην κοσμάρα του, ακόμα και απ' τα υπόλοιπα κόμματα της αντιπολίτευσης μούγκα στη στρούγγα! Κανένας λόγος για παραίτηση της κυβέρνησης! Αυτή είναι η αντιπολίτευση τώρα! #ΝΔ_ΣΙΧΑΜΑΤΑ #φωτιά #πυρκαγιά",4,0
Mon Aug 12 22:17:12 +0000 2024,1823121583759839288,exact,"Γυρνάω απ’ τη δουλειά, ανοίγω την τηλεόραση να δω τι γίνεται και βλέπω αυτό! πόσο κρίμα.. #φωτια #πυρκαγιά https://t.co/SbVq7B1kTN",11,0
Mon Aug 12 22:17:05 +0000 2024,1823121554877686266,exact,Τελικά είναι ‘βιβλικές’ οι καταστροφές; Το κρατάμε αυτό σαν δήλωση κ παραδοχή; #φωτιά,5,1
Mon Aug 12 22:17:02 +0000 2024,1823121545079697918,exact,ΕΚΤΑΚΤΟ – ΦΩΤΙΑ ΤΩΡΑ ΑΤΤΙΚΗ: Βρέθηκε απανθρακωμένη σορός γυναίκας σε βιοτεχνία που κάηκε στα Βριλήσσια https://t.co/Ul471Jkerx,0,0
Mon Aug 12 22:16:57 +0000 2024,1823121522363371574,exact,Αφού πλέον οι φωτιές είναι υπό έλεγχο τελείωσανε κ οι μαραθωνιες μεταδόσεις από τα μέτωπα των φωτιών! 🤭#Φωτια,3,0
Mon Aug 12 22:16:47 +0000 2024,1823121482048016588,exact,@user @user άιντε από εδώ εσύ ... άιντε μου πια ... δεν δώσατε τίποτα στην πυροπροστασία ... ρήμαξε ο τόπος κάθε χρόνο καίγεται ... δε σας άφησαν οι μίζες μάλλον και οι απευθείας αναθέσεις ... καμμένη γη θα αφήσετε πραγματικά ... τομάρια ... και ο Κικίλιας θα αφήνει μούσι ...,0,0
Mon Aug 12 22:16:38 +0000 2024,1823121440855544192,exact,@user @user Ο κανονισμός λέει ότι σε συναγερμό πυρκαγιάς οι φαντάροι πρέπει να έχουν (από βοηθητικά) νερό και βρεγμένη πετσέτα...συν κανονικά την παραλλαγή. Η νέα παραλλαγή που σιγά σιγά θα υιοθετήσει ο ΕΣ θα είναι και από υλικό που είναι ανθεκτικό στην φωτιά,0,0
Mon Aug 12 22:16:36 +0000 2024,1823121433230467497,exact,Όσο για αυτούς με τα γκαζάκια να τα βάλουν όλα στο κωλο τους και να πάνε να γαμηθουν #φωτια #πυρκαγια,11,0
Mon Aug 12 22:16:31 +0000 2024,1823121413970055379,exact,"Έρχονται από #Σερβία 1 ελικόπτερο και 35 πυροσβέστες με 10 οχήματα, από #Ρουμανία 44 πυροσβέστες με 4 υδροφόρα οχήματα και από #Τουρκία δύο αεροσκάφη.  #φωτια #πυρκαγιες #αττικη",16,2
Mon Aug 12 22:16:29 +0000 2024,1823121405678088324,exact,"@user @user Εκκένωση νοσοκομείου σε καιρό ειρήνης και εσείς πανηγυρίζετε. Αφήστε το σόου και ασχοληθείτε με το πρόβλημα. Κάθε χρόνο τα ίδια και δεν σας νοιάζει τπτ, μόνο η εικόνα.",6,1
Mon Aug 12 22:16:27 +0000 2024,1823121395204674010,exact,Φωτιά στη Θεσσαλονίκη στο πρώην στρατόπεδο Καρατάσιου https://t.co/7hTqjZSx4u,0,0
Mon Aug 12 22:16:24 +0000 2024,1823121383234412886,exact,Κ όχι μόνον αυτά .....πρόδωσε τους Έλληνες ....ξεπούλησε την χώρα ΞΥΠΝΉΣΤΕ ΕΠΙΤΈΛΟΥΣ #φωτια #Φωτια_τωρα #φωτια_πεντελη #Βριλήσσια,9,1
Mon Aug 12 22:16:24 +0000 2024,1823121382487552366,exact,Καμία ελπίδα... #φωτιά #Πυρκαγιά,2,0
Mon Aug 12 22:16:15 +0000 2024,1823121344818745614,exact,Εντάξει παιδιά ποσταρατε όλοι Αργυρη Χιόνη. Τώρα ας πάρουμε  όλοι αμάξι για να πάμε περίπτερο και να παραγγείλουμε  φρεντο με ντελίβερι. #φωτιες #πυρκαγιά,2,0
Mon Aug 12 22:16:05 +0000 2024,1823121305312412134,exact,"Μαθητές γυμνασίου βάλανε την #φωτια. Ελπιζω αυτά τα 13-14 χρόνια που έζησαν, να ναι και τα τελευταία τους.",4,0
Mon Aug 12 22:15:56 +0000 2024,1823121266343350749,exact,"@user -2 που λέει εκτραπησαν προς φωτιά στην Άνω Γλυφάδα....πολύ μούσι, πολύ όμως!",0,0
Mon Aug 12 22:15:56 +0000 2024,1823121266200469688,exact,@user Τραγική ειρωνεία την ημέρα που καίγεται η Αττική,4,1
Mon Aug 12 22:15:52 +0000 2024,1823121250366955772,exact,"🔥❗️Νέα #πυρκαγιά έχει ξεσπάσει στην ελώδη περιοχή της Λάμιας στα όρια #Ηλείας και Αχαΐας στη Βουπρασία, κοντά στο #Κουνουπέλι. https://t.co/l0ln2Np0pm",9,12
Mon Aug 12 22:15:47 +0000 2024,1823121228938527081,exact,"@user Ελπιζω να καταφερουν να τη μαζεψουν γρηγορα ρε κοριτσι. Τωρα αν περιμενεις απο τα αρδακια να παραδεχτουν και 2η πυρκαγια σε αστικο ιστο, ειδικα ετσι και ξεφυγει, μαλλον θα γερασεις στην αναμονη. Στις Σερρες στο βουνο οπως ξερεις καιει 26 μερες τωρα και καμια αναφορα τα αρχιδια",1,0
Mon Aug 12 22:15:18 +0000 2024,1823121107425304754,exact,Όταν λέτε η φωτιά είναι μέσα στα Βριλήσσια τι εννοείτε; Πχ έφτασε η φωτιά στην Τσιμισκή; Ή είναι τύπου Ρετζίκι φάση;,28,4
Mon Aug 12 22:15:07 +0000 2024,1823121060109144520,exact,"#πυρκαγιας #φωτια  #Πεντελη  #Πάτημα_Χαλανδρίου  #ΠαλιάΠεντελη  #Καλλιτεχνούπολη  Απανθρακωμένη γυναίκα!! Ευτυχώς δεν έχουμε θύματα!;;Έχει καθόλου τσιπα ο πρωθυπουργός;Ξέρει τι πρέπει να κάνει!Η φωτιά ξεκίνησε μόνη της και θα σβήσει μόνη της!! Καμία αντιμετώπιση, κανένα σχέδιο! https://t.co/kmFX9mrmwC",2,0
Mon Aug 12 22:14:55 +0000 2024,1823121010134028354,exact,@user Σκάστε πια ρε κομματόσκυλα! Καίγεται το σύμπαν κι εσείς της ψωλης σας το χαβά!  Βλήματα,1,0
Mon Aug 12 22:14:46 +0000 2024,1823120971051712851,exact,Τι σκηναρα να καίνε τα ρούχα τους χορεύουν γύρω απ την φωτιά 🔥🔥🔥 Απ τις καλύτερες των #Stavloi 💔 https://t.co/gQvGMeFYwn,36,4
Mon Aug 12 22:14:34 +0000 2024,1823120923878175041,exact,#φωτιά #πυρκαγιά  #Βρέθηκε στη Λ. Γέρακα. https://t.co/KSUsF3i7de,60,207
Mon Aug 12 22:14:27 +0000 2024,1823120893976908141,exact,Όταν ο κουλης αδυνατούσε να αντιληφθεί τι σημαίνει πολιτική ευθύνη χωρίς παραιτηση…#πυρκαγιά  #φωτιά_πεντελη  #Βριλήσσια  #φωτια,13,2
Mon Aug 12 22:14:26 +0000 2024,1823120888914452746,exact,Φωτιά στην Αττική: Εκκενώνεται οικισμός στο Μαραθώνα https://t.co/0YEyKTfw5u,0,0
Mon Aug 12 22:14:26 +0000 2024,1823120888180437408,exact,"@user @user Αν και ΠΑΟΚ (μέχρι εκεί τα αθλητικά μου), το σύνθημα να το κράξω κι εγώ. Για την ανόητη γενίκευσή του σε μέρες που καίγεται ο τόπος από πυρκαγιές με ανίκανους καραγκιόζηδες να τις διαχειρίζονται, κράζω εσένα.",1,0
Mon Aug 12 22:14:24 +0000 2024,1823120880207069411,exact,"@user Με τέτοια φωτιά αν γελοιοποιούνται αυτές οι λιγδες,φαντάσου οι τής κυβέρνησης τι πρέπει να παθαίνουν .",3,0
Mon Aug 12 22:14:01 +0000 2024,1823120785005035804,exact,#Εκκενώθηκε η Μονή Αγίου Γεωργίου #Βρανά... Αναζωπύρωση στο #Μαραθώνα...  #φωτια #πυρκαγιες #αττικη,4,7
Mon Aug 12 22:13:59 +0000 2024,1823120776834568661,exact,"@user @user @user Γτ ποιος μαλακας κάνει ασφάλιση σπιτιού σε αστικό ιστό, που σε χώρα που δεν είναι ελλαδισταν, δε γίνεται να κινδυνεύει από πυρκαγιά",2,0
Mon Aug 12 22:13:45 +0000 2024,1823120717267030196,exact,@user Περιμένουν να πάρουν φωτιά τα σπίτια και μετά γίνεται επέμβαση δεν προλαβαίνουν να το σβήσουν όσο είναι μικρή αστεία.,1,0
Mon Aug 12 22:13:39 +0000 2024,1823120690322518450,exact,@user Κάθε καλοκαίρι καίγεται ο τόπος μας δυστυχώς!,0,0
Mon Aug 12 22:13:38 +0000 2024,1823120686459809884,exact,"@user Η κουβέντα αρχίζει και τελειώνει πως έχουν πάρει  την δασοπυροσβεση από την Δασική Υπηρεσία. Η κάθε περιοχή,το κάθε βουνό έχει την δικια του ιδιομορφία. Δεν κυνηγούσαν την φωτιά αλλά ήξεραν πού θα τους δωθεί η ευκαιρία να την σβήσουν και την έσβηναν",1,0
Mon Aug 12 22:12:53 +0000 2024,1823120498840281444,exact,Έχουμε νεκρό σε #φωτιά σύντροφοι https://t.co/Fy3S4St4bZ,0,0
Mon Aug 12 22:12:26 +0000 2024,1823120387493744710,exact,Αρχίσαμε να βρίσκουμε και νεκρούς   Δύναμη σε όλους εύχομαι   Υ.Γ Μην αρχίσετε όλα τα κομματοσκυλα να λέτε μαλακιες γιατί αν καταλαβαίνετε ξέρετε ότι όλοι έχουν βάλει το χέρι τους και όλοι οι πολιτικοί φταίνε...  Εδώ και χρόνια καίμε όλη την Ελλάδα φέτος ειπαμε για Αττική  #φωτιά,9,1
Mon Aug 12 22:12:20 +0000 2024,1823120358301384908,exact,Φωτιά στην Αττική: Σορός απανθρακωμένης γυναίκας βρέθηκε στα Βριλήσσια https://t.co/UfJOnCG2PA,0,0
Mon Aug 12 22:12:17 +0000 2024,1823120348121850177,exact,@user Λεπτομέρειες. Η γενική εικόνα είναι βελτιωμένη. Πριν 30 χρόνια βρήκαν  μετά από φωτιά στην Πάρνηθα έναν νεκρό με μαγιό και βατραχοπέδιλα πάνω σε δέντρο . Τον είχε πάρει Σινούκ στον κάδο του κατά λάθος και τον έριξε στην κατάσβεση. Shit happens always...,2,0
Mon Aug 12 22:12:16 +0000 2024,1823120342069416391,exact,Φωτιά στην Αττική: «Λυπάμαι που είμαι Έλληνας» &amp;#8211; Συγκλονίζει κάτοικος της Πεντέλης που τράκαρε για να γλιτώσει από τη φωτιά https://t.co/Lpg1KzgNT6,1,0
Mon Aug 12 22:12:13 +0000 2024,1823120329725874466,exact,Φωτιά στην Αττική: «Λυπάμαι που είμαι Έλληνας» &amp;#8211; Συγκλονίζει κάτοικος της Πεντέλης που τράκαρε για να γλιτώσει από τη φωτιά https://t.co/Lpg1KzhlIE,1,0
Mon Aug 12 22:12:06 +0000 2024,1823120299904356496,exact,"@user @user Βρε να ζητήσεις. Αν όμως ΤΗΝ ΩΡΑ που καίγεται το σπίτι σου εσυ κάθεσαι και ασχολείσαι με τέτοια, έχεις ή δεν έχεις πρόβλημα;",0,0
Mon Aug 12 22:11:58 +0000 2024,1823120265989042407,exact,Φωτιά στην Αττική: Ριπαίοι άνεμοι από τα ξημερώματα - Ελαφρώς βελτιωμένη η εικόνα στα πύρινα μέτωπα | LiFO https://t.co/dmvWDwSYmp,1,1
Mon Aug 12 22:11:49 +0000 2024,1823120230706487384,exact,@user Μα ειρωνικά το γράφω... διότι αυτά ήταν τα λόγια της ίδιας της κυβέρνησης ΝΔ. Το ερώτημα δεν είναι γιατί δεν νοικιάσαμε αυτό ή εκείνο... είναι ότι για πέμπτη χρονιά η ίδια κυβέρνηση είναι ανίκανη να σβήσει μια προβλεπόμενη πυρκαγιά μέσα στην Αθήνα. Πάλι.,0,0
Mon Aug 12 22:11:36 +0000 2024,1823120176679682187,exact,⚠️ Ενεργοποίηση 1️⃣1️⃣2️⃣ 🔥 Δασική πυρκαγιά στην Ελλάδα ❗ Παραμείνετε σε ετοιμότητα   Εκκενώστε το Πλανήτη   Μόνο αυτό δε μας έχουν στείλει ακόμα😢,13,4
Mon Aug 12 22:11:15 +0000 2024,1823120088712577412,exact,@user 1-0. Οι καιρικές συνθήκες φταίνε που μια μικρή φωτιά στον Βαρνάβα έφτασε 40 χιλιόμετρα μακριά και έκαψε το Χαλάνδρι. Ο κούλης που έχει διαλύσει τον κρατικό μηχανισμό για να βολέψει γαλάζιους αχρήστους δε φταίει. Κάνε και λίγο μπεεεεεε.,4,1
Mon Aug 12 22:11:10 +0000 2024,1823120066319204475,exact,Κατάλαβε η Κυβέρνηση οτι γελοιοποιηθηκε -και- με την πυρκαγιά και εβαλε τα μεγάλα μέσα να την ξελασπωσουν,0,0
Mon Aug 12 22:11:05 +0000 2024,1823120047189209312,exact,Φωτιά στην Αττική: Σορός απανθρακωμένης γυναίκας βρέθηκε στα Βριλήσσια #ΦΩΤΙΑ_ΤΩΡΑ #ΦΩΤΙΑ https://t.co/YUNehVH1PH,6,1
Mon Aug 12 22:11:05 +0000 2024,1823120046069268880,exact,#Φωτιά στην #Αττική: Βρέθηκε απανθρακωμένη σορός γυναίκας σε κτήριο που κάηκε στα Βριλήσσια https://t.co/CvhPgY4PnV,5,0
Mon Aug 12 22:11:00 +0000 2024,1823120023235559780,exact,"Γαλαζαίοι πρόπερσι: η χώρα δέχεται επίθεση, πλέον είναι θέμα της ΕΥΠ.  Γαλαζαίοι πέρσι: η χώρα δέχεται επιθεση, πλέον είναι θέμα της ΕΥΠ.  Γαλαζαίοι φέτος: η χώρα δέχεται επιθεση, πλέον είναι θέμα της ΕΥΠ.  Γαλαζαίοι του χρονου : η χώρα δέχεται επιθεση, πλέον είναι θέμα της ΕΥΠ.",103,18
Mon Aug 12 22:10:46 +0000 2024,1823119964364218715,exact,@user Τom Hardαλιας και Bill κιkillιας Δυάδα φωτιά,0,0
Mon Aug 12 22:10:44 +0000 2024,1823119955681787967,exact,Εν ετει 2024 να καίγεται άνθρωπος 15 χιλιόμετρα από το κέντρο της Αθήνας από μια ανεξέλεγκτη πυρκαγιά 2 ημερών.. Ντροπή και μόνο... #φωτια,25,1
Mon Aug 12 22:10:42 +0000 2024,1823119950149775625,exact,"@user Απλά, δείτε πως έσβησε η πυρκαγιά στο ίδιο μέρος (Βαρνάβας), το 2021! Ποιός θα αποζημιώσει την Ελλάδα από αυτές τις επιπτώσεις του εμπάργκο της Ε.Ε. στη Ρωσία?  Η φον ντερ Λάιεν? https://t.co/yHYNEmvnf3",3,3
Mon Aug 12 22:10:13 +0000 2024,1823119827596435538,exact,Φωτιά στην Αττική: Αναζωπύρωση στη «γραμμή» Γραμματικού – Μαραθώνα https://t.co/zz4ATLamVE https://t.co/Jc8c8Z9h9A,2,0
Mon Aug 12 22:10:12 +0000 2024,1823119822248722647,exact,Φωτιά στη Γλυφάδα – Χειροπέδες σε 2 μαθητές γυμνασίου https://t.co/pUoZTqPXfo https://t.co/3k9FSTEqOO,2,0
Mon Aug 12 22:10:09 +0000 2024,1823119812580794673,exact,Δείτε τι πρέπει να κάνετε αν μπει καπνός από φωτιά στα μάτια σας! https://t.co/AXG84lQPza https://t.co/RmNvut6C9P,1,0
Mon Aug 12 22:09:55 +0000 2024,1823119753650540689,exact,"Όπως το πάνε,   σε λίγο θα μας βάλουν ανεμογεννήτριες και στον κωλο #πυρκαγιά #Φωτια_τωρα  #φωτια",14,0
Mon Aug 12 22:09:55 +0000 2024,1823119751318491618,exact,#φωτιά #πυρκαγια  Διασώθηκαν και βρίσκονται στον σταθμό του dogs' voice στο Γαλάτσι. https://t.co/HZOyiAYmFc,24,66
Mon Aug 12 22:09:21 +0000 2024,1823119611036107077,exact,"Δεν έχω βρεθεί σε τέτοια κατάσταση με φωτιά και πραγματικά γενικά δεν είμαι τέρας ψυχραιμίας αλλά  έχω 5 γατιά,και τα 5 θα τα φόρτωνα σε γατοφόρους στο αμάξι και θα έφευγα.Πώς μπορείτε κάποιοι και τα εγκαταλείπετε,δεν σημαίνουν τίποτα για σας, δεν είναι οικογένεια;#φωτια",17,2
Mon Aug 12 22:08:40 +0000 2024,1823119436729213408,exact,Απανθρακωμένη σορός στο Πάτημα Χαλανδρίου. Καθήκια ούτε θα σας συγχωρήσουμε ποτέ #φωτιά,11,0
Mon Aug 12 22:08:34 +0000 2024,1823119411802231253,exact,#φωτιά #πυρκαγιά  #Χάθηκε στην Νεα Πεντέλη. https://t.co/mITLpF5wMr,44,172
Mon Aug 12 22:08:21 +0000 2024,1823119358631068053,exact,@user Κανένα προτεκτοράτο δεν έπεσε για μια φωτιά. Σε λίγες ημέρες η πολιτική ατζέντα θα έχει αλλάξει πάλι,0,0
Mon Aug 12 22:07:55 +0000 2024,1823119248413343937,exact,Μιλαμε για καμμενο άνθρωπο μέσα στον αστικό ιστό της Αθήνας. Τα λογια περίσσεψαν. Η οργή ξεχειλίζει.  Το κράτος σας τρύπησε πατο. ΑΘΛΙΟΙ. #φωτια https://t.co/Sje2kIauDl,254,75
Mon Aug 12 22:07:55 +0000 2024,1823119247733592215,exact,Απανθρακωμένη σωρός σε επιχείρηση στα Βριλήσσια – Η εικόνα από τα πύρινα μέτωπα - #Βριλησσια #φωτια #πυρκαγιά #Πυροσβεστες #πυροσβεστικη https://t.co/4eaOUmEG8B,4,1
Mon Aug 12 22:07:37 +0000 2024,1823119172655628339,exact,"ΦΩΤΙΑ ΤΩΡΑ ΑΤΤΙΚΗ- Ο πρώτος νεκρός, βρέθηκε απανθρακωμένος σορός γυναίκας https://t.co/0QyVDsT5Pd",0,0
Mon Aug 12 22:07:34 +0000 2024,1823119161213530206,exact,"Τζάμπα λεφτά για τα #drones ανίχνευσης φωτιάς, οι μίζες να μπαίνουν σε κάποιες τσέπες. Καίγεται πάλι η #Αττική, και η #πυροσβεστικη επιτηρεί τις βίλες. Υπεύθυνος ο καθένας πλην της #κυβερνηση_Μητσοτακη. #φωτια #Κικιλιας  #Μητσοτακης",10,4
Mon Aug 12 22:07:34 +0000 2024,1823119158768210302,exact,#φωτια δεν σας αρέσε η δασοφυλακη και η Αγροφυλακή ξεβολευε πόλλουσ παράνομους καταπατητές  οικοπεδοφσγους μεγάλο εργολάβους και ερασιτέχνες όπως και παράνομη υλοτομία και χιλια δυο άλλα και πιεσαν για κατάργηση.χωρα απατεώνων να καείτε όλοι σας αξίζει η φυση δεν φτάιει όμως,6,1
Mon Aug 12 22:07:31 +0000 2024,1823119148747993188,exact,#φωτιά #πυρκαγιά  #Βρεθηκε στο Γέρακα. https://t.co/g9aFsSWuDj,59,196
Mon Aug 12 22:07:31 +0000 2024,1823119146122658226,exact,@user @user @user Όταν βάζεις φωτιά τα χωριά καίγονται γι αυτό άλλωστε  βάζουν την  φωτιά αλλά αυτοί που νοιάζονται δεν αφήνουν να καούν άνθρωποι Ναι ;; Δεν ξέρω βέβαια αν εσύ καταλαβένεις  την διαφορά Γιατί ζαιος είσαι τι να κανείς κ συ ε.;;;;,0,0
Mon Aug 12 22:07:23 +0000 2024,1823119116233752756,exact,Φωτιά στην Αττική: Βρέθηκε απανθρακωμένη σορός γυναίκας σε κτήριο επιχείρησης στα Βριλήσσια https://t.co/hO3ng8o6xs,3,0
Mon Aug 12 22:07:23 +0000 2024,1823119114723893580,exact,O ΠΘ οφείλει να εξηγήσει πειστικά στους πολίτες της Αθήνας πώς ξεκίνησε και γιατί έφτασε εκεί που έφτασε η πύρινη λαίλαπα μετά από τόση «προετοιμασία». Αν δεν μπορέσει να το κάνει οφείλει να παραιτηθεί ο ίδιος και να προκηρύξει εκλογές. Η ιστορία έχει επαναληφθεί πολλάκις  #φωτια,10,1
Mon Aug 12 22:07:17 +0000 2024,1823119089906123055,exact,"1 νεκρός άνθρωπος απ'τη #φωτια. @user Άμα δεν μπορείς να αποφύγεις τους θανάτους από #πυρκαγιά στην ίδια σου την πρωτεύουσα, άστο, παράτα το, πάνε στην Κομισιόν για αργομισθία. https://t.co/kWFTQybdOI",132,37
Mon Aug 12 22:07:11 +0000 2024,1823119064690045068,exact,"Σύμφωνα με αστυνομικές πηγές βρέθηκε από πυροσβέστες #απανθρακωμένη σορός πιθανόν #γυναίκας, εντός κτίσματος επαγγελματικής χρήσης στο #Πάτημα #Βριλησσίων.  #φωτια #πυρκαγιες #αττικη",6,4
Mon Aug 12 22:07:03 +0000 2024,1823119031739846735,exact,"@user Δε γίνεται να υποστηρίζεις αυτό το σιχαμενο κόμμα και να κουνάς το δάχτυλο σε άλλους ειδικά για τυμβωρυχια. Και εγώ χέστηκα, δεν ψηφίζω καν ΣΥΡΙΖΑ. Αλλά να φτάνει η φωτιά στην περιοχή μου και φασιστακια που δεν έχουν γράψει μισό τουί για ψώνια,να κουνάνε το δάχτυλο δεν το δέχομαι",3,0
Mon Aug 12 22:07:02 +0000 2024,1823119026375295317,exact,"Μια γυναίκα κάηκε ζωντανή, μόνη . Δεν υπάρχουν λόγια...#φωτια",7,2
Mon Aug 12 22:07:00 +0000 2024,1823119019731239270,exact,"@user Θέλει εθνική πολιτική για την Αθήνα να χωρίσουν ξανά οι πόλεις με όσο όγκο μπορούν να κρατήσουν και να δούμε μια Ελλάδα με άλλο μάτι, αλλιώς δεν υπάρχει ελπίδα. Και σκέψου η φωτιά δεν ήταν σε επίπεδα ΗΠΑ, αν ήταν όμως ;",0,0
Mon Aug 12 22:06:39 +0000 2024,1823118931466334287,exact,"@user @user @user Ναι, αυτή την κυβέρνηση που της ΚΑΙΓΕΤΑΙ Η ΠΡΩΤΕΥΟΥΣΑ...",0,0
Mon Aug 12 22:06:38 +0000 2024,1823118925380645185,exact,Πάτημα Βριλησσίων: Βρέθηκε απανθρακωμένη σορός – Οι πρώτες πληροφορίες κάνουν λόγο για γυναίκα https://t.co/7HxiUsyw8K μέσω @ #φωτια,5,2
Mon Aug 12 22:06:37 +0000 2024,1823118920259395612,exact,"@user Τέτοιες φωτιές δυσκολο να ελεγχθούν. Θέλει όλο τν χρόνο προετοιμασία, πρόληψη κ σχεδιασμό με αντιπυρικές ζώνες κ εύκολη πρόσβαση στα δάση. Άμα πιάσει φωτιά τελείωσε, μόνο με σωστή οργάνωση από πριν μπορεί να περιοριστεί.  Εθελοντής πυροσβέστης δικαιούσαι άδεια αν πας για φωτιά;",0,0
Mon Aug 12 22:06:28 +0000 2024,1823118882036474219,exact,@user ας μας πει  πρώτα τί γνώμη έχει το κράτος της Παλαιστίνης  για την Τουρκική εισβολή και κατοχή στην Κύπρο  και μετά  ας αρχίσει τις ευγένειες....  λες και έχει η Χαμάς πυροσβεστική υπηρεσία...,1,1
Mon Aug 12 22:06:10 +0000 2024,1823118810003521817,exact,@user Βλέπουμε να καίγεται η Αθήνα και το νινι να χτενιζεται και να ρωτάει μαλακίες,0,0
Mon Aug 12 22:06:00 +0000 2024,1823118766831505418,exact,@user Αυτό τι σχέση έχει με την παραίτηση ενός ΠΘ μετά από πυρκαγιά?,0,0
Mon Aug 12 22:05:49 +0000 2024,1823118719553273961,exact,Σε ετοιμότητα η φωτιά στην Αττική. Εκτός ελέγχου ο κρατικός μηχανισμός. #πυρκαγια #φωτια,7,1
Mon Aug 12 22:05:43 +0000 2024,1823118694530072723,exact,Πως αρχίζει: (00:54) «HTAN πολύ ανησυχητική αυτή η φωτιά!» Πως συνεχίζεται: (08:00) ΔΕΝ ΥΠΗΡΞΕ ΦΩΤΙΑ  (12:00) «ΤA MHNYMATA TOY 112 ΕΧΟΥΝ ΠΑΙΔΑΓΩΓΙΚΗ ΛΕΙΤΟΥΡΓΙΑ» #φωτια #Πεντελη #πυρκαγια https://t.co/FR3vzvG8uV,5,1
Mon Aug 12 22:05:31 +0000 2024,1823118643418284275,exact,@user Ποιο ρωσικό θηρίο; Ο ματρακάς που δεν έχει σβήσει φέτος ούτε φωτιά από μπικ με αποτέλεσμα να έχει καεί η μισή Ρωσία; Χαχαχα έχετε πολύ γούστο ορισμένοι https://t.co/5f67adiKhf,0,0
Mon Aug 12 22:05:30 +0000 2024,1823118640893567170,exact,"Τόσο καιρό που καιγόταν η #Μακεδονία, κιχ δεν άκουγες στην ελλάδα. Τώρα που καίγεται η Αττική βλέπω υπάρχει ανησυχία για τις πυρκαγιές. Δεν μας αφορά το θέμα.  #φωτια",0,0
Mon Aug 12 22:05:24 +0000 2024,1823118614339199221,exact,@user @user Και που τα πήρε; Έφτασε να ξεκινήσει η φωτιά από δασική έκταση και κατέληξε στον αστικό ιστό. Δεν το λες και μεγάλη επιτυχία πάντως...,1,0
Mon Aug 12 22:05:20 +0000 2024,1823118600011411849,exact,"Εδώ ο κόσμος καίγεται και τα μ@@@user χτενιζονται. Να σιχαθουμε και το τουιτερ δηλαδη. Σκατενιοι δεξιοί πάτε παραλία, διακοπές, φάτε παγωτά, βούλωστε το #φωτια",5,0
Mon Aug 12 22:05:19 +0000 2024,1823118595586429235,exact,@user Ο χάρτης αυτός είναι σχεδόν ίδιος κάθε χρόνο γιατί ο πλανήτης σε συγκεκριμένα δάση βιώνει τις ίδιες πυρκαγιές. Το ότι καίγεται και κάποιας άλλης πόλης ο αστικός ιστός μπορείς να το βρεις; Το ότι για όλες τις φωτιές φταίει το ίδιο καπιταλιστικό σύστημα μπορείς να το καταλάβεις;,1,0
Mon Aug 12 22:05:07 +0000 2024,1823118542432067653,exact,Σας ευχαριστούμε για όλα. Είστε οι ήρωες μας. #Πυροσβεστες #Πυροσβεστική #φωτιες #Φωτια_τωρα #φωτιατωρα #φωτια_πεντελη #φωτιά #πυρκαγιά #Athens #penteli https://t.co/WWZzgiVxXn,25,4
Mon Aug 12 22:04:55 +0000 2024,1823118494134603850,exact,Φωτιά στην Αττική: Καμένη γυναίκα στο Πάτημα Βριλησσιών https://t.co/jZ6W77BDYj,0,0
Mon Aug 12 22:04:54 +0000 2024,1823118490712314055,exact,Φωτιά στην Αττική: Νέο μήνυμα του 112 στον Μαραθώνα – «Παραμείνετε σε ετοιμότητα» https://t.co/Yy4IgjqikE,7,3
Mon Aug 12 22:04:16 +0000 2024,1823118330653265942,exact,Μια εργαζόμενη γυναίκα έχασε τη ζωή της καθώς δεν πρόλαβε να ξεφύγει από την φωτιά στο χώρο εργασίας της στα Βριλήσσια   Για μια ακόμα φωτιά και πλημμύρα το επιτελικό κράτος δεν κοστίζει μόνο περιουσίες αλλά και το πιο σημαντικό πράγμα ζωές   Θλιψη... #φωτια #κυβερνηση_Μητσοτακη,77,6
Mon Aug 12 22:04:14 +0000 2024,1823118321086042225,exact,Το πρώτο θύμα της #πυρκαγιας #Αττικης | Απανθρακωμενη σορος -πιθανότατα γυναικάς- βρέθηκε στο #Πάτημα #Βριλησσίων. #Πυροσβεστική #φωτιες https://t.co/GvNt2Dlfcb,0,0
Mon Aug 12 22:03:34 +0000 2024,1823118155545292935,exact,Η ατμόσφαιρα έξω μυρίζει εθνική απογοήτευση... #φωτιά,39,18
Mon Aug 12 22:03:08 +0000 2024,1823118044970750098,exact,Ίδιος ο Ευχούλης! #Μητσοτάκης #ΝΔ_ΣΙΧΑΜΑΤΑ #φωτιά #πυρκαγιά https://t.co/VEafudQx5V,10,1
Mon Aug 12 22:03:07 +0000 2024,1823118042315825273,exact,"@user 1998 Αθήνα. ΥΕΑ Α' με 5 στρατιώτες υπό την ευθύνη μου. Άγνωστος αξ/κός διατάζει να τους στείλω με σκαπτικά ερ/εία μέσα στη φωτιά. Δεν υπακούω κ' απαντά: δόκιμε, ταγματάρχης διατάζει. Για καλή μου τύχη μας βλέπει πυροσβέστης και φωνάζει: ""πίσω ρε"" και μας έσωσε από τον ηλίθιο.",0,0
Mon Aug 12 22:03:06 +0000 2024,1823118038159257632,exact,"@user Παπαριές, ανικανότητα των ΟΤΑ να καθαρίσουν τα επικυνδυνα για πυρκαγιά μέρη, να φτιάξουν δασικούς δρόμους και ανυιπυρικες. Επειδή η τοπική αυτοδιοίκηση είναι για τον πουτσο δεν θα γράφουμε μαλακίες εδώ μέσα. Ας ξεκινήσουμε με την κατάργηση των αιρετών δημάρχων",6,0
Mon Aug 12 22:03:04 +0000 2024,1823118029732884864,exact,"Αν τους γαμήσουμε μια μέρα, δεν θα φταίμε εμείς αλλά το φαινόμενο των κηλιδώσεων #φωτιά",5,0
Mon Aug 12 22:02:56 +0000 2024,1823117996380103130,exact,"@user Σωστά, εγώ δεν θα έβριζα κράτος κλπ, θα έβριζα την φωτιά και το σπίτι που έκατσε να καεί. Κρατώντας κουβά με νερό με την μάπα του Κικίλια επάνω, για το φετίχ. Άσε μας ρε μεγάλε.",0,0
Mon Aug 12 22:02:45 +0000 2024,1823117950162801061,exact,#φωτια #Αττικης  Ευτυχώς σταματησε ο αερας κ επιασαν οι προσευχες στο Νταου Πεντελης #Κρατοςκαρικατουρα,7,1
Mon Aug 12 22:02:38 +0000 2024,1823117920114729364,exact,"Όταν καίγεται το σπίτι σου, για να μην σε κρίνει το κάθε γίδι, καίγεσαι ζωντανός γιατί τα κουβαδάκια σου δεν αρκούν για να σβήσεις την #φωτιά καλά τα λέει #Μητσοτακη_γαμιέσαι #crime_minister",7,1
Mon Aug 12 22:02:34 +0000 2024,1823117903366881481,exact,"Πάντως ο ελληνικός λαός δείχνει σωστή διαγωγή όταν καίγεται το σπίτι του, όταν δεν έχει ιατρο στο νοσοκομείο, όταν πληρώνει την υψηλότερη ενέργεια της Ευρώπης κτλ κτλ.  Μην τυχόν κ του πούνε τα ΜΜΕ πως είναι λαϊκιστής κ αμόρφωτος.  Ναι μιλάμε για τόσο χαμηλή αυτοπεποίθηση",1,0
Mon Aug 12 22:02:20 +0000 2024,1823117842398449899,exact,@user πρόεδρε η «μπαταρία» της Ευρώπης πήρε φωτιά και καίγεται!,0,0
Mon Aug 12 22:02:01 +0000 2024,1823117763533045968,exact,"#φωτια  - Πάει, πέρασε. Ξεχάστε τα όλα! (η εφεξής κυβερνητική γραμμή) https://t.co/snSEgJ6UkJ",2,0
Mon Aug 12 22:01:53 +0000 2024,1823117730725134423,exact,Αν κάποιος δεν έχει ιδέα από τεχνολογία θα πει ότι λογικό η τεχνητή νοημοσύνη να μη βοήθησε ιδιαίτερα στην αντιμετώπιση των πυρκαγιών γιατί «ποσο πχια να αναπτύχθηκε κι αυτή μέσα σε έναν χρόνο;» #φωτια,3,0
Mon Aug 12 22:01:34 +0000 2024,1823117652509753668,exact,Αφήστε λίγο πράσινο να δουν κ τα παιδιά μας.....#φωτια,7,1
Mon Aug 12 22:01:32 +0000 2024,1823117644201123957,exact,"Η άλλη λέει εκεί που περπατούσε μέσα στις φωτιες βρήκε κάτι διαβατήρια και μάλιστα κατάλαβε ότι είναι πλαστα.Μας δούλευαν οι μεγάλοι τώρα μας δουλεύουν και οι μικροί που θέλουν να γίνουν μεγάλοι δημοσιοκαφροι.Οχι στην καμπούρα μας παιδιά,αρκετούς ταΐσαμε. #φωτια  #πυρκαγιά",14,2
Mon Aug 12 22:01:31 +0000 2024,1823117640111366536,exact,Ανάγκες Παλαι Γαλατσίου 00:50 @user #Φωτια_τωρα #ΦΩΤΙΑ_ΑΤΤΙΚΗ #φωτια #Πυρκαγία https://t.co/bpcQpbYp9f,1,3
Mon Aug 12 22:01:22 +0000 2024,1823117599708008678,exact,Απανθρακωμένη σορός βρέθηκε σε κτίριο στο #Πατημα_Βριλησσιων   #πατημα #Βριλησσια #φωτια #πυρκαγια,12,1
Mon Aug 12 22:01:20 +0000 2024,1823117593961455634,exact,"Πόσο ταιριαστό σύμβολο ο πυρσός για το σήμα της ΝΔ πάντως, ε; #φωτια",13,2
Mon Aug 12 22:01:18 +0000 2024,1823117583207575580,exact,Δεν εχουμε ανθρωπινες απωλειες ε?Γαμω τα κωλοσπιτάκια σας να σας παρει ο διαολος #πυρκαγια #φωτια #Φωτια_τωρα https://t.co/32OLh15YpW,16,4
Mon Aug 12 22:01:07 +0000 2024,1823117536067801327,exact,"Αυτός ο υπουργός κλιματικής κρίσης γιατί δεν έχει φύγει ακόμα να κρυφτεί ,τι έχει κάνει για να προστατευτεί ο κόσμος ,τα ζώα ,η φύση .Γιατι πληρώνουμε τόσους φόρους και πληρώνουμε άχρηστους χωρίς να προσφέρουν καμία ασφάλεια στους πολίτες ; #φωτια",7,3
Mon Aug 12 22:01:04 +0000 2024,1823117526642860131,exact,"Εντοπίστηκε σορός απανθρακωμένης γυναίκας,δεν ξέρω πόσα μέτρα σε στρέμματα.  #φωτια  #φωτια_πεντελη  #μητσοτακη_παραιτησου",10,3
Mon Aug 12 22:01:04 +0000 2024,1823117526508966323,exact,https://t.co/AlI6kRglT3 | Φωτιά Αττική: Σοκαρισμένη η ρεπόρτερ με σπίτι που παραδόθηκε στις φλόγες - Βρίσκονται άνθρωποι https://t.co/5Hwe8NAmTL https://t.co/GO59FI3PV8,0,0
Mon Aug 12 22:01:00 +0000 2024,1823117506258649169,exact,@user Σα να πήρε φωτιά στο αεροδρόμιο και να έφτασε να καίει πρώτες κατοικίες Χαριλάου Πυλαία Άνω Τούμπα και Άνω Πόλη πχ,2,0
Mon Aug 12 22:00:39 +0000 2024,1823117420342509681,exact,"@user Εδώ ο κόσμος καίγεται, βαρκούλες αρμενίζουν.  Πας γραμμή για 3%. Συνιστώσα του ΣΥΡΙΖΑ έγινες",1,0
Mon Aug 12 22:00:38 +0000 2024,1823117417624514585,exact,"Διεθνισμός είναι να κόβεις λεφτά απο πυροσβεστικά για να τα δίνεις σε λάθρομεταναστες για να βα ουν φωτιές και να κόβεις και από τα όπλα, γιατί αν δεν έχεις χώρα δεν μπορεί να παρει φωτιά. https://t.co/imGyg2XpQA",0,0
Mon Aug 12 22:00:37 +0000 2024,1823117409848631536,exact,@user Ποια είναι η αλληλεγγύη ρε βλάκα που κρατάνε δέκα μαλακές ένα λάστιχο και κανείς να μην το κράταγε την ίδια δούλεια έκανε.ηλιθιοι καειτε να ησυχάσουμε #φωτια,2,0
Mon Aug 12 22:00:30 +0000 2024,1823117384414072941,exact,Άνω Γλυφάδα: 2 ύποπτοι για τη φωτιά- Δεν υπάρχουν συλλήψεις https://t.co/V5ZOwXILIb,0,0
Mon Aug 12 21:59:57 +0000 2024,1823117242617286776,exact,@user Μπράβο στείλατε αστυνομικούς στην φωτιά!Μετά στείλτε τους κ στα νοσοκομεία να κάνουν κ εγχειρήσεις,0,0
Mon Aug 12 21:59:54 +0000 2024,1823117232601211221,exact,"https://t.co/1Gvxup7sj8  Αυτό κολλάει παντού , και για Τουρκία και για #φωτια και για #πυρκαγιά και για #πλημμύρες #μητσ",1,1
Mon Aug 12 21:59:46 +0000 2024,1823117198618984621,exact,Κι άλλο 112 για #Μαραθωνα ... Πάντως και το μέτωπο πάνω από το κέντρο υγείας  #ΝεαΜακρη  είναι πιο δυνατό από πριν... από ελένη πρωτόπαπα  πριν 18 λεπτά #Φωτια_τωρα #φωτια #φωτιατωρα #πυρκαγιά #Νεα_Μακρη #Μαραθωνας https://t.co/2B3ffQgJep,6,5
Mon Aug 12 21:59:42 +0000 2024,1823117179656503593,exact,"Πάντως αν καταφέρουν κ σας πείσουν κ τώρα ότι είναι φυσιολογικό που μια φωτιά κάνει βόλτες 40 χιλιόμετρα κ κόντεψε να φτάσει στο κέντρο της Αθήνας, τι να πω μπράβο τους, ίσως τους ψηφίσω κ εγώ",0,0
Mon Aug 12 21:59:30 +0000 2024,1823117128804843933,exact,"Η φωτιά έφτασε δύο σπίτια πιο κάτω από το σπίτι της θείας μου στην Πεντέλη...Μέσα σε αυτό το χάος,Ρομα βρήκαν την ευκαιρία να μπουκαρουν σε σπίτι.Δεν είναι όλοι βέβαια το ίδιο,αλλά, δυστυχώς πάντα άνθρωποι που έχουν μεγαλώσει σε γκέτο,θα συμπεριφέρονται έτσι.",15,1
Mon Aug 12 21:59:16 +0000 2024,1823117073423212840,exact,Φωτιά στην Αττική: Πληροφορίες για νεκρή γυναίκα μέσα σε κτίριο στο Πάτημα Βριλησσίων https://t.co/8KgHNzbDIX,1,0
Mon Aug 12 21:59:05 +0000 2024,1823117027332038701,exact,"@user 12·08·2024 16:20: Σύμφωνα με το ρεπορτάζ του «Alpha», ο στρατός θα στείλει και έξι ομάδες «Ξενοκράτης» και δύο ομάδες «Δευκαλίων», ενώ σε συντονισμό με την Αστυνομία και την Πυροσβεστική θα πραγματοποιούνται περιπολίες, ακόμη και με δίκυκλα. https://t.co/UHYS8DsZ7z",5,0
Mon Aug 12 21:59:03 +0000 2024,1823117016133251274,exact,@user @user @user Γραφεις No fire κ ποσταρεις φωτογραφία που δείχνει φωτιά! Εσύ για να πειστεις ότι η φωτιά έφτασε στο Αστεροσκοπείο έπρεπε να καεί το Αστεροσκοπείο; https://t.co/ZeFDkJuNSO,0,0
Mon Aug 12 21:59:01 +0000 2024,1823117010307600810,exact,@user Πολλοί αφηνουν τα ξερα τους χόρτα έξω από τα σπίτια τους. Καλα κάνουν τα περίπολα. Και η πυροσβεστική το κάνει αν χρειαστεί,1,0
Mon Aug 12 21:59:00 +0000 2024,1823117004175220820,exact,@user Όταν θα έρθουν όλοι αυτοί θα την εχουμε σβήσει την φωτιά μόνη μας . Εμείς μετά χέρια μας χωρίς καμία βοήθεια .  Μπράβο στους αλληλέγγυους μπράβο σε όσους πάλεψαν και παλεύουν δίπλα δίπλα ο ένας για τον άλλο .,1,0
Mon Aug 12 21:58:54 +0000 2024,1823116977935884651,exact,Πως πήγε η φωτιά στο Χαλάνδρι ; Αν είναι δυνατόν…τι ζουμε ; Ελλάδα 2.0 #φωτια,7,0
Mon Aug 12 21:58:41 +0000 2024,1823116926077591902,exact,@user @user Επειδή έχουν ακουστεί αρκετά τέτοια. Δεν ισχύει κάτι τέτοιο. Στην ελάχιστη θητεία του στην Ελλάδα πραγματοποίησε παρά πολλές ώρες πτήσης ακόμα και στην φωτιά της Βαρυμπόμπης με μεγάλη επιτυχία. Στοιχεία από τον Βερύκιο για την χρήση του στην Ελλάδα  https://t.co/ESW8GS624l,0,0
Mon Aug 12 21:58:14 +0000 2024,1823116811358892263,exact,Τώρα θα σου πουν κάποια αρχίδια ότι δεν υπάκουσε στις εντολές των αστυνομικών! Για τόσο αρχίδια μιλάμε. #ΝΔ_ΣΙΧΑΜΑΤΑ #φωτιά #πυρκαγιά,17,1
Mon Aug 12 21:57:39 +0000 2024,1823116667041251835,exact,Σε λίγο θα παρακαλάμε τον Ερντογάν να έρθει να μας σώσει   #φωτιες #πυρκαγιά  #ΝΔ_εγκληματικη_εργανωση  #Μητσοτάκη_παραιτήσου,5,2
Mon Aug 12 21:57:37 +0000 2024,1823116658191262066,exact,Τελικά η φωτιά κόστισε μια ανθρώπινη ζωή! 😞#Φωτια,8,0
Mon Aug 12 21:57:36 +0000 2024,1823116653221060805,exact,"ΦΟΒΕΡΑ ΑΝΑΚΛΑΣΤΙΚΑ έδειξε ο Ευρωπαικός Μηχανισμός Πολιτικής Προστασίας! Έρχονται ...ΑΥΡΙΟ! Για να κάνουν ΤΙ? Μόλις πριν από λίγο, η Πυροσβεστική ανακοίνωσε: Δεν υπάρχει ενεργό μέτωπο, μόνο διάσπαρτες εστίες! https://t.co/8NpsWzt0Dr",0,0
Mon Aug 12 21:57:29 +0000 2024,1823116624280379397,exact,"@user Επι Παττακού η τελευταία μεγάλη απώλεια, όχι όμως απο φωτιά.  https://t.co/mhjLn6P9mJ",1,0
Mon Aug 12 21:57:22 +0000 2024,1823116592298799347,exact,Μια ωρα το ΣΚΑΙ δειχνει να καίγονται ξυλα με τιτλο χωρις πύρινα μέτωπα η πυρκαγιά  Το open λεει οτι στέλνονται μηνύματα απο το 112 για επικίνδυνη αναζωπύρωση στον Μαραθωνα Η Κουβελιωτη στο twitter αναφέρει οτι υπάρχουν πληροφορίες για απανθρακωμένη γυναίκα στο Πατημα #φωτια,14,0
Mon Aug 12 21:57:16 +0000 2024,1823116567405609204,exact,@user @user Ήθελαν να τους ρίξουν στη....φωτιά,0,0
Mon Aug 12 21:56:48 +0000 2024,1823116449746928100,exact,Φωτιά στην Αττική: Η στιγμή που νερό από τα ελικόπτερα πέφτει πάνω στο τηλεοπτικό συνεργείο του ΣΚΑΪ https://t.co/Dk32NaVXEE,0,0
Mon Aug 12 21:56:38 +0000 2024,1823116408592687205,exact,"""Η αιτία που προκάλεσε τη φωτιά παραμένει άγνωστη"" , λες και δεν γνωρίζουν όλοι ποιοί χρησιμοποιούν τον χώρο. 👇 Θεσσαλονίκη: Φωτιά σε εγκαταλελειμμένο κτήριο στην Πολίχνη - Επέμβαση της πυροσβεστικής (φωτο) https://t.co/FbPI2nbtyH",5,1
Mon Aug 12 21:56:17 +0000 2024,1823116319966834798,exact,@user Φταίει η φωτιά που καίει....,0,0
Mon Aug 12 21:56:05 +0000 2024,1823116270054658062,exact,Πάνω από 100.000 στρέμματα έγιναν στάχτη https://t.co/6Fpg2SXAIr  Μέχρι και το μεσημέρι της Δευτέρας η πυρκαγιά επηρέασε προσεγγιστικά περίπου 100 χιλιάδες στρέμματα.,14,5
Mon Aug 12 21:56:05 +0000 2024,1823116269874528503,exact,"Πλάκα μας κάνουν Πριν 4ωρες μάς είπαν ότι πριν λίγο άρχισε φωτιά στην Άνω Γλυφάδα κι εγινε εκτροπή 2 ελικοπτερων..... Είναι σχεδόν 1πμ....πριν 4 ώρες, άντε πέντε, ήταν 8μμ.... Τα ελικόπτερα είχαν εξαφανιστεί από το flightradar πολυ νωρίτερα....δεν πετούσαν ελικόπτερα στις 8μμ....",0,0
Mon Aug 12 21:55:30 +0000 2024,1823116122088161734,exact,Δυστυχώς... #ΝΔ_ΣΙΧΑΜΑΤΑ #φωτιά #πυρκαγιά https://t.co/4m025zg8PN,4,0
Mon Aug 12 21:55:21 +0000 2024,1823116086146932866,exact,Φωτιά στην Αττική: Μάχη με τις διάσπαρτες εστίες και τις συνεχείς αναζωπυρώσεις – Το σχέδιο της Πυροσβεστικής και οι προβλέψεις των μετεωρολόγων για την ένταση των ανέμων -  https://t.co/GsbUiHNmBY,0,0
Mon Aug 12 21:55:20 +0000 2024,1823116083491963246,exact,Καθαρίσατε με το 112; Και τι αποζημίωση θα πάρει ο κόσμος; Αυτήν που πήραν οι Θεσσαλοί για τους σεισμούς κ πλημμύρες :  ΤΙ ΠΟ ΤΑ ! ΔΕΝ ΠΗΡΑΝ ΤΙΠΟΤΑ! #εμπρησμοί #ανεμογεννητριες #πυρκαγιά #Παραιτηθειτε #Μητσοτάκη_παραιτήσου #2024 #41,7,1
Mon Aug 12 21:54:47 +0000 2024,1823115943435792551,exact,Ζητουσαν σάκους απ τις 2130. (Σταματης Πουλης απολυθείς απ το κεελπνο. Είχε μπιφ με Πολάκη) δλδ δεν έπρεπε να ζητήσουν σάκους; τα παραταξιακά μυωπικά γυαλιά σε τι μας οφείλουν;Η φωτιά δεν καεί ούτε ζαιους ούτε ΝΔκρατες ούτε πασοκους.Υπαρχει βαθύ πολιτικό προβλημα.,0,0
Mon Aug 12 21:54:37 +0000 2024,1823115902864281805,exact,@user @user Έχουμε 3 κουβέντες δεν γίνεται έτσι τέλος πάντων δεν μιλάω για τα σπίτια μιλάω για τις δασικές εκτάσεις που καίγοντε. Καίγεται το δάσος αν το αφήσεις ανεξέλεγκτο θα καουν και τα σπίτια έτσι πάει. Οι εκτάσεις είναι αχανείς με περιοχές νατουρα μεσα δεν μιλάμε τωρα για τις βιλες.,0,0
Mon Aug 12 21:54:27 +0000 2024,1823115859620942251,exact,"Τρομερά χρήσιμοι οι Δαπιτες στη φωτιά, θα πηγαίνουν στους πυροσβέστες ενώ επιχειρούν να τους ρωτάνε αν θέλουν κάνα μπουκαλάκι στον Οικονομόπουλο",55,12
Mon Aug 12 21:53:57 +0000 2024,1823115735394095246,exact,"Παρτε το απόφαση! Θα προειδοποιειται και πιθανώς θα σωζεται ο,τι και όποιος δεν είναι επικοινωνιακα διαχειρισιμος! Αυτό ηταν είναι και θα είναι το μέτρο μεταξύ φθοράς και αφθαρσίας σε αυτο το μπουρδελο. #πυρκαγιά #Φωτια_τωρα https://t.co/uvhEv3MWND",6,1
Mon Aug 12 21:53:43 +0000 2024,1823115676942209300,exact,"Έτσι διέλυσαν την Πυροσβεστική, την Αστυνομία, όλες τις υπηρεσίες και τους Οργανισμούς του Δημοσίου και τελικά όλον τον κρατικό μηχανισμό. Επόμενο ήταν σε κάθε κρίση (πλημμύρες, πυρκαγιές, χιόνια κτλ) να βιώνουμε ανεπανάληπτες καταστροφές. Η αναξιοκρατία έχει συνέπειες...",3,2
Mon Aug 12 21:53:10 +0000 2024,1823115534818271432,exact,έχουν εξαφανιστεί εδώ κ ώρα από τις τάσεις όλες οι ενημερώσεις σχετικά με τη φωτια  συμβαίνει κ σ'εσάς; τα χασταγκς από μεμονωμένα τουι ωστόσο σε πάνε στο φιντ του # φωτιά. https://t.co/aA1XJ6MSwx,9,3
Mon Aug 12 21:53:00 +0000 2024,1823115493223362823,exact,Έχουμε τον πόνο μας που καίγεται ο τόπος μας κι εκτός από τα έμμισθα λαμόγια μητσοτακάου πετάγονται σαν τις πορδές και τα λαμόγια που διαφημίζουν μπιτκόινς https://t.co/hXxsBMVBqa,5,1
Mon Aug 12 21:52:58 +0000 2024,1823115488106316059,exact,Να πας από δασική πυρκαγιά στο Χαλάνδρι φίλε. Τι απόδοση να δίνει#πυρκαγιά,1,1
Mon Aug 12 21:52:38 +0000 2024,1823115402945462638,exact,μικρή αναζωπύρωση έσκασε στο #Αστεροσκοπειο  #φωτια #Φωτια_τωρα #πυρκαγια https://t.co/0yMLskjOV3,1,1
Mon Aug 12 21:52:28 +0000 2024,1823115358724583871,exact,"@user @user @user Αν είσαι πάνω απο 8 ετών κ δεν καταλαβαίνεις οτι ο μόνος λόγος που προβάλλεται μια πυρκαγιά (ή οποιαδήποτε άλλη παρόμοια συνθήκη) στην Αττική περισσότερο απο άλλες, είναι ΜΟΝΟ γιατί οι νεκροί στην Αττική θα είναι πληθυσμιακά κ αναλογικά περισσότεροι άρα κ το πολιτικό κόστος",1,0
Mon Aug 12 21:52:24 +0000 2024,1823115343725834617,exact,"@user Η εξουσία παίρνει τις αποφάσεις. Το κράτος επηρεάζεται από αυτές. Μικρό κράτος σημαίνει ότι δεν έχεις δημόσιο σχολείο, δεν έχεις νοσοκομεία, πυροσβεστική, δρόμους, κλπ.",0,0
Mon Aug 12 21:52:02 +0000 2024,1823115251434602872,exact,@user Είσαι βλαμμένος άνθρωπε μου; Ελικόπτερο να πάει να πετάει νερό σε φωτιά δίπλα σε δρόμο που μπορούν να πάνε πυροσβεστικά οχήματα και αυτό σε δυσπρόσιτες περιοχές; Θα καίγεται αυτοκίνητο πάνω στο δρόμο και ρίχνει ελικόπτερο νερό;,3,0
Mon Aug 12 21:51:59 +0000 2024,1823115239052976176,exact,@user Δεν έχει παραιτηθεί κανένας ΠΘ μετά από πυρκαγιά στην Ελλάδα και μάλλον στον κόσμο ούτε καν ο Τσίπρας. Δεν ξέρω τι οράματα βλέπει ο φίλος σου και το λεει,0,0
Mon Aug 12 21:51:47 +0000 2024,1823115188448485803,exact,#φωτιά #πυρκαγια στα φρύδια μου αν κάνει τον γύρο του κόσμου η είδηση της φωτιάς.,6,0
Mon Aug 12 21:51:45 +0000 2024,1823115178935803916,exact,@user Κρέμασμα σε δέντρα εμπρηστές και αναδάσωση και μόνο σε καμένες εκτάσεις για να μην έχει κίνητρο κανένας να βάλει φωτιά,0,0
Mon Aug 12 21:51:32 +0000 2024,1823115124141699266,exact,"Δίπλα στη λέξη ""ξεδιάντροπος"" στο λεξικό έχει φωτογραφία του Κυμπουροπουλου.  #φωτια #πυρκαγιά  #Μητσοτακη_γαμιέσαι  #μητσορακη_καθαρμα  #μητσοτακη_παραιτησου",6,0
Mon Aug 12 21:51:19 +0000 2024,1823115070592700813,exact,@user Όταν καίγεται όλη η Αττική και πολλών ανθρώπων τους καίγεται η περιουσία τους το να σε πειράξει που σου βρίσανε τον άχρηστο πρωθυπουργό σου αυτό δεν είναι μόνο αρρώστια . Είναι καταντια,1,0
Mon Aug 12 21:50:37 +0000 2024,1823114896873288141,exact,Τι χρειάζεται το 2024 στην Ελλάδα για να σβήσεις μια φωτιά που έχει φτάσει πλέον να καίει το κέντρο της Αθήνας και συγκεκριμένα το Χαλάνδρι;   ❌Πυροσβεστική  ✅Μπάτσους  ✅Λάστιχο ✅Ποτιστήρια ✅Κουβάδες ✅Κουβά σφουγγαρίστρας ✅Κλαδιά #φωτια #πυρκαγιας https://t.co/VYT4jr23dE,0,0
Mon Aug 12 21:50:24 +0000 2024,1823114841563046200,exact,@user Πήρε φωτιά μια παλια αποθήκη … σίγουρα όχι μόνη της,2,0
Mon Aug 12 21:50:19 +0000 2024,1823114820209525071,exact,"@user @user @user Μην τα λες σε εμενα, εγω ειχα τα κάκαλα και κατέβηκα υποψήφιος με μικρό κομμα και εκτέθηκα στην δημόσια κριτική και την κάλπη.  Στο τουιτ λέω ομως κατι αλλο. Οτι ΤΗΝ ΩΡΑ που καίγεται το σπίτι σου, δεν κοιτάς να βρίσεις καποιον, αλλα να σώσεις το σπίτι σου.",1,0
Mon Aug 12 21:50:16 +0000 2024,1823114806507049334,exact,#πυρκαγιά  #φωτια Αισθάνομαι περήφανος για την καινοτομία της ηγεσίας μας https://t.co/5Ku4idRjbt,4,1
Mon Aug 12 21:50:05 +0000 2024,1823114760860090451,exact,"@user Πως τα ξέρεις όλα αααα, γι αυτό η φωτιά πίνει καφέ στην πλατεία στο Χαλάνδρι",0,0
Mon Aug 12 21:49:54 +0000 2024,1823114712864772392,exact,@user @user Άκου θειά του ανηψιου...Το βίντεο το είδε όλη η Ελλάδα κ το ανέβασε το open. Και στο βίντεο φαίνεται μια που βρίζει τον ΠΘ που σήμερα έσωσε το σπίτι μου από φωτιά. Πάμε σε όποιο δικαστήριο θες.Τζαμπα θα μου βγει.Ουστ τώρα,58,7
Mon Aug 12 21:49:50 +0000 2024,1823114697094394017,exact,@user Διάβασα τωρα σε κτίριο πήρε φωτιά,1,0
Mon Aug 12 21:49:46 +0000 2024,1823114682829246975,exact,"Ρε @user αντι να βλέπουμε την ξυλεία να καίγεται ελεγχόμενα τώρα πια, μήπως να μας δείξετε τίποτα για τη #φωτια στο #Γραμματικο που ακούγεται ότι πάει για Άνω Σούλι;",10,2
Mon Aug 12 21:49:32 +0000 2024,1823114620464152867,exact,#φωτιά #πυρκαγια φαντάζομαι ότι κ@user οι δημοσιογράφοι να δείχνουν σπίτια να καίγονται μιας και υπάρχει κόσμος που τρέφεται με τέτοιες εικόνες και συνθήκες.,2,0
Mon Aug 12 21:49:26 +0000 2024,1823114595667505636,exact,@user @user Καλύτερη δουλειά κάνεις με την τσάπα στο χώμα που δεν αφήνεις την φωτιά να εξαπλωθεί παρά να σβήσεις τον θάμνο,1,0
Mon Aug 12 21:49:20 +0000 2024,1823114572363862174,exact,#Μαραθωνας ! Μήπως παραείναι κοντά στο βενζινάδικο;; ´ #φωτια #Φωτια_τωρα #πυρκαγιά https://t.co/dvDXDpLsO9,7,1
Mon Aug 12 21:49:12 +0000 2024,1823114539736482112,exact,"Τώρα που έχουμε αρκετούς αστυνομικούς κ περιπολικά για να εκκενώνουν τους οικισμούς, θετε να εξοπλίσουμε αντίστοιχα κ την πυροσβεστική μπας και μείνει τίποτα όρθιο;  Θέλετε πυροπροστασία ή είστε οκ με την πυρόσβεση απλά;  #φωτια",4,2
Mon Aug 12 21:49:05 +0000 2024,1823114510124945465,exact,@user Θα απαγάγουν τους πυροσβέστες και θα ζητάνε να σβήσει η φωτιά για να τους απελευθερώσουν.,3,0
Mon Aug 12 21:49:02 +0000 2024,1823114497462309303,exact,@user Ναι επέλεξες τυχαία την χειρότερη χρονιά της Ελλαδας να φανταστώ με την Φωτιά στον Έβρο.,0,0
Mon Aug 12 21:48:57 +0000 2024,1823114477686153406,exact,@user @user @user Μόνο που την πυροσβεστική την φτιάχνει η κυβέρνηση που την πληρώνουμε για αυτό,2,0
Mon Aug 12 21:48:50 +0000 2024,1823114446635503632,exact,@user @user @user ποια είναι η δουλειά του μόνιμου στο στρατό ρε τζαμπατζη??να πάρει πυροσβέστες...κάτι τέτοιοι εγκεφαλοι ψηφίζουν κ καίγεται ο τόπος...,1,0
Mon Aug 12 21:48:41 +0000 2024,1823114406894485611,exact,⚠️ Ενεργοποίηση 1️⃣1️⃣2️⃣  🔥 Δασική πυρκαγιά στην περιοχή #Μαραθώνα  ❗ Παραμείνετε σε ετοιμότητα  ‼️ Ακολουθείτε τις οδηγίες των Αρχών  ℹ️ https://t.co/kexUnlnGMV  @user  @user,27,18
Mon Aug 12 21:48:10 +0000 2024,1823114280415236340,exact,"#Φωτιά 🔥  #Βαρνάβα  #Διόνυσος  #Πεντέλη  #Μαραθώνα #Σταμάτα #Βαρνα #Opentv   Υπόδειγμα reporters: #Ευλαμπια_Ρέμβη  #Μίνα_Καραμητρου Μεστός λόγος, χρηστικές  πληροφορίες  Μπράβο τους,,,🎉 RT",1,1
Mon Aug 12 21:48:03 +0000 2024,1823114249574699413,exact,@user Πρώτη φορά ακούω να λέει κάποιος ότι ξεκίνησε μια φωτιά 30 χιλιόμετρα καλά είσαι πολύ βλάκας,0,0
Mon Aug 12 21:47:31 +0000 2024,1823114116191359215,exact,@user Νικόλα ποια η γνώμη σου οτι η φωτιά ξεκίνησε ταυτόχρονα από δύο άσχετες εστίες μεταξύ τους? Η απάντηση σου περί εξ αμέλειας δεν βρίσκει λογική βάση,4,0
Mon Aug 12 21:47:06 +0000 2024,1823114008913977605,exact,Φωτιά στην Αμπελιά Φαρσάλων – Τέθηκε υπό μερικό έλεγχο https://t.co/FEnvjWkOuk,0,0
Mon Aug 12 21:47:05 +0000 2024,1823114007974121753,exact,@user Όταν εκτυλίσσεται μία καταστροφή ποτέ δεν είναι η ώρα απόδοσης των ευθυνών. Με ήρεμο μυαλό όταν σβήσει η φωτιά θα έρθει η ώρα της συζήτησης. https://t.co/SK8BT5AIJ5,3,0
Mon Aug 12 21:46:54 +0000 2024,1823113961275085298,exact,#Αττική #πυρκαγιά #φωτια  Εντωμεταξύ λένε ηρέμησε λίγο η κατάσταση αλλά σε περιοχή του Μαραθώνα στέλνουν 112 για εκκένωση,8,4
Mon Aug 12 21:46:53 +0000 2024,1823113957197987926,exact,#Πυρκαγιά ξέσπασε λίγο πριν τα μεσάνυχτα σε εγκαταλελειμμένο κτήριο στα όρια Πολίχνης - Ευκαρπίας στις εγκαταστάσεις του πρώην στρατοπέδου Καρατάσιου. https://t.co/BtBHLzSLwW https://t.co/z3x40KSmdU,1,0
Mon Aug 12 21:46:46 +0000 2024,1823113925904236872,exact,@user Να το πείτε και στον κύριο Προβατα της ΕΡΤ που από το πρωι τα έβαλε με τον κόσμο που δεν ήταν υπάκουος στις εντολές. Δεν τρέμει τόσο τη φωτιά όσο τη σύγκριση με το Μάτι.,2,0
Mon Aug 12 21:46:46 +0000 2024,1823113925329928552,exact,"Σήμερα εμπεδώσαμε το πως αντιμετωπίζει η κυβέρνηση Μητσοτάκη τις πυρκαγιές: Στέλνει μήνυμα για εκκένωση ώστε να μη χρεωθεί θανάτους ανθρώπων και να πει ""σας προστατευσαμε"", αλλά αφήνει περιουσιες χιλιάδων ανθρώπων να καούν. #φωτια #πυρκαγια #Πεντελη #Χαλανδρι #Φωτια_τωρα #φωτιες https://t.co/7DjWuzAxRZ",17,3
Mon Aug 12 21:46:21 +0000 2024,1823113820614582702,exact,Κασσελάκης στο Συντονιστικό: Δεν είναι η στιγμή να μιλήσουμε για τις ελλείψεις που έφεραν τη φωτιά στην Αθήνα | Ειδήσεις για την Οικονομία | newmoney https://t.co/5rVM7vuBH4 https://t.co/nf6cDzMiq9,0,0
Mon Aug 12 21:45:58 +0000 2024,1823113724577645009,exact,"@user Αλήθεια ε; πάντως στη φωτιά στον Υμηττό πριν σχεδον ενα μήνα οι τράκτορες έσωσαν την παρτίδα, παρέα με τα ελικόπτερα. Λογικά τότε θα ήταν καλύτερης ποιότητας η μανέστρα! #ορσε",15,1
Mon Aug 12 21:45:47 +0000 2024,1823113677471449178,exact,Φωτιά στην Αττική: Μάχη με τις διάσπαρτες εστίες και τις συνεχείς αναζωπυρώσεις – Το σχέδιο της Πυροσβεστικής και οι προβλέψεις των μετεωρολόγων για την ένταση των ανέμων https://t.co/PZqI7XwOIl,2,1
Mon Aug 12 21:44:54 +0000 2024,1823113458495221826,exact,@user Με ρέγουλο οι ασυναρτησίες... την ώρα που καίγεται η χώρα έχουμε και εσάς με αρνητικό iq,3,0
Mon Aug 12 21:44:47 +0000 2024,1823113427058872694,exact,Μπορεί κάποιος να με ενημερώσει ως προς την ενίσχυση που έχει λάβει η πυροσβεστική σε οχήματα και έμψυχο δυναμικό τα τελευταία χρόνια;  #φωτια,3,0
Mon Aug 12 21:44:29 +0000 2024,1823113350080778330,exact,Στη Νέα Μάκρη παίζει Φωτιά στο λιμάνι,5,2
Mon Aug 12 21:44:21 +0000 2024,1823113319143628866,exact,Φωτιά στην Τερψιθέα Γλυφάδας: Θέμα χρόνου η σύλληψη των δύο εμπρηστών λέει ο δήμαρχος https://t.co/qSVh30ZCvL https://t.co/L4JvUO7P3O,3,1
Mon Aug 12 21:44:16 +0000 2024,1823113296926416930,exact,"@user Κι εγω θελω να τον βρίζω καθε μερα, αλλα την ωρα που καίγεται το σπίτι μου θα κοιτούσα να τον σώσω, οχι να βρίζω άλλους.",1,0
Mon Aug 12 21:44:05 +0000 2024,1823113251749507398,exact,"Είναι γνωστό το αφηγημα κάθε χρόνο.  Μας καίνε αριστεροί , κομμουνιστές και κάθε λογής αντιΜητσοτακιστές σε συνεργασία με ξένους πράκτορες και Ισλαμιστές μετανάστες.  #φωτια #φωτιες #Φωτια_τωρα #φωτια_πεντελη #φωτιά",4,1
Mon Aug 12 21:43:59 +0000 2024,1823113224474280216,exact,@user Στο στρατόπεδο λες; Πως πήρε φωτιά αυτό; Δεν βρήκα κάτι.,1,0
Mon Aug 12 21:43:36 +0000 2024,1823113130861601003,exact,Εποχικοί πυροσβέστες κάποιους απο τους ήρωες.  Εξοργιστικό.  #φωτια #φωτια_πεντελη #Φωτια_τωρα #φωτιες #πυρκαγιας #πυρκαγιά,4,0
Mon Aug 12 21:43:31 +0000 2024,1823113109005091098,exact,@user Για την μόνη φωτιά που ευθύνεται ο Μητσιτακης είναι που από την λύσσα σας εναντίον του  έχετε κάψει τις φράντζες του μυαλού σας,0,0
Mon Aug 12 21:43:29 +0000 2024,1823113101824168235,exact,"@user Και όλη η Γροιλανδία καίγεται,τι άλλο να κάνει ο ηγέτης πια;",0,0
Mon Aug 12 21:43:17 +0000 2024,1823113050981052897,exact,"ηρθε μηνυμα απο το 112 , πριν για Βρανά, τώρα για Μαραθώνα γενικά... το Μουσείο το προσέχει κανείς; #φωτιά",3,0
Mon Aug 12 21:43:12 +0000 2024,1823113026788012038,exact,Φωτιά στην Αττική: Αναζωπύρωση στη «γραμμή» Γραμματικού - Μαραθώνα https://t.co/K3aMWPxQt8,0,0
Mon Aug 12 21:42:53 +0000 2024,1823112949281464691,exact,"@user @user Νιωώσε! Αυτοί που φταίνε είναι πάντα οι κυβερνώντες! Τα επιτελεία! Όσοι δεν προλαμβάνουν και δεν σχεδιάζουν τίποτε για το καλό του λαού.  Άλλο αρχιμαφιόζοι, άλλο τσιράκια.  Δεν έχει ατομική ευθύνη ο κόσμος που καίγεται.  Λες και είστε ΝΔ κάνετε με τις ατομικές ευθύνες. Αίσχος!",0,0
Mon Aug 12 21:42:26 +0000 2024,1823112833707725113,exact,#φωτια  Για την Αθήνα η ΝΔ σίγουρα έχει βάλει το χέρι της για συμφέροντα εργολάβων αλλά στη Θεσσαλονίκη όπως μαθαίνω ότι μπήκε φωτιά η αν συνεχίσει σε νησιά τότε μιλάμε για τουρκικό χέρι ( με την ΝΔ να σιωπά),1,0
Mon Aug 12 21:42:14 +0000 2024,1823112784131010654,exact,"@user Ποια ακριβως ψυχολογική πίεση? Διότι αλλη η πίεση ΤΗΝ ΩΡΑ που καίγεται το σπίτι σου, αλλη την ωρα που η φωτια ειναι πχ στα 3χλμ.",0,0
Mon Aug 12 21:42:05 +0000 2024,1823112748974112941,exact,@user Η φωτιά πάντα καίει από πίσω για την καύτρα υπάρχει μια λύση τσάπα,0,0
Mon Aug 12 21:42:01 +0000 2024,1823112732805333438,exact,@user Ε αφού δεν είναι η πυροσβεστική επ αυτού φτου φτου φτου φτου φτου φτου φτου φτου!!!!!,1,0
Mon Aug 12 21:41:49 +0000 2024,1823112681127391406,exact,@user Επειδή είστε εμμονικός με τον κ. @user από την εποχή που διαδίδατε fake news πως δήθεν δεν έχει υπηρετήσει στον ελληνικό στρατό ενώ επανειλλημένα σας είχε πει πως έχει και μετά τρεχάτε για δημόσιες συγγνώμες θα σας πω πω το συγκεκριμένο σύστημα σε δοκιμαστικό στάδιο και,161,26
Mon Aug 12 21:41:28 +0000 2024,1823112593130570232,exact,Ε καλα τωρα μια φωτιά μπεικε που έκαψε λίγο #Βριλήσσια #Πεντέλη #Βαρνάβα. Ενω παράλληλα μας απαλαξε απο το βρωμερό δάσος. Και ανοιξε τοσο χώρο για επένδυση χρημα σε #ξενοδοχεία #αιολικα. Και έχετε πέσει να τον εφατε μωρέ τον σωτηρα μας τον #κουλη μας. Ποσο στραβαδια ποια,1,0
Mon Aug 12 21:41:14 +0000 2024,1823112532443201790,exact,"MEDISPIN: Ερυθρός Σταυρός: Έκκληση για υγειονομικό υλικό και τρόφιμα, για τους πληγέντες από την φωτιά: https://t.co/1mbd3RMYMl",0,0
Mon Aug 12 21:40:47 +0000 2024,1823112421281849431,exact,Ηλεία: Νυχτερινή φωτιά σε χορτολιβαδική έκταση στη θέση Δίχαλο της παλαιάς Μανωλάδας- Καίγονται ξερόχορτα και καλαμιώνες- Στο σημείο ισχυρή δύναμη της Πυροσβεστικής (Photos) https://t.co/saVeMKolax vía @user.gr,0,0
Mon Aug 12 21:40:41 +0000 2024,1823112395268436193,exact,"@user @user Δεν υπάρχει ασφαλιστική που να καλύπτει φωτιά σε τέτοια σπίτια, σε όσα ""σχέδια πόλεως"" και να ενταχθούν, όσες ""νομιμοποιήσεις"" κι αν τους κάνουν κάποιοι ...",2,0
Mon Aug 12 21:40:25 +0000 2024,1823112326318318008,exact,Το αέναο ασυνεχές της χαοτικής κηλίδωσης και η επιθετικότητα των κωνοφόρων στον περιαστικό και αστικό ιστό. Τόσο απλό  #φωτιά,7,3
Mon Aug 12 21:40:23 +0000 2024,1823112318831546712,exact,"Ανάμεσα στους πληγέντες της φωτιάς είναι και ο άνδρας που καταδικάστηκε για τη φωτιά στο Μάτι, η οποία στοίχισε τη ζωή σε 104 άτομα.  Θεία δίκη",0,1
Mon Aug 12 21:40:05 +0000 2024,1823112242549719298,exact,@user Είναι καλά προετοιμασμένη η φωτιά.,4,0
Mon Aug 12 21:39:56 +0000 2024,1823112207757918219,exact,@user Γι αυτό έφθασε η φωτιά στο Χαλάνδρι.......,1,0
Mon Aug 12 21:39:45 +0000 2024,1823112162409083304,exact,@user Καίγεται 24 μέρες το όρος ορβηλος .. κουβέντα .. στην   Εύβοια μέσα σε δύο βδομάδες πήραμε φωτιά τρεις φορές κουβέντα .. εκεί εσάς σας έχουν χεσμενους.. μόνο η Αθήνα και αυτό γτ δεν μπορούν να το κρύψουν,1,0
Mon Aug 12 21:39:44 +0000 2024,1823112156218364359,exact,"Έλα παιδιά, μέχρι το Σεπτέμβρη θα τα έχετε ξεχάσει πάλι. #φωτια",13,1
Mon Aug 12 21:39:44 +0000 2024,1823112155689803986,exact,Θα θέλατε σημερα στις φωτιες οι πυροσβεστες να ηταν 50%-50%αντρες γυναίκες? #φωτιά,21,0
Mon Aug 12 21:39:42 +0000 2024,1823112147548746011,exact,Τεντόγλου και Καραλής για τη φωτιά: «Έξω από τα παράθυρα του αεροπλάνου σκοτείνιαζε η εικόνα» | Flash https://t.co/PIOS60P7cq https://t.co/doqcuqqpYw,0,0
Mon Aug 12 21:39:38 +0000 2024,1823112131656446094,exact,"...πώς να κοιμηθείς ενώ σε έχουν περικυκλώσει οι φλόγες🔥🔥🔥της κολάσεως, ξημερώνει Τρίτη και 13😱 με το ενδεχόμενο να βαράει το 112(13) σαν τον κούκο👀;;;#φωτια_πεντελη, #Μαραθωνα, #Πυρκαγια,#φωτια",4,2
Mon Aug 12 21:39:25 +0000 2024,1823112077868691522,exact,"Φωτιά στην Αττική: Ήρωες με κουβάδες, κλαδιά και λάστιχα – Πολίτες παλεύουν με τις φλόγες – ΒΙΝΤΕΟ https://t.co/Mdm7rJhypL",4,2
Mon Aug 12 21:39:20 +0000 2024,1823112054959755389,exact,@user @user @user Έχει φτάσει η φωτιά στο Χαλάνδρι και στην Κηφισίας και ακόμη γλύφουν τα παπάρια του Κούλη! Ντράπηκε η ντροπή!,14,1
Mon Aug 12 21:39:16 +0000 2024,1823112039931228442,exact,Φωτιά στην Αττική: Κάηκε το σπίτι του ανθρώπου που καταδικάστηκε για την πυρκαγιά στο Μάτι – ΒΙΝΤΕΟ https://t.co/TuZ9LGhceM,6,1
Mon Aug 12 21:39:06 +0000 2024,1823111996658827601,exact,Παντού ακούμε για ανέμους αλλά η κιλοβατώρα είναι ακριβή γιατί ΔΕΝ φυσάει πολύ…. #φωτια,4,1
Mon Aug 12 21:39:02 +0000 2024,1823111978421747995,exact,"Φωτιά στη Δυτική Θεσσαλονίκη, εντός του πρώην Στρατοπέδου Καρατάσιου. Ευτυχώς ήρθε άμεσα η Πυροσβεστική. #φωτια #Φωτια_τωρα #Πολίχνη https://t.co/UL0CTqSOo5",9,1
Mon Aug 12 21:38:51 +0000 2024,1823111935811792964,exact,"Αν συνεχίσουμε να καίμε με αυτούς τους ρυθμούς τα δάση μας, το μόνο που θα μας μείνει στο τέλος θα είναι τα λιβάδια της Ποσειδωνίας, μόνο κ μόνο επειδή αυτά δε μπορούν να καούν   #φωτια #πυρκαγιά",9,0
Mon Aug 12 21:38:40 +0000 2024,1823111886709072100,exact,"@user 900000 στρέμματα κάηκαν πέρυσι στον Έβρο,20 μέρες έκαιγε η φωτιά ξεκίνησε από τον κεντρικό Έβρο και έφτασε να σβήσει στην Κομοτηνή, κοπριτες άριστοι σε αγαστη συνεργασία με κάθε λογής κολλητό εργολαβο",1,0
Mon Aug 12 21:38:25 +0000 2024,1823111823694201052,exact,"#φωτια #σερρες #φωτια_πεντελη #πυρκαγια αφού και ένας γνωστός ... αυτός μωρέ..πως τον λένε ..ο πολύ γνωστός ..το 'πε ξεκάθαρα ""αφού μια μέρα θα καούν όλα"" τι σκάτε..στις Σέρρες 43 χρόνια δεν είχε ποτέ φωτιά, τώρα έχει 3 διαφορετικα μέτωπα,το ένα καίει αθόρυβα 26 μέρες..αυτά!",9,4
Mon Aug 12 21:38:23 +0000 2024,1823111814714138884,exact,"""Ας καθαρίζατε τις αυλές σας να μην καιγόσαστε"" θα μπορούσε να πει σε ένα διάγγελμα, ο πρωθυπουργός μιας αφρικανικής χώρας που καίγεται η πρωτεύουσά της. Ο δικός μας μάλλον θα είναι πιο ήπιος. #φωτια",1,0
Mon Aug 12 21:38:21 +0000 2024,1823111807109623853,exact,"Βλάκες γαλαζαιοι, αν οι ζαιοι βαζουν τις φωτιες, πιάστε τους.  Αν ειστε ανίκανοι να τους πιάσετε, πείτε το, αν και το ξερουμε ήδη.  Ειστε 5 χρονια κυβέρνηση και σας φταίνε μόνιμα οι αλλοι και τα σπάνια καιρικά φαινόμενα. Και 300 να κυβερνήσετε , παλι τα ίδια θα λέτε.  #φωτια",49,11
Mon Aug 12 21:38:19 +0000 2024,1823111798272278849,exact,Φωτιά στην Αττική: Δραματική μάχη για να σωθεί η Μονή Πεντέλης – Video που κόβει την ανάσα https://t.co/2SOXQjuksL https://t.co/cUCSckaCKT,2,1
Mon Aug 12 21:38:16 +0000 2024,1823111786788225352,exact,Μέσα στην πόλη της Θεσσαλονίκης φωτιά έτσι από το πουθενά(?) Το νου σας στο Σέιχ Σου ανίκανοι!!,11,3
Mon Aug 12 21:38:13 +0000 2024,1823111774658527718,exact,"Φωτιά στην Άνω Γλυφάδα: Δυο συλλήψεις για εμπρησμό.  Έτσι, μπράβο !",0,0
Mon Aug 12 21:38:03 +0000 2024,1823111731532472645,exact,"@user Δεν είναι αποστολή του στρατού αυτή  Για πάσα νόσο και πάσα μαλακια . Υπάρχει πυροσβεστική, δήμος Περιφέρεια, αστυνομία κτλ..",2,0
Mon Aug 12 21:37:53 +0000 2024,1823111691485565133,exact,"Εκκενώνουν την περιοχή κοντά στο σπίτι μου, υπάρχει ανησυχία για την περιοχή μου, τουιταρω πόσο ανησυχητικό είναι ότι καίγεται ο αστικός ιστός  Εντωμεταξυ το επίπεδο των ψηφοφόρων της ΝΔ:",56,4
Mon Aug 12 21:37:53 +0000 2024,1823111689815924830,exact,Το «επιθετική φωτιά» είναι πιο αστείο από το «πιο βαρύ και παχύ χιόνι» που έπεσε όταν έκλεισε η Αττική Οδός με χιλιάδες εγκλωβισμένους; Ψηφίστε ελεύθερα #πυρκαγια,2,2
Mon Aug 12 21:37:45 +0000 2024,1823111657242902564,exact,"""Δίχως ενεργό μέτωπο η φωτιά στην Αττική"" έδωσε το σύνθημα από τις 11μμ ο μηχανισμός προπαγάνδας (65 δημοσιογράφοι της ΕΣΗΕΑ) του Μαξίμου,  ""Απομακρύνονται οι κάτοικοι από τον Βρανα Μαραθώνα προς τη λεωφ Μαραθώνος, ήχησε το 112"" δινουν τώρα oo.37' Mega/OPEN...",77,28
Mon Aug 12 21:37:22 +0000 2024,1823111559725641742,exact,Φωτιά στην Αττική: Δίχως ενεργό μέτωπο.  Επιτέλους,0,0
Mon Aug 12 21:37:10 +0000 2024,1823111508668403963,exact,"@user @user Εσείς τουλάχιστον  συζητάτε κόσμια,  μετανιώνω για το βιαστικό ψεκ. Δεν πήρα απάντηση όμως, πώς μεταφέρονται τα τεράααστια πτερύγια όταν δεν υπάρχει φωτιά. Δεν περιλαμβάνει διάνοιξη δρόμων η άδεια;",0,0
Mon Aug 12 21:37:02 +0000 2024,1823111477999362318,exact,"@user Κάθε μέρα θες να τον βρίσεις,έκατσε  με την φωτιά!",1,0
Mon Aug 12 21:37:00 +0000 2024,1823111469669536229,exact,@user Κλαιρη ευτυχως ήρθε άμεσα η Πυροσβεστική https://t.co/qg3jGGKNwS,4,0
Mon Aug 12 21:36:46 +0000 2024,1823111410634641847,exact,"Πάτημα Βριλησσίων – Μαρτυρία πολίτη: “Τώρα που σβήσαμε τη φωτιά, ήρθε το πυροσβετικό” Αβοήθητος δήλωσε κάτοικος στο Πάτημα Βριλησσίων, που κατάφερε μόνος του, μαζί με γείτονες, να σώσει τα σπίτια της περιοχής του. https://t.co/ISFzS2ZxTT",0,0
Mon Aug 12 21:36:22 +0000 2024,1823111307584836034,exact,"""Πάντα έπιανε #φωτιά"".  ""Κλιματική αλλαγή"". ""Φαινόμενο κηλίδωσης"".  ΟΧΙ.-   Η #πυρκαγια αντιμετωπίζεται ΚΥΡΙΑΡΧΑ με δραστικά μέτρα πρόληψης, πολιτική βούληση και σοβαρό σχεδιασμό.  Η κατάσβεση/καταστολή είναι ο έσχατος τρόπος αντιμετώπισης. https://t.co/DmSYKBtgvL",4,0
Mon Aug 12 21:36:16 +0000 2024,1823111282750349319,exact,@user @user Εδώ στην πυρκαγιά του 2015 άφησαν τα πρόβατα στην στάνη να κάνουν ζωντανά για να πάρουν την αποζημίωση. Μέσα και τα σκυλιά. Υπάνθρωποι.,3,1
Mon Aug 12 21:36:14 +0000 2024,1823111275087356206,exact,@user Βρήκες αφορμή την πυρκαγιά να δείξεις άλλη μια  φορά ποσο προδότες και προσκυνημένοι είστε Ο σύλλογος της ελληνοτουρκικης φιλίας χρηματοδότουταν από ολες τις ελληνικές κυβερνήσεις μέλη εξ αυτών έχουν κουμπαριές με Τούρκους πολιτικούς,1,0
Mon Aug 12 21:36:06 +0000 2024,1823111240979521657,exact,"@user Σα να τον ακούω να μιλά για την πυροσβεστική διάταξη που υποχρέωνε τους ιδιοκτήτες να λάβουν μέτρα πυροπροστασιας διαφορετικά θα είναι υπεύθυνοι αν καούν και θα τους επιβληθούν και πρόστιμα,και να γελάει ο άχρηστος!",1,0
Mon Aug 12 21:35:10 +0000 2024,1823111007327395891,exact,@user Πως επιτρέπει η κυβέρνηση: 1)Να καίγεται η χώρα που εκπροσωπούν και υποτίθεται προστατεύουν την ασφάλεια της2)Αφήνουν να επεκταθεί η φωτιά που σημαίνει είτε ότι αδιαφορούν να τη σβήσουν είτε είναι ανίκανοι -αγνοουν ηθελημένα να το πραξουν,8,1
Mon Aug 12 21:34:53 +0000 2024,1823110936317821387,exact,"Μια απορια έχω,η Εκάλη γιατι δεν καιγεται ποτε?#Πεντελη #πυρκαγιά #Φωτια_τωρα",11,1
Mon Aug 12 21:34:32 +0000 2024,1823110847603900818,exact,Επείγουσα ανάγκη λήψης των κατάλληλων μέτρων  για  όλους τους βρισκόμενους ή εργαζόμενους  στις περιοχές που πλήττονται από τη φωτιά #Ειδήσεις #Ανακοινώσεις #εργαζόμενοι #Φωτιά #Αττική #πληροφορίες #Τυπολόγος https://t.co/p1ewOlQXgm,3,1
Mon Aug 12 21:34:27 +0000 2024,1823110824946291172,exact,ΕΙΜΑΣΤΕ ΣΕ ΠΟΛΕΜΟ ΝΤΕ ΦΑΚΤΟ  #Φωτια στο στρατόπεδο #Καρατάσου στη δυτικη  #Θεσσαλονίκη. Δυνάμεις της #πυροσβεστικης  εχουν φτασει 6 #πυροσβεστικα και 28 #Πυροσβεστες  η φωτιά καίει πεύκο εντός του στρατοπέδου #Φωτια_τωρα #πυρκαγιά https://t.co/mAKneR9fey,50,10
Mon Aug 12 21:34:25 +0000 2024,1823110817560113491,exact,"@user Εννοώ όπως άλλες φορές που είχαμε όλο συνεντεύξεις τύπου, διαγγέλματα. Επαρχία μένω αλλά θεωρώ πως είναι κάπως σοβαρό να καίγεται αστικός ιστός Ευρωπαϊκής πρωτεύουσας από φωτιά που ξεκίνησε 15χλμ μακριά … ξέρω γω, μπορεί να υπερβάλλω…",2,0
Mon Aug 12 21:34:19 +0000 2024,1823110795003109408,exact,Αφήνω αυτό εδώ. Τίποτα άλλο.  #φωτια #Κικιλιας #πυρκαγιά #Βαρνάβας #Χαλανδρι https://t.co/YeLLWe41u1,3,4
Mon Aug 12 21:34:09 +0000 2024,1823110751839813913,exact,Κάηκε στην Πεντέλη το σπίτι του ανθρώπου που ξεκίνησε τη φωτιά στο Μάτι https://t.co/j5QbczN4cY #MadataGR #greeknews #eidiseis,1,0
Mon Aug 12 21:34:05 +0000 2024,1823110735901122685,exact,"@user @user Btw κάπως έτσι έφυγα κ εγώ τέλη Ιουνίου από τν δουλειά όταν υπήρξε φωτιά λίγα χιλιόμετρα πίσω από την δουλειά μ στην Κύπρο. Είμαι τυχερός δλδ που δν έβγαλαν κ γ μένα διαδικτυακό ""ένταλμα"" σύλληψης😅",1,0
Mon Aug 12 21:33:59 +0000 2024,1823110707917005131,exact,"https://t.co/AUBzIjE4ne Η χλωρίδα δεν αλλάζει γιατί η Πυροσβεστική δεν προλαβαίνει. Αν το σύστημα δεν προλαβαίνει ή δεν μπορεί ή δεν θέλει να κατασβέσει φωτιές στα δάση, αλλάζεις το σύστημα.",0,0
Mon Aug 12 21:33:37 +0000 2024,1823110616154087638,exact,"Θα έλπιζα αυτή η εικόνα να στοιχειώνει τον ύπνο του, όπως και όλες οι εικόνες της καταστροφής λόγω της ανικανότητας του, τα Τέμπη, η Εύβοια, η Δαδιά, η Θεσσαλία. Όμως το ξέρω ότι θα κοιμηθεί ήσυχος, γιατί έτσι είναι οι κοινωνιοπαθείς... #Μητσοτακης #πυρκαγιά #ΝΔ_θελατε https://t.co/RTXoR8kVQ1",0,0
Mon Aug 12 21:33:31 +0000 2024,1823110590383919500,exact,@user Στην πρώτη φώτο διακρίνεται ο καπνός από τη φωτιά πίσω από Αστεροσκοπείο. Από αυτόν τον καπνό φαίνεται ότι η φωτιά στο συγκεκριμένο μέρος έκαιγε πριν από αρκετή ώρα. Άρα η πυρκαγιά είχε αρχίσει πολύ νωρίτερα ή ήρθε από αλλού. Αυτός στη φώτο δεν είναι ο δράστης.,2,0
Mon Aug 12 21:33:25 +0000 2024,1823110564845064429,exact,Oλονύχτια θα είναι η μάχη των πυροσβεστικών δυνάμεων #φωτια #πυρκαγιά   https://t.co/ROojTLroEA,1,0
Mon Aug 12 21:33:23 +0000 2024,1823110556464595280,exact,Ο Νίκος Συρίγος ξεσπά για την έλλειψη επίγειων κι εναέριων δυνάμεων για τη φωτιά στην Αττική #φωτια #SpoilerAlert #Spoilers #spoiler #survivorGR #GiTisElias #Magissa #timoros #AgiosErotas #DiafaniAgapi #kalageramata #grandhotel https://t.co/8Xa8JBpKYI,1,1
Mon Aug 12 21:33:16 +0000 2024,1823110530489327798,exact,@user Τοξικότητα είναι να σου καίγεται το σπίτι στα Βριλήσσια από φωτιά που ξεκίνησε πριν 24 ώρες στον Βαρνάβα και να έχεις το κάθε γίδι σαν του λόγου σου να σου κουνάει και το δάχτυλο. Ζώα,1,0
Mon Aug 12 21:33:12 +0000 2024,1823110514022518980,exact,"@user Διάβασε τι λέει ρε κομματόσκυλο.  Την δουλειά του κούλη κάνουν, τους πιάνουν τους αφήνουν ελεύθερους, ξαναβάζουν φωτιά τους ξαναφήν  ελεύθερους και ξαναβάζουν μέχρι να γίνει η ελλάδα, η μπαταρία της ευρώπης, άντε στα τσακίδια βραδιάτικα, το δικό σου σπίτι να κάψουν μπάσταρδέ. https://t.co/NMsUhv20XL",0,0
Mon Aug 12 21:33:12 +0000 2024,1823110512743428568,exact,Προσήχθησαν δύο ανήλικοι και οι γονείς τους για την πυρκαγιά στη Γλυφάδα https://t.co/5pVp09ItGT,0,0
Mon Aug 12 21:33:07 +0000 2024,1823110492430172594,exact,@user Εδώ ο κόσμος καίγεται …,0,0
Mon Aug 12 21:33:02 +0000 2024,1823110470061985841,exact,"@user Ε ναι μωρέ,βάζουμε μια φωτιά και πετάμε μετα τα διαβατήρια μπάς και δεν μας βρουν..αν πιστεύετε αυτά τα παραμύθια δεν υπάρχει ελπίδα.",6,0
Mon Aug 12 21:32:56 +0000 2024,1823110446460862739,exact,"Και ο νικητής για το ποιος τρίτος φταίει για την σημερινη πυρκαγιά..... ""Χαοτική κηλίδωση!"" Η ΚΒ τα είχε κάνει όλα σωστά! https://t.co/dMqbx0v2iB",3,1
Mon Aug 12 21:32:24 +0000 2024,1823110308765810924,exact,@user Κ θα μιλήσει αργότερα για τις ελλείψεις !! Θα μας τις πει ο Κασελακης που αμφιβάλλω αν ξέρει που εινσι η πυροσβεστική!!!,0,0
Mon Aug 12 21:32:14 +0000 2024,1823110268362297527,exact,Οι Ράδιο Αρβύλα με λίγες λέξεις περιγράφουν τη μεγάλη φωτιά στην Αττική  #φωτια #SpoilerAlert #Spoilers #spoiler #survivorGR #GiTisElias #Magissa #timoros #AgiosErotas #DiafaniAgapi #kalageramata #grandhotel https://t.co/evqPBQv183,1,0
Mon Aug 12 21:32:12 +0000 2024,1823110259952451855,exact,"Ξεσπά κάτοικος για φωτιά στην Αττική: «Ετοιμάζεται να μπει στα σπίτια, δεν υπάρχει ούτε ένα πυροσβεστικό» https://t.co/iGURCEpz97",0,0
Mon Aug 12 21:32:10 +0000 2024,1823110251861639484,exact,Φωτιά στην Αττική: Ολονύχτια μάχη σε Πεντέλη και Μαραθώνα https://t.co/ENJew3A6u0 μέσω @user,0,0
Mon Aug 12 21:31:48 +0000 2024,1823110161143152813,exact,Αν δεν γίνει ένας  πόλεμος να ξεβρωμισει ο τόπος που λέγανε κι οι χρυσαυγιτες προκοπη μην περιμενετε. Καλό κουράγιο. Η αλήθεια πρέπει να λέγεται όσο σκληρή κι αν είναι .#φωτιά,0,0
Mon Aug 12 21:31:47 +0000 2024,1823110154885148851,exact,Οι Ράδιο Αρβύλα με λίγες λέξεις περιγράφουν τη μεγάλη φωτιά στην Αττική #φωτια #SpoilerAlert #Spoilers #spoiler #survivorGR #GiTisElias #Magissa #timoros #AgiosErotas #DiafaniAgapi #kalageramata #grandhotel https://t.co/evqPBQutiv,0,0
Mon Aug 12 21:31:47 +0000 2024,1823110153584935130,exact,"@user Καλε τι λες τώρα, εδώ καίει 26 μέρες η φωτιά στις Σέρρες και δεν ακούστηκε κιχ. Τι επειδή είμαστε συμπρωτεύουσα θ ασχοληθούν;  Δεν είναι άξιο αναφοράς 🤡",23,0
Mon Aug 12 21:31:43 +0000 2024,1823110138070216961,exact,"@user Το σπίτι της, καίγεται γιατί ο πουτανας υιός το επιτρέπει για να μην πω το επιδιώκει όπως λένε οι ίδιοι. Να μας κάψουν ήθελαν όχι να μας σώσουν.  Εσένα τι σε κόφτει; Σε γαστρωνει ο Μητσοτάκης;",0,0
Mon Aug 12 21:31:06 +0000 2024,1823109984021872727,exact,"@user Πές στους ""ηγέτες"" του ανύπαρκτου κράτους να στείλουν βοήθεια στην φίλη της την Τουρκία που καίγεται εδώ και μια βδομάδα και δεν μπορούν να σβήσουν τίποτα. https://t.co/JoLruvZuEl",1,0
Mon Aug 12 21:30:59 +0000 2024,1823109952640065573,exact,Γλυφάδα: Συνελήφθησαν δύο νεαροί που φέρονται να έβαλαν τη φωτιά στην Τερψιθέα https://t.co/BxJAc73qxS Αλήθεια γιατί δεν μας τους εμφανίζεται στο Σύνταγμα? Μήπως έτσι οι επόμενοι έχουν δεύτερες σκέψεις?,0,0
Mon Aug 12 21:30:53 +0000 2024,1823109930955751779,exact,Εκφράζω την απόλυτη ευγνωμοσύνη μου στους πυροσβέστες που πέφτουν στις φωτιές για ψίχουλα. Υποκλίνομαι  #φωτια,11,3
Mon Aug 12 21:30:42 +0000 2024,1823109884419637619,exact,"Υπαρχει ακομη το εν    Δεχομενο τα Παιδια Μου Να μου ΕξηγηΣουν το "" τη Λολα ποιος Απ' τη      Φωτια θα Βγαλει"" Σαν Νανουρισμα.  Να Χαρ ω Εγω   ΕφιΑλτη συνοΜήλιΚο!",5,4
Mon Aug 12 21:30:39 +0000 2024,1823109869194432632,exact,"Κοντέ ,δεν σε είδα εθελοντικά να πας να σβήσεις καμιά φωτιά ..Εκ του κανα-πέους  τα λες όπως γουστάρεις",6,0
Mon Aug 12 21:30:39 +0000 2024,1823109868552851868,exact,Ελπίζω να μην ισχύει αυτό που δημοσίευσε η Κουβελιώτη για νεκρή γυναίκα στο Πάτημα... #φωτια,4,1
Mon Aug 12 21:30:32 +0000 2024,1823109842984128996,exact,η φωτιά έχει φτάσει στο κέντρο της Αθήνας και του φταίνε οι εθελοντές πυροσβέστες της Γερμανίας … οικογένεια να τον μαζέψει δεν έχει ο φουκαράς ;,0,0
Mon Aug 12 21:30:32 +0000 2024,1823109842187305312,exact,Αττική: Οι πρώτες εκτιμήσεις για το πόσα σπίτια κάηκαν από την κόλαση φωτιάς | https://t.co/S18PpKysLu #φωτια #φωτιες #πυρκαγια #πυρκαγιες  https://t.co/CWdKrt9ugZ,1,1
Mon Aug 12 21:30:26 +0000 2024,1823109814668382574,exact,@user Από τα 37 -3 συντονισμού =34 ειπαν οτι εστηλαν. Η φωτιά ξεκίνησε στις 3περιπου. Εάν από τα 34 είχαν φτάσει τα 10 στις 4 δεν θα γινόταν τίποτα.  Αν είχανε παει τα 34 που λένε θα είχαμε μια καινουργια λιμνη..,0,0
Mon Aug 12 21:30:23 +0000 2024,1823109803087966574,exact,@user Άρρωστος είσαι όταν κανείς ψύχραιμη κακόβουλη κριτική σε κάποιον που του καίγεται τος σπίτι. Γιατί σου έβρισε το μητσοτακη. Ξεφτίλα!,2,0
Mon Aug 12 21:30:11 +0000 2024,1823109751053472181,exact,@user Πήρε τη μάνικα κ όρμησε στη φωτιά!,1,0
Mon Aug 12 21:30:07 +0000 2024,1823109735857459555,exact,Η Ρένα Κουβελιώτη μεταδίδει ζωντανά από το μέτωπο στης φωτιάς στην Αττική που έχει φτάσει στα Βριλήσσια #φωτια #SpoilerAlert  #Spoilers #spoiler #survivorGR #GiTisElias #Magissa #timoros #AgiosErotas #DiafaniAgapi #kalageramata #grandhotel https://t.co/ZYJZto60wf,0,0
Mon Aug 12 21:30:03 +0000 2024,1823109717956202521,exact,🔥 Άνω Γλυφάδα: 2 ύποπτοι για τη #φωτιά- Δεν υπάρχουν συλλήψεις https://t.co/DNwVjOrnx5,6,1
Mon Aug 12 21:29:54 +0000 2024,1823109682245886149,exact,"@user Το τερμάτισες εσύ. Άρα αφού καίγεται η Αφρική ας καεί και η Αττική, μην κάνουμε έτσι.",0,0
Mon Aug 12 21:29:53 +0000 2024,1823109678374457543,exact,"@user Βγάζεις αυθερετα συμπεράσματα απ' το μυαλό σου μόνο και μόνο για να στηρίξεις ότι πιο άχρηστο έχει περάσει απ' την κυβέρνηση αυτού του τόπου, αν δεν είσαι ηλίθιος πες μου τι ακριβώς είσαι; Ξέρεις κάποιον συριζαιο που να έβαλε φωτιά, αν ναι πες τονε ονοματεπώνυμο αν όχι βουλωσε το",1,0
Mon Aug 12 21:29:50 +0000 2024,1823109666794053946,exact,Η Ρένα Κουβελιώτη μεταδίδει ζωντανά από το μέτωπο στης φωτιάς στην Αττική που έχει φτάσει στα Βριλήσσια #φωτια #SpoilerAlert #Spoilers #spoiler #survivorGR #GiTisElias #Magissa #timoros #AgiosErotas #DiafaniAgapi #kalageramata #grandhotel https://t.co/ZYJZto60wf,0,0
Mon Aug 12 21:29:44 +0000 2024,1823109640936206493,exact,"@user 400 πυροσβέστες από όλη την Ελλάδα ήταν στην Αθήνα, συγκεκριμένα στην Μαγούλα,θα έμεναν μέχρι και σήμερα.Σάββατο βράδυ και ενώ ο δείκτης επικινδυνότητας ήταν 5 για την Κυριακή τους έδιωξαν...Και όλοι απορούσαν... Κυριακή μεσημέρι έπιασε η φωτιά!!Θα υπάρξει καμία τιμωρία;;; #φωτια",3,1
Mon Aug 12 21:29:33 +0000 2024,1823109591888011743,exact,Συγκέντρωση στο Σύνταγμα την Τρίτη 13 Αυγούστου 2024 στις 8 μμ #Παπαδάκης #Κώστας_Παπαδάκης #Ανατρεπτική_Συμμαχία #Δήμος_Αθηναίων #Αθήνα #φωτιά #πυρκαγιά #Μαραθώνας,9,3
Mon Aug 12 21:29:29 +0000 2024,1823109577065349384,exact,Φωτιά φωτια έλα απόψε να καούμε,2,1
Mon Aug 12 21:29:28 +0000 2024,1823109571755286946,exact,#Φωτιά 🔥 #megafire #Βαρνάβα  #Διόνυσος  #Πεντέλη  #Μαραθώνα #Σταμάτα #Τερψιθέα Γλυφάδας  #Opentv  Η #ΕΛΑΣ έπιασε τους εμπρηστες🔥 Ένας 14χρ κ ένας 12χρ.... Άναψαν φωτιά με αναπτήρα κ ξεροφυλλα.... Τι να πεις 👭👫🧑‍🤝‍🧑👹  RT,3,2
Mon Aug 12 21:29:28 +0000 2024,1823109571076133005,exact,"Υπάρχουν 3 μέτωπα  στον #Βρανά #Μαραθωνα, έχει σταλεί μνμ εκκένωσης  Μέτωπο πάνω από το #Γραμματικο, έχει κατεύθυνση προς  #ΆνωΣούλι σύμφωνα &amp; με τον δήμαρχο 3ο μέτωπο στην #ΝεαΜακρη  που μέχρι στιγμής δεν είναι απειλητικό για σπίτια #φωτια #Φωτια_τωρα #πυρκαγιά #Νεα_Μακρη",2,1
Mon Aug 12 21:29:24 +0000 2024,1823109554869280845,exact,"@user Την επόμενη φορά που θα σε ρωτήσουν για τη #φωτιά στην Αθήνα, δείξε τους αυτή τη φωτό και ρώτα τους αν θέλουν βοήθεια όπως τους στείλαμε στους σεισμούς τους, για να σβήσουν τις δικές τους φωτιές που καίνε εδώ και μια βδομάδα παντού, σε όλη την Τουρκία. https://t.co/fS0L6XBGwQ",3,0
Mon Aug 12 21:29:11 +0000 2024,1823109501660409930,exact,"@user @user Αλλά είναι αρκετό το νερό που μεταφέρουν για να σβήσουν το βουνό; Στην προηγούμενη φωτιά στο #Διονυσο επενέβη το ρώσικο το θηρίο κ περιορίστηκε άμεσα Εδώ τώρα έχει γινει σχεδόν η ίδια ζημιά με τη μεγάλη  #φωτια στην #Πεντέλη  το 1995, 30 χρόνια πριν  https://t.co/2snJ2pApnj",1,1
Mon Aug 12 21:28:59 +0000 2024,1823109452783910954,exact,Συνελήφθησαν οι νεαροί που έβαλαν τη φωτιά στη Γλυφάδα - https://t.co/xs7wehnUJL,0,0
Mon Aug 12 21:28:43 +0000 2024,1823109385628901750,exact,Η Ρούλα Κορομηλά δείχνει την αγανάκτησή της για τα ζώα που εγκαταλήφθηκαν στη φωτιά στην Αττική #φωτια #SpoilerAlert #Spoilers #spoiler #survivorGR #GiTisElias #Magissa #timoros #AgiosErotas #DiafaniAgapi #kalageramata #grandhotel https://t.co/anJZOMFyVQ,3,0
Mon Aug 12 21:28:29 +0000 2024,1823109326052991457,exact,@user Ας σβήσει πρώτα και μετά ας πούμε ότι θέλουμε.. Ναι δεν είναι μόνο η Αθήνα Ελλάδα.. Προέχει όμως να σβήσει η φωτιά που ανέβασες από το να το παίξουν 2 κανάλια..,2,0
Mon Aug 12 21:28:27 +0000 2024,1823109316716498999,exact,Η Ρούλα Κορομηλά δείχνει την αγανάκτησή της για τα ζώα που εγκαταλήφθηκαν στη φωτιά στην Αττική #φωτια #SpoilerAlert #Spoilers #spoiler #survivorGR #GiTisElias #Magissa #timoros #AgiosErotas #DiafaniAgapi #kalageramata #grandhotel https://t.co/anJZOMFyVQ,0,0
Mon Aug 12 21:28:13 +0000 2024,1823109256331034864,exact,Της άλλης φταίει η κυβέρνηση για τις φωτιές . Μωρή μουρλοκακομοίρα  χθες εμπρηστές έβαλαν σε 3 σημεία φωτιά στα Μέγαρα .,81,11
Mon Aug 12 21:28:11 +0000 2024,1823109250857722009,exact,@user Λίνα ως δημοσιογράφος μπορείς να ψάξεις να μας πεις λίγο τα raw αρχεία του engage το έγινε κ πήγαν τόσο καλά οι ανώτατοι της πυροσβεστικής στον συντονισμό; Επίσης φαίνονται στο σύστημα οι υδροφόρες των δήμων κ οι εθελοντές; Κ πως κατάφεραν να χάσουν μια καθαρά αγροτική φωτιά;,1,0
Mon Aug 12 21:28:11 +0000 2024,1823109249087713326,exact,ΑΦΙΕΡΩΜΕΝΟ!! #φωτια #φωτια_πεντελη #Βαρβαβας #Βριλήσσια #πυρκαγιά #μμε_ξεφτίλες #ΝΔ_ΣΥΜΜΟΡΙΑ   https://t.co/xlcbgxYjLC,0,0
Mon Aug 12 21:28:04 +0000 2024,1823109220222308535,exact,"@user Κε Πορτοσαλτε ,  Σας διαφεύγει το εξής βασικό , δεν υπάρχει η έννοια της διαχείρισης των δασών στην Ελλαδα. Και δεν υπάρχει γιατί η νομοθεσία μας έχει μείνει πίσω. Η φωτιά ξεκίνησε από το Βαρνάβα και πέρασε μέσα από άναρχα αναδασωμένες εκτάσεις.  Δεν μας σώζει κανένας ΠΟΛΙΤΙΚΟΣ.",8,0
Mon Aug 12 21:28:04 +0000 2024,1823109219882528786,exact,@user @user Ρε πάτε καλά ρε; Σιγά μην έχει πιάσει και φωτιά μεσοπέλαγα 😂,0,0
Mon Aug 12 21:27:36 +0000 2024,1823109103792660605,exact,"@user Η προσπάθεια συμψηφισμού κάθε πυρκαγιάς με την πυρκαγιά στο Μάτι θυμίζει το γνωμικό: ""μεταξύ τών τυφλών επικρατεί ο μονόφθαλμος"".....!",0,0
Mon Aug 12 21:27:26 +0000 2024,1823109059022594089,exact,"Μια απλή απορία/παρατήρηση που μπορεί να είναι και λανθασμένη:   Συγκριτικά με προηγούμενες καταστροφές της τελευταίας ας πούμε 2ετιας, γιατί δεν βλέπουμε Πρωθυπουργό, Περιφερειάρχη, Υπουργό Πολιτ Προ κλπ ; Νέο «κόλπο» αυτό;   #φωτια_πεντελη #φωτιά",1,0
Mon Aug 12 21:27:24 +0000 2024,1823109052726981059,exact,Εκφράζω την απόλυτη ευγνωμοσύνη μου στους πυροσβέστες που πέφτουν στη φωτιά για ψίχουλα . Υποκλίνομαι  #πυρκαγια,1,0
Mon Aug 12 21:27:16 +0000 2024,1823109019692564678,exact,Αγανάκτηση εξέφρασε η Σταματίνα Τσιμτσιλή για τη καταστροφή από τη μεγάλη φωτιά στην Αττική #φωτια #SpoilerAlert #Spoilers #spoiler #survivorGR #GiTisElias #Magissa #timoros #AgiosErotas #DiafaniAgapi #kalageramata #grandhotel https://t.co/hheIomhrOb,0,0
Mon Aug 12 21:27:04 +0000 2024,1823108970430521555,exact,Φωτιά στην Αττική: Μάχη με τις φλόγες για δεύτερο 24ωρο – Ανυπολόγιστη καταστροφή -  https://t.co/thlvamdYgZ https://t.co/46Sqlo1nsL,0,0
Mon Aug 12 21:27:04 +0000 2024,1823108967326761145,exact,@user Τε σύ Υπουργαρα @user δεν είχες προετοιμαστεί για τις οργανωμένες επιθέσεις 🥴🥴;;; #φωτιες #φωτιά,0,0
Mon Aug 12 21:27:02 +0000 2024,1823108958804152560,exact,"@user Δεν είναι τώρα η ώρα.με το Μάτι κάναμε 6 χρονια βα βγάλουμε άκρη. ...ενω τα,ξερατε απο εκεινη την ωρα...Είτε εσείς είτε οι άλλοι η πατρίδα,καίγεται κάθε καλοκαίρι",0,0
Mon Aug 12 21:26:54 +0000 2024,1823108925715251298,exact,Αγανάκτηση εξέφρασε η Σταματίνα Τσιμτσιλή για τη καταστροφή από τη μεγάλη φωτιά στην Αττική #φωτια  #SpoilerAlert #Spoilers #spoiler #survivorGR #GiTisElias #Magissa #timoros #AgiosErotas #DiafaniAgapi #kalageramata #grandhotel  https://t.co/hheIomhZDJ,0,0
Mon Aug 12 21:26:53 +0000 2024,1823108923353698388,exact,"Μουλε, ανάθεμα τη φάρα σου ξεφτυλισμενε.  Γυρνάω με έναν αναπτήρα να στον βαλω στο πάτο σου ρουφιάνε Ελληναρα   #πυρκαγιά #Βαρνάβα #φωτιατωρα #Πεντελη #φωτια",8,0
Mon Aug 12 21:26:40 +0000 2024,1823108867162570832,exact,"Φωτιά στην Αττική: Εξασθενημένοι οι άνεμοι τη νύχτα, μάχη με επίγειες δυνάμεις - Προσοχή τα ξημερώματα, λέει ο Κολυδάς https://t.co/ayPhd8dmxn https://t.co/dAyMhXjmrG",5,2
Mon Aug 12 21:25:55 +0000 2024,1823108677659717742,exact,#φωτια ⚠️🔥⚠️Ρούλα Κορομηλά για φωτιά στην Αττική: «Απανθρωπιά... Από εμένα τεράστια συγνώμη στα ζώα»⚠️🔥⚠️ https://t.co/uV13FhXrM1,2,1
Mon Aug 12 21:25:41 +0000 2024,1823108621988708815,exact,Η απουσία αντιπολίτευσης στη χώρα πιο αισθητή από ποτέ. #φωτιά,10,1
Mon Aug 12 21:25:38 +0000 2024,1823108606310428751,exact,"@user Να πυροβολήσουν τις φωτιές; Ή να κάνουν γοπινγκ; Πυροσβεστική λέγεται το σώμα που χρειάζεσαι ΕΥΗ μου, και πυροσβέστες αυτοί που το τρέχουν. Για να ξέρουμε τι ζητάμε.",0,0
Mon Aug 12 21:25:30 +0000 2024,1823108575889068160,exact,ΠΡΙΝ ΑΠΟ ΛΙΓΟ - ΒΙΝΤΕΟ ΑΠΟ ΤΗΝ ΜΕΓΑΛΗ ΦΩΤΙΑ ΣΤΟ ΠΡΩΗΝ ΣΤΡΑΤΟΠΕΔΟ «ΚΑΡΑΤΑΣΙΟΥ» ΣΤΗΝ ΠΟΛΙΧΝΗ ΘΕΣΣΑΛΟΝΙΚΗΣ  Γελάει ο Πρωθυπουργός   Παραιτηθείτε επιτέλους. Όλοι σας.  Δεν αντέχει πλέον αυτός ο τόπος το ζυγό και τη βρωμιά σας.   #φωτια  #Φωτια_τωρα  #φωτιατωρα  #Αττική  #Πυρκαγιά https://t.co/7BXegjdFdW,9,5
Mon Aug 12 21:25:28 +0000 2024,1823108567571812805,exact,#Φωτιά στην Αττική: Κάηκε το σπίτι του 65χρονου που καταδικάστηκε για την πυρκαγιά στο #Μάτι - «Δεν έχω λόγια» https://t.co/af7GL6uZDX https://t.co/x6Nga20BdH,1,1
Mon Aug 12 21:25:23 +0000 2024,1823108545933382039,exact,@user Εύγε στους ανθρώπους του πεδίου που σε 36 ώρες κατάφεραν να περιορίσουν την τεράστια φωτιά.,0,0
Mon Aug 12 21:24:30 +0000 2024,1823108324042174938,exact,@user Θυμάμαι εκεί στα μέσα της δεκαετίας του 80 μία φωτιά που έκαψε το νότιο Πήλιο και μία την βόρεια Εύβοια με τι σχέδιο είχαν αντιμετωπιστεί και οι δύο . Έσβησαν στη θάλασσα.,5,0
Mon Aug 12 21:24:30 +0000 2024,1823108320644796663,exact,@user όταν σου καεί εσένα το σπίτι εσύ να βγαίνεις και να λες ευχαριστώ στο κράτος που δεν κάνει τίποτα και το αφήνει να καίγεται.   Αλλα από τον καναπέ μας και την φραπεδαρα μας ωραία είναι να ξεπλένουμε την κυβέρνηση βρίζοντας τους παθόντες.  σουργελο.,1,0
Mon Aug 12 21:24:11 +0000 2024,1823108242660335617,exact,Φωτιά στην Αττική: «Καμπανάκι» από Κολυδά για κίνδυνο αναζωπυρώσεων τα ξημερώματα https://t.co/w6gv1NPAxV #MadataGR #greeknews #eidiseis,0,0
Mon Aug 12 21:23:56 +0000 2024,1823108179972034714,exact,"@user Η αγανάκτηση αυτη δεν ειναι συ στον να σου βγαίνει ΤΗΝ ΩΡΑ που καίγεται το σπίτι σου. Εκει κοιτάς να σώσεις οτι μπορείς, οχι να βρίσεις.",1,0
Mon Aug 12 21:23:54 +0000 2024,1823108170405040589,exact,"Αν δεν υπάρχει ενεργό μέτωπο αλλά ταυτόχρονα στέλνουν 112 για εκκένωση του Βρανά Μαραθώνα τότε είναι δυο φορές μαλάκες, πράγμα που δε μου κάνει ουδεμία εντύπωσις...",3,0
Mon Aug 12 21:23:23 +0000 2024,1823108043308949817,exact,Φωτιά στην Αττική: Ολονύχτια μάχη με δεκάδες εστίες και αναζωπυρώσεις σε Πεντέλη και Μαραθώνα (vid) | Ειδήσεις για την Οικονομία | newmoney https://t.co/w6l83y0ri8 https://t.co/uai6RD7f5R,0,0
Mon Aug 12 21:23:13 +0000 2024,1823108000975843797,exact,Φωτιά στην Αττική: Ήχησε το 112 στην περιοχή Βρανά Μαραθώνα https://t.co/Ao7WT84W3n,0,0
Mon Aug 12 21:23:08 +0000 2024,1823107977144115697,exact,@user Λαϊκισμός είναι να δίνεις 4 δις για επιδόματα το χρονο αντί να περνεις πυροσβεστικά και όταν σου καίγεται το σπίτι να σου στέλνει πυροσβεστικά η Τουρκία,4,0
Mon Aug 12 21:22:23 +0000 2024,1823107791092924547,exact,"#φωτιά #πυρκαγια ξενερωσαν κ οι δημοσιογράφοι στα κανάλια , σταμάτησε η φωτια, δεν μπορούν να πουλήσουν τρόμο",0,0
Mon Aug 12 21:22:16 +0000 2024,1823107760440975821,exact,Nonews-NEWS: Κάηκε το σπίτι του 65χρονου που καταδικάστηκε για την πυρκαγιά στο Μάτι. https://t.co/7QjczODrcd  Την υβρη ακολουθεί η νεμεσις...,6,3
Mon Aug 12 21:22:02 +0000 2024,1823107703142568418,exact,Πεντέλη: Παιχνίδι της μοίρας - Κάηκε το σπίτι του ανθρώπου που κατηγορήθηκε για τη φωτιά στο Μάτι | Flash https://t.co/yuD7aqh8L2 https://t.co/k3dqT5fDyQ,0,0
Mon Aug 12 21:21:52 +0000 2024,1823107660629028933,exact,"@user ΠΟΥΤΣΟΚΕΦΑΛΕ , ζήσε με τα φαντάσματα σου … σήμερα καίγεται η Αττική , χθες η Βόρεια. Εύβοια.. Έχουμε όμως Υπουργαρα @user και πρωθυπουργαρα @user",0,0
Mon Aug 12 21:21:46 +0000 2024,1823107636629487783,exact,@user Καίγεται το μουνί και μπατζάκια σας Νίκο.,1,1
Mon Aug 12 21:21:10 +0000 2024,1823107484422139956,exact,"@user @user Έρχεται και στο σπιτι σου η φωτιά περίμενε, να δω μέχρι ποτέ θα γλύφεις τον Κούλη",0,0
Mon Aug 12 21:21:08 +0000 2024,1823107474427380059,exact,#φωτια Όταν καίγεται η μισή Ελλάδα αλλά εσύ παίρνεις εκατομμύρια για να ασκήσεις δημοσιογραφια https://t.co/ExhzDUehpZ,2,0
Mon Aug 12 21:20:54 +0000 2024,1823107415119958294,exact,@user Τι τον νοιάζει;   Το σπίτι του καίγεται;    Πολύ Αριστερόστροφος!,1,0
Mon Aug 12 21:20:47 +0000 2024,1823107389127524654,exact,"Είπε να κάνει κι έναν σεισμό στη Χαλκιδική και πέρασε στα ψιλά με τη φωτιά. Ούτε μια γιαγιουλα τρομαγμένη, ούτε ρεπορτάζ με κάνα μπαρμα που είδε το πολυφωτο να πηγαίνει πέρα δώθε. Τίποτα.",3,0
Mon Aug 12 21:20:47 +0000 2024,1823107387399569873,exact,Δεν αφήνεις τις εξυπνάδες στο τουίτερ και να πιάσεις καμιά μάνικα που καίγεται το σπίτι σου και εσύ χτενίζεις το μνι σου; Ήρεμα το λέω https://t.co/I7gD6jHlGc,34,2
Mon Aug 12 21:20:45 +0000 2024,1823107378864349186,exact,"Καίγεται ο κώλος μας εδώ Μπαράκ, η λίστα σου μας μάρανε",0,0
Mon Aug 12 21:20:17 +0000 2024,1823107262434488808,exact,Φωτιά στην Αττική: Νέο μήνυμα του 112 για πυρκαγιά στην περιοχή Βρανά στον Μαραθώνα- 'Απομακρυνθείτε προς Νέα Μάκρη' https://t.co/xTkJvElTcT https://t.co/gPhpr1Xfha,0,0
Mon Aug 12 21:20:09 +0000 2024,1823107229081387334,exact,"@user Φε νομίζω ότι χρειάζεται πλέον πυρκαγιά. Τσουκου τσουκου το τρώνε το ταλαιπωρο δάσος. Κάτι στην Πυλαία που ξεσκ7στηκαν να χτίζουν, κάτι οι κοινότητες από 9ανω Ασβεστοχώρι κτλπ όλο μαντρια αξιοποιουνται. Ήρθε και ο flyover. Τι έμεινε;",1,0
Mon Aug 12 21:19:50 +0000 2024,1823107147083002205,exact,"Τώρα που έπιασε φωτιά στη Θεσσαλονίκη , ΜΕΣΑ στην πόλη, τα κανάλια θα πουν τίποτα ; Θα αφιερώσουν έστω δυο λεπτάκια ;  Ξεφτίλες https://t.co/tjru2c58w8",186,47
Mon Aug 12 21:19:44 +0000 2024,1823107122038722677,exact,@user Η αστυνομία τι ακριβώς κάνει στην φωτιά;,0,0
Mon Aug 12 21:19:34 +0000 2024,1823107080838148242,exact,Θεσσαλονίκη: Μεγάλη φωτιά στο πρώην στρατόπεδο Καρατάσιου https://t.co/6hrsu3gJe0,0,0
Mon Aug 12 21:19:31 +0000 2024,1823107067344834723,exact,"Στους τουρίστες μας για να μην τρομάξουν μπορεί να τους είπαν ότι δεν είναι φωτιά, είναι ηθοποιοί.",1,0
Mon Aug 12 21:19:24 +0000 2024,1823107039838556563,exact,"@user Όποιον και να ήθελε να βρίσει, εχει σημασία? Οταν καίγεται το σπίτι σου, κοίτα να βρίσεις καποιον ή να το σώσεις?",0,0
Mon Aug 12 21:19:22 +0000 2024,1823107032649814479,exact,Φωτιά στην Αττική: Πέντε πυροσβέστες τραυματίστηκαν ελαφρά https://t.co/EDsDlTJis2 https://t.co/GFG7uXJgDF,3,0
Mon Aug 12 21:19:12 +0000 2024,1823106987208663501,exact,ΕΜΠΡΗΣΜΟΣ! Συνελήφθησαν οι νεαροί που έβαλαν τη φωτιά στην Τερψιθέα Γλυφάδας! (φωτο&amp;βιντεο) https://t.co/ebvKd8wcxL https://t.co/BtQSgrS3ps,9,0
Mon Aug 12 21:19:08 +0000 2024,1823106970313687512,exact,Επιβεβαιώνονται όλα ακριβώς στην φωτιά στο #Μενοίκιο Επιτελικό κράτος που κατάντησε θερινό σινεμά. Τα βλέπουμε όλα από μακριά κ δεν αγγίζουμε τίποτα... #φωτιά,1,0
Mon Aug 12 21:19:06 +0000 2024,1823106965062430952,exact,Χαλάνδρι τώρα ! #Πεντελη #Πατημα_Χαλανδριου #πυρκαγιας #εκκένωση #ευπ  #Ροδόπολη #Αττικης #Διώνη #φωτιες #Φωτια_τωρα #Iran #Κικιλιας #Μαραθωνα #Μητσοτακης #ΔΕΘ #ΛΗΜΝΟΣ #Βαρβαβας https://t.co/bGJusamIgh,2,2
Mon Aug 12 21:19:02 +0000 2024,1823106945366073756,exact,Μυρίστηκε φαγάκι το τρωκτικό. #φωτιά #πυρκαγιά,3,1
Mon Aug 12 21:19:00 +0000 2024,1823106939175280730,exact,@user Το ζητημα ειναι το κινητρο. Δεν παιζει να τους καυλωσε και να πηγαν να εβαλαν φωτια,1,0
Mon Aug 12 21:18:59 +0000 2024,1823106935283224796,exact,@user @user να μας ενημερώσετε τι κάνετε και με την πρόληψη όταν με το καλό σβήσει η φωτιά,0,0
Mon Aug 12 21:18:55 +0000 2024,1823106919403303237,exact,Ήρθε κι η σειρά μας!   #Φωτιά και στη Θεσσαλονίκη το λοιπόν μες το Καρατάσου. https://t.co/5YtDSm9hNW,32,16
Mon Aug 12 21:18:55 +0000 2024,1823106915645419564,exact,για μια καρεκλα #πυρκαγια https://t.co/FBwiG29EaH,2,0
Mon Aug 12 21:18:52 +0000 2024,1823106905985696186,exact,@user Όχι είναι από τη φωτιά γενικά. Το έχω κ γω από το απόγευμα,0,0
Mon Aug 12 21:18:50 +0000 2024,1823106896024445371,exact,Δεν πιστεύω να είστε τίποτα ανόητοι και να πιστεύετε ότι θα μπουν ανεμογεννήτριες στα καμμένα; #skai_kseftiles #φωτια #μμε_ξεφτίλες #Μητσοτακης #μμε_ξεφτιλες #neronas #Πυροσβεστες #Πατημα_Χαλανδριου,5,0
Mon Aug 12 21:18:43 +0000 2024,1823106865284489250,exact,@user Αυτό μωρέ... Ας σχολιάσουμε πώς ξεκίνησε η φωτιά και όχι ότι ξεκίνησε από τον Βαρνάβα και έφτασε να καίει τα Βριλήσσια και το Χαλάνδρι σε 24 ώρες... Πόσα γίδια αντέχει αυτός ο τόπος άραγε?,1,0
Mon Aug 12 21:18:25 +0000 2024,1823106790927614001,exact,"Αυτό είναι για μέτωπα, τα Erickson είναι για τη σπίθα. #φωτια",1,0
Mon Aug 12 21:18:21 +0000 2024,1823106775635148942,exact,"@user @user Σιγά τη φωτιά. Από Ζαχαρω κατέληξε Αχαια (130χλμ) και ξανά από Ζαχαρω (η ίδια φωτιά, άλλη εστία) κατέληξε Αρκαδία (70χλμ). Το 2007 του Καραμανλή είναι αξεπέραστο. Κατά τα αλλα, πραγματικά τα έχασα μόλις ειδα στις 05:30 τη φωτιά στην πεντελη από την πλευρά του λεκανοπεδίου!",1,0
Mon Aug 12 21:18:16 +0000 2024,1823106752855810213,exact,"@user Βρε άχρηστε,με την κυβέρνηση των αρίστων αχρηστων,με το επιτελικό κράτος των ανίκανων,με τις ψηφιακές διακυβερνήσεως,καίγεται η Ελλάδα απ' άκρη σ' άκρη.Τομαρι,καίτε την Ελλάδα για να βάλετε Φουρφουρά που επηρεάζουν τον καιρό και μετά φταίει η κλιματική αλλαγή Ε;Ουστ αλήτη.Σιχαμα.",0,0
Mon Aug 12 21:18:13 +0000 2024,1823106742672060651,exact,στα χερια των ισχυρων ξενων που χρόνια την ζηλεύουν και καραδοκουν. #φωτια,0,0
Mon Aug 12 21:18:12 +0000 2024,1823106739199254960,exact,"Αφου δεν τα καταφεραν ακομα με τα στεγαστικα δανεια, το κανουν με τις φωτιες και τις πλημμύρες.Απλα δεν μας θέλουν εδώ.μας θέλουν έξω ,LANDOWNERS  DRAIN.γιατι όποιος δεν έχει σπίτι και βίος, δεν τον κρατάει τίποτα σε μια χαροκαμενη πατρίδα.Η όμορφη γη μας θα περάσει ⬇️ #φωτια",1,1
Mon Aug 12 21:18:12 +0000 2024,1823106736468705442,exact,@user Εντωμεταξύ στα ρεπορτάζ σε όλα τα κανάλια μόνο εθελοντές και μπατσους βλέπεις. Πυροσβεστική πουθενά.  Επιτελικό κράτος στα καλύτερα του.,4,0
Mon Aug 12 21:18:11 +0000 2024,1823106734862336341,exact,Ρε μαλάκες τι θα κάψετε του χρόνου;!;   #πυρκαγια #κλειστε_το,1,0
Mon Aug 12 21:18:10 +0000 2024,1823106728797282705,exact,@user Και ξέρεις ποιοί ξεχνάνε πρώτοι;  Οι πληγέντες  #φωτια,5,0
Mon Aug 12 21:18:08 +0000 2024,1823106722480685105,exact,Ευτυχώς που στη ΝΔ δεν ειναι όλοι ίδιοι.  @user παραιτησου να το πάρει ο Άδωνις. https://t.co/bwPw6aepXG #φωτια #φωτιες,1,0
Mon Aug 12 21:18:08 +0000 2024,1823106721386279152,exact,Νύχτα τρόμου πάλι. Εκτός ελέγχου η φωτιά στον Μαραθώνα. Το μέτωπο είναι πάνω από 500 μέτρα και κινείται προς την Λεωφόρο Μαραθώνα.  Εκκενώνεται ο οικισμός Βρανάς. https://t.co/ZVQZVzwoB2,93,35
Mon Aug 12 21:18:06 +0000 2024,1823106713173557387,exact,Τα νέας τεχνολογίας πυροσβεστικά μέσα είναι κομμάτι ακριβά αλλά πολύ αποτελεσματικά όμως. #φωτιες #Πυροσβεστική #πυρκαγιές #κυβερνηση_τσιρκο https://t.co/XL2ZCtPlS8,4,2
Mon Aug 12 21:17:56 +0000 2024,1823106670370726310,exact,Ξοδέψαμε όλο το νερό να καταβρεχουμε τους πυροσβεστες που ζητούσαν προσλήψεις. Γελάνε και στο Μπαγκλαντές   #ΦΩΤΙΑ_ΑΤΤΙΚΗ #φωτιες #Φωτια_τωρα #φωτια_πεντελη #Βαρναβας #Ματι #Βριλήσσια https://t.co/TnhuiJtSV3,4,0
Mon Aug 12 21:17:51 +0000 2024,1823106649026142429,exact,Κορακια λεει ο αλλος επειδη γραψαμε οτι η φωτια καιει τα Βριλήσσια…  Τι γιδια ειναι αυτα ρε,3,1
Mon Aug 12 21:17:33 +0000 2024,1823106573075394854,exact,@user @user Αυτη η οποια οταν ξεκιναει μια φωτια σβυνει μόνο αν φτασει θαλασσα ή αν γυρισει ο ανεμος &amp; παει στα ηδη καμμενα. Εδω &amp; 5-6 χρονια δεν σβυνεται καμια σχεδον φωτια.Γιατι? Βρες το μονος σου &amp; οταν πας να ξαναψηφισεις να εχεις παρει τα χαπια μνημης. Φυσικα εχουν τεραστια ευθυνη 1/2,0,0
Mon Aug 12 21:17:16 +0000 2024,1823106501348671544,exact,"@user Τα πραγματα ειναι πολυ απλα,αφου τους εχουν «σιγουρακι» δε τους καιγεται καρφι&amp;δεν το πολυκοινοποιουν κιολας.Κ δν ειναι μονο η Σιντικη,ολα καιγονται γυρω γυρω αλλα ρουθουνι δν ανοιξε γτ ετσι παει.Πηγε ο Χ""βασιλειου να δειξει το παρον κ εφυγε.Ηλθον ειδον&amp;απηλθον δλδ. Καταντια",0,0
Mon Aug 12 21:17:14 +0000 2024,1823106492687393060,exact,«Χάος ανίκατε μάχαν» χαρακτηρίζει η Καίτη Γαρμπή την κατάσταση με τη μεγάλη φωτιά στην Αττική #φωτια #SpoilerAlert #Spoilers #spoiler #survivorGR #GiTisElias #Magissa #timoros #AgiosErotas #DiafaniAgapi #kalageramata #grandhotel #paixnidiaekdikisis https://t.co/we5l5JtfvX,0,0
Mon Aug 12 21:17:08 +0000 2024,1823106466716217583,exact,#φωτια #πυρκαγια #ζωα #ζωασεαναγκη #ζωα_σε_κινδυνο  Ε τώρα τι να πει κανείς ... 🤬 Δεν υπάρχει σωτηρία,13,9
Mon Aug 12 21:16:57 +0000 2024,1823106424182108259,exact,Ελενίτσα τραβά κάνε κανένα μποτοξακι γιατί έχει γίνει η μούρη σου όπως ο κωλος σου παρά τα 100 φίλτρα και δεν κρύβεται πια το σκατο που κρύβεις μέσα σου σε κανένα από τα δυο.  #ελενιτσαγαμιεσαι #φωτια,5,0
Mon Aug 12 21:16:55 +0000 2024,1823106413066924238,exact,"Ισχυρές επίγειες δυνάμεις δίνουν σκληρή μάχη για να θέσουν υπό έλεγχο τις εστίες φωτιάς σε Πεντέλη, Βριλήσσια, Γέρακα, Μαραθώνα και Διόνυσο. Σπίτια,  επιχειρήσεις και χιλιάδες στρέμματα κατέκαψε η πυρκαγιά που ξεκίνησε το μεσημέρι της Κυριακής στον Βαρν... https://t.co/EsnA7mkDH4",10,1
Mon Aug 12 21:16:48 +0000 2024,1823106382855389654,exact,«Χάος ανίκατε μάχαν» χαρακτηρίζει η Καίτη Γαρμπή την κατάσταση με τη μεγάλη φωτιά στην Αττική #φωτια #SpoilerAlert #Spoilers #spoiler  #survivorGR #GiTisElias #Magissa  #timoros  #AgiosErotas #DiafaniAgapi #kalageramata #grandhotel #paixnidiaekdikisis   https://t.co/we5l5JtfvX,0,0
Mon Aug 12 21:16:42 +0000 2024,1823106361594712509,exact,#φωτια #Πυρκαγια Μαραθωνα Βαρναβα Διονυσο #πυρκαγιά #πυροσβέστες Πεντελη Κικιλια #Μητσοτακης Ντραφι Ανατολη Κικιλια Αττικη Χαλανδρι Βριλησσια  Νεα Μακρη Μητσοτακη Γλυφαδα Γερακα Αναπαυσεως Ματι https://t.co/xTOngZUzDX,7,1
Mon Aug 12 21:16:39 +0000 2024,1823106345576382643,exact,@user @user Αυτήν τη στιγμή μην έχουμε κόντρες... Αυτά τα λέμε μετά #φωτια,1,0
Mon Aug 12 21:16:38 +0000 2024,1823106344549019955,exact,Εν τω μεταξύ προσπαθούμε να μιλήσουμε σοβαρά και λογικά με άτομα που έκαιγαν το χιόνι για να αποδείξουν πως ο Μητσοτάκης έριχνε ψεύτικο χιόνι για να κλείσει τον Μαραθώνα κ να μπορέσει να μεταφέρει κρυφά μετανάστες στο εσωτερικό της χώρας... το συνειδητοποιείτε; #φωτιά,30,4
Mon Aug 12 21:16:28 +0000 2024,1823106301242544166,exact,"Με αυτή τη φωτιά δεν κάνεις  «αντιπολίτευση»! Απλώς, γελοιοποιούνται…  https://t.co/E2SH0kExlL",601,74
Mon Aug 12 21:16:25 +0000 2024,1823106288102039770,exact,"«Τα σπίτια ξαναχτίζονται», είπε ο Ιωάννης-Φοίβος από Γλυφάδα, που στα κάπιταλ κοντρόλ είχε στοκάρει τη μισή Μπαρίλα στην αποθήκη. #φωτιατωρα #φωτια #πυρκαγιές #φωτια_πεντελη",24,4
Mon Aug 12 21:16:16 +0000 2024,1823106251603272000,exact,"Ο στρατηγός άνεμος έφερε στο διάβα της @user διαβατήρια και άλλα πλαστά έγγραφα, το διαβατήριο του Mohamed Atta από τους Διδύμους πύργους και το μπουκαλάκι με το χυσαμολι του Κόλιν Πάουελ.  Ε ρε ζώα, είστε πιο χαζοί και από τεξανο υπάλληλο βενζινάδικου  #Φωτια_τωρα",20,5
Mon Aug 12 21:16:15 +0000 2024,1823106246536569158,exact,Γίνεται της πουτανας από μέτωπα και τα μέσα δείχνουν μόνο το εργοστάσιο με τα ξύλα. Α ρε ξύλο που θετε. #Φωτια_τωρα #Διόνυσος #Πεντέλη #Ελλάδα #φωτιες #ΠαλιάΠεντελη #Μαραθωνα #Γραμματικο #Χαλανδρι #Βριλήσσια,5,0
Mon Aug 12 21:15:52 +0000 2024,1823106148318237007,exact,@user Chef duriel έτσι σε μάθαμε έτσι πρέπει να συνεχίσεις weirds picks εκεί που καίει η φωτιά κ ας καουμε,2,0
Mon Aug 12 21:15:51 +0000 2024,1823106145328001345,exact,Κάηκε στην Νταού Πεντέλης το σπίτι του 65χρονου που κατηγορείται ότι ξεκίνησε τη φωτιά στο Μάτι το 2018. Θεία δίκη; #φωτια_πεντελη #Φωτια_τωρα,1,0
Mon Aug 12 21:15:42 +0000 2024,1823106109600837841,exact,"Καληνύχτα Κεμάλ, όπου δεις τουρίστα θα τον καταβρέχεις, για να μην αρπάξει φωτιά και γίνουμε ρεζίλι",17,8
Mon Aug 12 21:15:36 +0000 2024,1823106081469366667,exact,@user Η πυροσβεστική τι κανει ;;,0,0
Mon Aug 12 21:15:08 +0000 2024,1823105964226314478,exact,"@user @user Ακριβώς γι' αυτό το έγραψα αλλά ο χάρτης του λαζού όντως δείχνει ένα τετράγωνο στο Κλάκτον. Όχι, δεν υπήρξε πυρκαγιά. Αρκεί ο Φάρεϊτζ.",0,0
Mon Aug 12 21:14:59 +0000 2024,1823105925877567670,exact,@user @user Είσαι τόσο λίγος βλάκα Ε βλάκα ο κόσμος καίγεται κ το μ@@ σου χτενίζεται,1,0
Mon Aug 12 21:14:53 +0000 2024,1823105904180699298,exact,@user Πες τα άνθρωπε μου! Κάθε χρόνο εμείς στον Γέρακα με το ίδιο σενάριο εδώ και σχεδόν μια δεκαετία και μόνιμα ένα μπαλάκι! Από το Μάτι μέχρι και πρόπερσι που είχε φτάσει στην Παλλήνη η φωτιά πανω στην Μαραθώνος! Αύριο με τα καμμενα σπίτια φορά παρτίδα να δω τι θα λετε,2,0
Mon Aug 12 21:14:53 +0000 2024,1823105901785649437,exact,"@user Ετοιμότητα κ αντίδραση κ έκαναν μια τρύπα στο νερό για ακόμα μία φορά!Δλδ κάθε φορά που πιάνει φωτιά ενώ φυσάει, θα πρέπει να κάνουμε το σταυρό μας, γιατί το κράτος έχει αποδείξει πολλές φορές ότι οι φωτιές σβήνουν αφού έχουν κάψει τα πάντα!",0,0
Mon Aug 12 21:14:22 +0000 2024,1823105774073065761,exact,Μια φωτιά τους λείπει... Να στείλουμε.....,5,1
Mon Aug 12 21:14:15 +0000 2024,1823105743702163926,exact,Εδώ μια μαρτυρία για το αν υπήρξε αδράνεια ή αν απλά οι συνθήκες (ή κάτι άλλο) ήταν τέτοιες που ευνόησαν τη φωτιά να ξεφύγει των προσπαθειών ελέγχου της,12,2
Mon Aug 12 21:14:13 +0000 2024,1823105733111476606,exact,"@user Σόκ βρε καριολια ήταν που προσπαθούσατε νά μας πείσετε ότι υπήρχαν εναέρια μέσα αλλά δεν τα.... βλέπαμε!! Όταν άρχισαν νά τά βλέπουμε 15:30 η φωτιά 🔥 είχε φτάσει στο Χαλάνδρι!!!! Σάπιοι.,",1,0
Mon Aug 12 21:14:04 +0000 2024,1823105695979622865,exact,@user @user Ελα εδω στη φωτιά να την πηδηξουμε μαζί 😜,1,0
Mon Aug 12 21:14:02 +0000 2024,1823105689415307761,exact,"Οκ το να είναι κάποιος άχρηστος σε θέση ευθύνης. Το καταλαβαίνω:κομματόσκυλο. Όσο μπαζο και να είναι, εκείνη την έρμη την βοήθεια από το εξωτερικό, γιατί την ζητάμε αφότου έχουν όλα τελειώσει; Ούτε μια απλή εκτίμηση του τι βλέπουν δεν μπορούν κάνουν;  #φωτιά",2,0
Mon Aug 12 21:13:58 +0000 2024,1823105673506222202,exact,Να γιατί καίγεται ο τόπος..,0,0
Mon Aug 12 21:13:52 +0000 2024,1823105646344245556,exact,"@user @user Πεστα Χρυσόστομε. Εγώ στον 6ο όροφο και έκανα όλες τις καλύψεις, για φωτιά, νεροποντή, κακόβουλες βομβιστικές επιθέσεις, για σεισμό, θραύση κρυστάλλων, παραβίαση πόρτας, υδραυλικα, ηλεκτρολογικα κλπ με 160€ το χρόνο. Τι αξία έχουν τόσα λίγα, μπροστά στην ολική καταστροφή?",2,0
Mon Aug 12 21:13:51 +0000 2024,1823105643617939482,exact,"@user Πες τα! Αξέχαστο το σόου στη Πυροσβεστική,που ενώ υπήρχαν νεκροι, οι Ζαιοι σφυριζαν αδιαφορα.🤡🖐️",0,0
Mon Aug 12 21:13:13 +0000 2024,1823105484338978995,exact,"@user Καλο είναι να σβήσει πρώτα η φωτιά Κανεις δεν έχει όρεξη, ιδαιτερα οι πληγεντες να ακουνε κοκορομαχίες",1,0
Mon Aug 12 21:13:12 +0000 2024,1823105478014239173,exact,"#Φωτιά 🔥  #Βαρνάβα  #Διόνυσος  #Πεντέλη  #Μαραθώνα #Σταμάτα #Βρανά  #Opentv  Πολίτες  Εθελοντές Αστυνομικοί  Πυροσβέστες Δεν έχουν: νερό να πιουν,τροφή,γάντια,μάσκες, μαντήλια,ανακλαστικά γιλέκα κλπ Υπάρχει Κράτος ,,⁉️ RT",2,1
Mon Aug 12 21:13:09 +0000 2024,1823105465485566053,exact,@user Το νερό δεν καίγεται κύριε! Ορίστε μας https://t.co/h2OnSW7fxO,1,1
Mon Aug 12 21:12:54 +0000 2024,1823105404143825032,exact,@user @user Είμαι στη φωτιά κ έχει 200 εδω με παραλλαγη κ σβήνουν,0,0
Mon Aug 12 21:12:47 +0000 2024,1823105375933222928,exact,@user Λες να μην έκαψε  η φωτιά εκεί λόγω των κηλιδώσεων δηλαδή;;;😉,1,0
Mon Aug 12 21:12:44 +0000 2024,1823105363329376712,exact,"Τη φωτια στην Ανω Γλυφαδα νωριτερα σημερα την εβαλαν λεει 2 νεαροι τους οποιους πηραν στο κυνηγι κατοικοι και τους αναγνωρισαν οποτε και συνεληφθησαν. Κραταω μικρο καλαθι με τετοιες πληροφοριες αλλα αν τυχον ειναι αληθεια, τα 2 αυτα καθικια θελουν σπασιμο χεριων και ποδιων. 🤬🤬",2,0
Mon Aug 12 21:12:43 +0000 2024,1823105355519271081,exact,Οι δημοσιογράφοι που έκαναν λόγο για απροστάτευτους πολίτες που προσπαθούν με πενιχρά μέσα να σβήσουν μόνοι τους τη φωτιά ενώ από πάνω τους πετούσε πυροσβεστικό ελικόπτερο και πίσω στο πλάνο φαινόταν πυροσβέστες μπορείτε και κοιμάστε τα βράδια; Δε ντρέπεστε καθόλου; #φωτιες,315,50
Mon Aug 12 21:12:42 +0000 2024,1823105352990335343,exact,Ότι την τωρινή #φωτια_πεντελη περιμέναμε να μάθουμε ότι οι ζαιοι είναι σκατοψυχοι https://t.co/PTkVdmOZap,3,1
Mon Aug 12 21:12:40 +0000 2024,1823105346187022767,exact,όταν θα έρθουν οι εκλογές πάλι θα λέτε δεν πάω να ψηφίσω αλλά θα πάω να πιω καφέ γιατί όλοι είναι ίδιοι και πάλι θα βγει ο Μητσοτάκης και πάλι θα έχουμε φωτιές και πλημμύρες και πάλι θα γράφετε τα ίδια και πάλι όταν έρθουν οι εκλογές δεν θα πάτε να ψηφίσετε #πυρκαγια,9,2
Mon Aug 12 21:12:36 +0000 2024,1823105328910942343,exact,#φωτια #Πυρκαγια Μαραθωνα Βαρναβα Διονυσο #πυρκαγιά #πυροσβέστες Πεντελη Κικιλια #Μητσοτακης Ντραφι Ανατολη Κικιλια Αττικη Χαλανδρι Βριλησσια  Νεα Μακρη Χαρδαλια https://t.co/C5w1EPW7TR,1,0
Mon Aug 12 21:12:35 +0000 2024,1823105322220994862,exact,Πηρες Ραφάλ  και οχι πυροσβεστικά για να σε φυλάνε από την #Τουρκία που τωρα που καίγεσαι στέλνει πυροσβεστικά για βοήθεια… θλιβερό #πυρκαγια #φωτια #φωτια_πεντελη #ΦΩΤΙΑ_ΑΤΤΙΚΗ,26,4
Mon Aug 12 21:12:30 +0000 2024,1823105303698940300,exact,"@user @user Υπεύθυνος είναι αυτός που έβαλε τη φωτιά,  όχι αυτός που απασχολεί τον εγκέφαλο σου εμμονικα......🙄🙄🙄🤔🤔",0,0
Mon Aug 12 21:12:29 +0000 2024,1823105300225749374,exact,@user Αν υπηρχε σχεδιο εμπρησμου ρε δεν θα ειχε μεινει ουτε πευκοβελονα ρε στη χωρα Τωρα θα βαζανε αλλη μια φωτιά στον εβρο και ζητω που καήκαμε,0,0
Mon Aug 12 21:12:23 +0000 2024,1823105273210216576,exact,Πρόληψη υπάρχει;; Επαρκή μέσα έχουμε;; Σωστές αποφάσεις έχουμε από την κυβέρνηση;; ΟΧΙ Γτ δν κάνουν μια εφαρμογή να επικηρυξουν τους εμπρηστές;; για τις παραλίες έκαναν το ρουφιάνο τσάμπα.. Δυστυχώς ο απλός κόσμος καίγεται κ κλαίει το βίος του #φωτια #Πυρκαγια  #Χαλανδρι #Πεντελη,4,0
Mon Aug 12 21:12:16 +0000 2024,1823105243124498676,exact,Ο ελληνικός ερυθρός σταυρός κάνει έκκληση στους πολίτες στις περιοχές που κινδυνεύουν από την φωτιά  να παίρνουν τα ζώα μαζί τους. Βρέθηκαν πολλά ζώα κλειδωμένα σε αυλές. Κάθε φορά τα ίδια. Πρέπει να γίνονται εκκλήσεις για τα αυτονόητα ❓τόσο ξευτιλες ειστε❓❓❓❓❓❓❓❓❓❓❓ https://t.co/xG66bZIjEx,212,190
Mon Aug 12 21:12:13 +0000 2024,1823105232659689882,exact,"@user @user Ο αγαπημενος σου Κουλης εχει αφησει την πυροσβεστικη υπο διαλυση οπως και ολες οι τελευταίες κυβερνησεις, αρα δεν εχει ευθυνη?",0,0
Mon Aug 12 21:12:10 +0000 2024,1823105217430184142,exact,"@user Για αυτο πραγματικα ΧΕΣΤΗΚΑ τι λενε οι υπολοιποι, εγω για κατι τετοια πλασματα που βαζουν φωτιες για πλακα θελω θανατικη ποινη και κανενας δε μπορει να μου αλλαξει γνωμη. Βαζεις φωτια? Σε καιμε δημοσια. Τοσο απλο, τοσο δικαιο, τοσο σωστο. ΜΟΝΟ ΕΤΣΙ θα αλλαζε κατι...",1,0
Mon Aug 12 21:11:58 +0000 2024,1823105170127114713,exact,@user Για αυτό τη κρατάνε τόσες μέρες αναμμένη μάλλον. Σου λέει μέχρι να σβήσει η φωτιά και να αρχίσει η κριτική μπορεί να έχει συμβεί κάτι πιο σημαντικό και να ξεχαστούν. Κανένα σκάνδαλο υποκλοπών ας πούμε. Ώπα αυτό έγινε ήδη.,1,0
Mon Aug 12 21:11:56 +0000 2024,1823105160589308308,exact,Κάθονται κ κοιτάνε τα ζωάδια.. #φωτιά https://t.co/EO8meiPHKb,9,0
Mon Aug 12 21:11:51 +0000 2024,1823105139982377163,exact,Ο #Κικιλιας αυριο σε ολα τα καναλια.   #Φωτια #πυρκαγια #κυβερνηση_Μητσοτακη  #Αττικη #Χαλανδρι #Βριλήσσια #Γερακα #ΠαλιάΠεντελη #Πεντελη #ΝΔ_εγκληματικη_εργανωση #ΝΔ_ΑΛΗΤΕΣ #ΝΔ_ΣΙΧΑΜΑΤΑ https://t.co/SqBJIFETCz,33,1
Mon Aug 12 21:11:50 +0000 2024,1823105136530538948,exact,Δύσκολη νύχτα στην τεράστια φωτιά της Αττικής - Την αποτυχία της κυβέρνησης καλύπτουν ηρωικοί εθελοντές (Photos - Video)   https://t.co/dahu3kb99K,54,14
Mon Aug 12 21:11:49 +0000 2024,1823105130063114572,exact,@user Βλέπεις φωτιά στην φωτογραφία?,0,0
Mon Aug 12 21:11:43 +0000 2024,1823105106125959214,exact,#φωτιες  #Φωτια_τωρα #φωτια_πεντελη  #πυρκαγιές  Κώλος και βρακί ο #Κασσελακης με τον #Μητσοτάκη . Ομόνοια στην #Ελλάδα μας ! https://t.co/5DcCAvm0UJ,8,1
Mon Aug 12 21:11:29 +0000 2024,1823105046479057136,exact,@user Είναι αργά για δάκρυα #Φωτια_τωρα #Πεντελη #Χαλάνδρι #Βαρβαβας  Επέλεξαν : Οικογενειοκρατία   και αναξιοκρατία  Όχι ένα κράτος δικαίου    αλλά  παρακράτος   #Μητσοτακη_( δεν ) γαμιέσαι   άλλοι είναι που γ@….. #ΝΔ_ΣΥΜΜΟΡΙΑ  #Κικιλιας  #καληνυχτα Ελλάδα,5,0
Mon Aug 12 21:11:28 +0000 2024,1823105042485805204,exact,Επειδή οι φωτιές ξεκινούν από τις κορυφές των πεύκων όταν δεν υπάρχει άλλη φωτιά Θεσσαλονίκη στρατόπεδο καρατάσου https://t.co/AYNjvYgpKR,20,7
Mon Aug 12 21:11:22 +0000 2024,1823105019165790440,exact,Ανδρουλάκης για την φωτιά στην Αττική: «Κάτι δεν λειτουργεί καλά και πρέπει να αλλάξει» https://t.co/rY4GgqaqEm,0,1
Mon Aug 12 21:11:19 +0000 2024,1823105006234439734,exact,@user Όταν αποκαλείς άρρωστο κάποιον που καίγεται το σπίτι του τότε αυτό τι είναι;;,0,0
Mon Aug 12 21:11:11 +0000 2024,1823104973095198739,exact,"Το πρωί βγήκε στο τηλέφωνο για να μιλήσει για τη #φωτιά ως Αντιδήμαρχος τώρα τον βλέπουμε στην επική σειρά ""Λουφα και παραλλαγή"" , Χάρης Μαυρουδής #Βριλήσσια #Χαλανδρι #πυρκαγια https://t.co/lHJa2SeH0j",3,0
Mon Aug 12 21:11:08 +0000 2024,1823104958788436256,exact,Όλη της #κυβερνηση_Μητσοτακη θα βγουν στην τηλεόραση αξύριστοι λόγω της #φωτιά  Ε κάτι είναι κ αυτό...,0,0
Mon Aug 12 21:11:00 +0000 2024,1823104927050150040,exact,"@user Για να φτάσει η φωτιά από τον Βαρνάβα στο Χαλάνδρι, η μόνη  εξήγηση είναι η ανικανότητα και ανοργανωσιά του κράτους του Μητσοτάκη -δεν νομίζω ότι το κάνει επίτηδες, όπως λένε μερικοί ανόητοι.",1,0
Mon Aug 12 21:10:50 +0000 2024,1823104884520214594,exact,Φωτιά στη Γλυφάδα: Δύο συλλήψεις https://t.co/dQU98RWBYx #Ant1news #φωτια #Γλυφαδα https://t.co/hApUloSuwx,1,0
Mon Aug 12 21:10:49 +0000 2024,1823104879667151102,exact,Γιατί δεν στέλνουν τον στρατό ρωτάει… Γιατί θα σβήσουν την φωτιά ! hello - ooooo   #Greece #ΤελετηΛηξης #Πεντέλη #πυρκαγιά #κολαση #παραιτησου #Μητσοτακη #fires #ανεμογεννητριες,3,0
Mon Aug 12 21:10:46 +0000 2024,1823104865943347416,exact,Αισθάνομαι περήφανη στην τοποθεσία Σέρρες με μυρωδιά καμμένου στα ρουθούνια &amp; καπνούς απ' τη φωτιά στο Χιονοχώρι ορατούς απ' το μπαλκόνι - https://t.co/LICW7dwu2d https://t.co/Y1EXijZDJN,1,0
Mon Aug 12 21:10:43 +0000 2024,1823104852685177246,exact,Οριοθετήθηκε η φωτιά στην Άνω Γλυφάδα – Συνελήφθησαν δύο νεαροί για εμπρησμό https://t.co/MbGhbYfq7A,5,3
Mon Aug 12 21:10:36 +0000 2024,1823104823115526637,exact,...να ισχυρίζεται ότι όλα έγιναν σωστά. #φωτιά,0,0
Mon Aug 12 21:10:33 +0000 2024,1823104812990320872,exact,"O Ρουσσος, όταν μπουκαραν στο σπίτι του και του κλεψαν μέχρι και τις κυλοτες, κάλεσε την πυροσβεστική, να τον ακούτε το μλκ",0,0
Mon Aug 12 21:10:30 +0000 2024,1823104801095417884,exact,@user Τι παπαριες λες πάλι? Όσους πυροσβέστες είχαμε στη φωτιά αυτή δεν είχαμε ποτέ ξανά στη χώρα σε καμία φωτιά... Πάλι εμπάθεια και σόου για το Σύριζα των 100+ νεκρών το 2018...,0,0
Mon Aug 12 21:10:25 +0000 2024,1823104778265669786,exact,Σέρρες: «Η φωτιά στο Χιονοχώρι Σερρών από το μπαλκόνι μου τώρα το πρωί. Κρύφτηκε ο ήλιος! Πολύ έντονη η μυρωδιά!» (ΦΩΤΟΓΡΑΦΙΕΣ) - https://t.co/LICW7dwu2d https://t.co/bj9osiMHNH,0,0
Mon Aug 12 21:10:13 +0000 2024,1823104727086759937,exact,Παιδιά η φωτιά έσβησε! Παραπληροφορούν ότι βλέπουν φλόγες Τα κανάλια σταμάτησαν τη ζωντανή μετάδοση άρα έσβησε  #φωτια,1,0
Mon Aug 12 21:10:11 +0000 2024,1823104719889285556,exact,@user @user Ναι Μαργαρίτα. το βρήκα και το διάβασα. πώς συσχετίζεις την φωτιά με την επέκταση του δικτύου υδρογόνου στην ευρώπη;,1,0
Mon Aug 12 21:10:09 +0000 2024,1823104711404253548,exact,Ξέσπασε φωτιά μέσα στο πρώην στρατόπεδο Καρατάσιου https://t.co/tbkp17akd1 https://t.co/IKAuPgqb59,0,0
Mon Aug 12 21:10:00 +0000 2024,1823104674154864646,exact,Κι άμα έχουν κάποια κρυφή ατζέντα  τα πεύκα; #φωτιά,4,0
Mon Aug 12 21:09:58 +0000 2024,1823104666038628723,exact,"@user @user Χάθηκαν 49 ζωές το 2007 στην Ηλεία,και αυτοί ανθρωποι ήταν. Υπεύθυνος ο Στρατηγός Άνεμος  αν θυμάσαι...μην λετε μόνο για το Μάτι. Γιατί τις φωτιές κάποιος τις έβαλε  στο Μάτι,δεν πήραν φωτιά τα πεύκα και τα  κουκουνάρια μόνα τους.",1,0
Mon Aug 12 21:09:51 +0000 2024,1823104637903278096,exact,"Με αυτή τη φωτιά δεν κάνεις «αντιπολίτευση»!  Απλώς, γελοιοποιούνται… https://t.co/tGXJe2bkTk",188,18
Mon Aug 12 21:09:48 +0000 2024,1823104624770851164,exact,@user @user Ούτε πόλεμο να είχαμε ρε υπουργέ μου . Εκκένωση σε νοσοκομεία ....,2,0
Mon Aug 12 21:09:47 +0000 2024,1823104618374594639,exact,Σέρρες-NASA: Από το… διάστημα φαίνεται η φωτιά στο Μενοίκιο όρος! - ΦΩΤΟΓΡΑΦΙΑ - https://t.co/JeHheXaJ05 https://t.co/t9W9KxExUC,0,0
Mon Aug 12 21:09:43 +0000 2024,1823104601261797543,exact,"Τέτοιος είναι ο βιασμός της αντιπολίτευσης από τα μιντια που ακόμα κ τώρα που καίγεται η χώρα ΓΙΑ ΠΟΛΛΟΣΤΗ ΦΟΡΑ, σου λένε τις πίπες για ψύχραιμη αντιπολίτευση κ να δούμε τι φταίει κτλ.  Όλα αυτά θα ίσχυαν αν συμβαίνει για  1η ή άντε 2η φορά, όχι αν έχει επετειακό χαρακτήρα.",8,3
Mon Aug 12 21:09:35 +0000 2024,1823104570110664953,exact,Πυρκαγιά στην Αττική: Η τεράστια πληγή στο σώμα του λεκανοπεδίου όπως φαίνεται από δορυφόρο https://t.co/UPdOMQ3FSR,5,2
Mon Aug 12 21:09:34 +0000 2024,1823104562951033061,exact,κ ο Μητσοτακης θα συνεχισει να κυβερναει κ μολις σβησει η #φωτιά όλα θα ξεχαστούν κ σεις π είστε στα κάγκελα θα γυρίσετε στις εργοστασιακες κ θα γράφετε για πιπες κ τα γνωστα κ ξέρετε γιατί? γιατί στον τόπο αυτό τίποτα δεν αλλάζει κ η όποια οργή εξαντλείται σε μερικά τουι,6,0
Mon Aug 12 21:09:32 +0000 2024,1823104554516300144,exact,"Η φωτιά έφτασε στον αστικό ιστό και έχει ευτυχώς πέσει λόγω του μειωμένου ανέμου. Αλλά ρωτάω, αν ο άνεμος δεν έπεφτε θα καταφέρναμε να την σταματήσουμε πριν φτάσει Σύνταγμα ή όχι;",0,0
Mon Aug 12 21:09:15 +0000 2024,1823104485851533527,exact,@user Να μάθεις την διαφορά μεταξύ μετώπου και εστίας. Μέτωπο λέγεται ένα πύρινο ποτάμι χλμ που κινείται συντονισμένα και επεκτείνεται. Εστία είναι να καίει σε ένα σημείο φωτιά,0,0
Mon Aug 12 21:09:12 +0000 2024,1823104472685670468,exact,"@user Ναι, τι; Άλλη φωτιά είναι αυτή. Και κατά πάσα πιθανότητα πρόκειται για εμπρησμό εξ αμελείας. Όπως στο Μάτι.",0,0
Mon Aug 12 21:09:09 +0000 2024,1823104457669816532,exact,"@user Αναπτύξτε στρατιώτες στο μέτωπο με πτυοσκάπανα και πετσέτες να σβήσουν καμιά φωτιά κι αφήστε τους ξένους να νοικιάζουν Beriev, δεν ξέρουν αυτοί.",0,0
Mon Aug 12 21:09:05 +0000 2024,1823104441089949887,exact,Επί ποδός η Θεσσαλονίκη: Φωτιά στο πρώην στρατόπεδο Καρατάσιου (ΦΩΤΟ-VIDEO)) https://t.co/T5nf30XASg #Thessaloniki #skg #TheOpinion,1,4
Mon Aug 12 21:09:03 +0000 2024,1823104433913270745,exact,@user Με όρο πως  πρώτα θα πετάξουν κανέναν ομοφυλόφιλο ή καμία γυναίκα με λυτά μαλλιά  μέσα στη φωτιά.,0,0
Mon Aug 12 21:08:49 +0000 2024,1823104374744264732,exact,@user Είπε κοιτώντας την πυρκαγιά απ τον καναπέ του τρώγοντας πίτσα ή Σουβλάκι ;;;;;,0,0
Mon Aug 12 21:08:45 +0000 2024,1823104361058140275,exact,"#φωτια #Πυρκαγιες #Πεντελη #Φωτια_τωρα #φωτια_πεντελη #Πυρκαγια  Σαν δεν ντρέπεστε λέω εγώ, τα  αδέσμευτα από την διαπλοκή κανάλια του ΚΟΥΛΙΣΤΑΝ λένε ότι πάμε καλά και η φωτιά είναι ελεγχόμενη σε ύφεση...🤔🤔🤔 https://t.co/Hc122cw3MH",3,2
Mon Aug 12 21:08:30 +0000 2024,1823104295488672067,exact,"ΕΚΤΑΚΤΟ - Σέρρες: «Μόλις είδαμε ελάφια στα χωράφια. Κατέβηκαν από το βουνό. Η φωτιά προχωράει στο βουνό, έχει γεμίσει καπνό παντού και ούτε ένα αεροπλάνο η ελικόπτερο εδώ και 2 ώρες δεν πέρασε» - https://t.co/JeHheXaJ05 https://t.co/kUVAoDKfsE",0,0
Mon Aug 12 21:08:26 +0000 2024,1823104278703264196,exact,"Αντί η κυβέρνηση να εξοπλίζει την Ουκρανία, θα μπορούσε να ενισχύσει την Πυροσβεστική με ελικόπτερα και πυροσβέστες. Η Ελλάδα χρειάζεται άμεσα επενδύσεις για την αντιμετώπιση των πυρκαγιών, προστατεύοντας τους πολίτες και τη χώρα μας. Η ασφάλεια μας πρέπει να είναι προτεραιότητα. https://t.co/PYVqnBOkOr",15,10
Mon Aug 12 21:08:22 +0000 2024,1823104261615767723,exact,"Άμα διαβάσω άλλο ένα άτομο να λέει ότι είναι κατόρθωμα που ""έσβησε"" τόσο γρήγορα η φωτιά όταν έχει κάψει 100.000 στρέμματα γης και ποιος ξέρει πόσα ζώα, δεν ξέρω τι θα κάνω",4,1
Mon Aug 12 21:08:18 +0000 2024,1823104243793899999,exact,#Φωτια_τωρα  #πυρκαγιά  #Αττική #Πεντελη #ζωασεαναγκη Βοηθήστε όσοι μπορείτε.,1,6
Mon Aug 12 21:08:10 +0000 2024,1823104213678731430,exact,"@user Έτσι όπως έχει πάει το πράμα πρέπει να σβήσουν ό,τι μπορούν γιατί μετά θα την ξαναβρούν την φωτιά μπροστά τους",0,0
Mon Aug 12 21:07:59 +0000 2024,1823104165326848122,exact,Φωτιά στην Αττική: Πύρινη κόλαση σε Βριλήσσια και Γέρακα – Ανθρώπινη αλυσίδα για να σωθούν σπίτια και επιχειρήσεις https://t.co/wpJSyDQaXH,8,2
Mon Aug 12 21:07:50 +0000 2024,1823104129675231282,exact,Τώρα αυτό που μυρίζουμε καπνό στο γαλάτσι είναι από τη φωτιά στα βριλήσσια είναι κάτι καινούργιο?,1,0
Mon Aug 12 21:07:50 +0000 2024,1823104127997465081,exact,"Ξαφνικά όλα τα κανάλια πλην του Open σταμάτησαν τα έκτακτα! Αυτό ήταν! Να μην τους ενοχλούμε καθόλου για τις φωτιές βρε αδερφέ! Να μην τους διασύρουμε κι άλλο την ""πρωθυπουργάρα""! 🤡🤡🤡🤡#ΑΡΔ #ΜΜΕ_ΞΕΦΤΙΛΕΣ #φωτιά #πυρκαγιά #ΝΔ_ΣΙΧΑΜΑΤΑ #Μητσοτάκη_γαμιέσαι_πουτάνας_γιε",8,0
Mon Aug 12 21:07:47 +0000 2024,1823104117063233953,exact,"@user Εγω κοπανε καθυστέρα, την ωρα που καίγεται το σπίτι μου θα κοιτάξω να το σώσω, οχι να βρίσω καποιον.  Εσύ άστο να καεί για να εχεις να βρίζεις.",13,1
Mon Aug 12 21:07:42 +0000 2024,1823104095512596672,exact,"Η φωτιά να κατεβαίνει μέχρι τη γειτονιά μας… Το δάσος, τα ζώα αλλά και τα σπίτια να καίγονται. Στο ίδιο έργο θεατές, αναφέρει η αθλήτρια της καλλιτενικής κολύμβησης https://t.co/hHtPKJTVpH",2,0
Mon Aug 12 21:07:32 +0000 2024,1823104051346895160,exact,"Όλα τα #κανάλια δείχνουν υστερικά την #ξυλεία που καίγεται στον #Γέρακα. Ανάθεμα αν είδαμε #ρεπορτάζ. Φλυαρία και τιποτολογία. Στο μεταξύ  παρακολουθούμε στα #social_media  την #anima, τις #φιλοζωικές, τον #Ερυθρό_Σταυρό. Τους συμπολίτες μας. Παράλληλη #Ελλάδα.",0,0
Mon Aug 12 21:07:22 +0000 2024,1823104012713074742,exact,🛰️ Δορυφορική φωτογραφία από την #πυρκαγια στην Αττική (12.08.2024 - 9.00 το πρωί) #φωτια https://t.co/qZI2FJ9SpI,22,5
Mon Aug 12 21:07:19 +0000 2024,1823103996581609945,exact,"Μην ανησυχείτε το σανό δεν κάηκε, υπάρχει άφθονο. ΜΜΕ #ΝΔ_εγκληματικη_εργανωση #Φωτια_τωρα 🔥 https://t.co/lSLAeeFObj",0,0
Mon Aug 12 21:07:15 +0000 2024,1823103982673301713,exact,@user Μου είπαν ότι καίγεται το στρατόπεδο Καρατάσου απ'ότι βλέπω τώρα την έχουν υπό έλεγχο δε φαίνονται φλόγες πλέον,1,0
Mon Aug 12 21:07:07 +0000 2024,1823103947705565534,exact,@user Αυτο που ο κοσμος καιγεται και οι αριστεροι χαιρονται σαν τα κορακια μονο στην Ελλαδα...,0,0
Mon Aug 12 21:07:00 +0000 2024,1823103917481431278,exact,"Όταν έχεις βγάλει ολόκληρο βίντεο αγαπητέ @user για την αντιπυρικη προετοιμασία με ειδική αναφορά στην Αττική, ένα βίντεο γεμάτο με αιχμές κιόλας για τους προκατόχους σου κ το σχέδιο σου έχει αυτά τα αποτελέσματα τότε απλά πας σπίτι σου.Τα σχόλια περιττεύουν. #φωτια_πεντελη",0,0
Mon Aug 12 21:06:40 +0000 2024,1823103836405252478,exact,"Τα τσοντοκάναλα παίζουν σούπερ ""δεν υπάρχει ενεργό μέτωπο"".  Τι συμβαίνει στην πραγματικότητα? 112 και μηνύματα για εκκένωση.  #μμε_ξεφτίλες #φωτια #Πυρκαγια #Πεντελη #Νεα_Μακρη #Γραμματικό #νέα_πεντέλη #φωτιάτώρα #Μαραθωνας #Μελίσσια #χαλάνδρι #γερακας  https://t.co/d4gxr8QUne",11,4
Mon Aug 12 21:06:25 +0000 2024,1823103770831515757,exact,"@user Εσύ αν δεις το σπίτι σου να καίγεται, μην πας να το σβήσεις. Βριζε τον Μητσοτάκη ή τον Τσίπρα ή την Ουρσουλα.",1,0
Mon Aug 12 21:06:22 +0000 2024,1823103758793863551,exact,παιδιά ισχύει  αυτό η όντως δεν υπάρχουν ενεργά μέτωπα; Έχω μπερδευτεί   #φωτια https://t.co/yQbgl9RqEQ,2,0
Mon Aug 12 21:06:22 +0000 2024,1823103757506281867,exact,"Κάποιος να σιαξ (να ισιωσει) το matrix γιατί δεν πάμε όμορφα 🥺 #φωτια ,#πυρκαγιά , #Μαραθωνας ,#Νεα_Μακρη ,#Πεντελη",3,0
Mon Aug 12 21:06:12 +0000 2024,1823103715416670344,exact,Άνω Γλυφάδα: 2 ύποπτοι για τη φωτιά- Δεν υπάρχουν συλλήψεις https://t.co/0NRByWpfYG,0,0
Mon Aug 12 21:06:10 +0000 2024,1823103711008157703,exact,"Όταν κάναμε τις ρεαλιστικές προτάσεις μας για την προστασία της χώρας, ο Πρωθ/ργός @user μας είπε “εξωγήινους” Τι έκανε όλους αυτούς του μήνες ο “γήινος” Κ.Μητσοτάκης @user, δεν μας το είπε.  Το βλέπει όλη η χώρα #φωτιες #Πυρκαγιες #φωτια_πεντελη @user",47,9
Mon Aug 12 21:06:10 +0000 2024,1823103707833340322,exact,Φωτιά στην Αττική: Ολονύχτια μάχη με ενεργές εστίες σε Πεντέλη και Μαραθώνα – Στάχτη πάνω από 100.000 στρέμματα https://t.co/duTxWr9ifQ #pontosnews,0,0
Mon Aug 12 21:06:04 +0000 2024,1823103685045727315,exact,Γλυφάδα: Συνελήφθησαν οι νεαροί που έβαλαν τη φωτιά στην Τερψιθέα https://t.co/PArodQJPeH,0,0
Mon Aug 12 21:05:56 +0000 2024,1823103651407442353,exact,@user Καλό θα ήταν να ξεχωρίζεις την λέξη μέτωπο από την λέξη εστία. Μέτωπο λέγεται ένα πολύ μακρύ πύρινο ποτάμι που κινείται συντονισμένα. Εστία λέγεται απλά να καίει σε ένα σημείο φωτιά.,0,0
Mon Aug 12 21:05:55 +0000 2024,1823103646516871525,exact,Μεγάλη φωτιά στο πρώην στρατόπεδο «Καρατάσιου» στην Πολίχνη Θεσσαλονίκης!  #Φωτια_τωρα #πυρκαγιας https://t.co/un5TOsiJBu,27,7
Mon Aug 12 21:05:53 +0000 2024,1823103636995702835,exact,"Η γυναίκα δεν εγκατέλειπε το σπίτι της το οποίο κάηκε ολοσχερώς από τη φωτιά που καταστρέφει τα πάντα στο πέρασμά της από χθες στην Αττική,  Δείτε το βίντεο 👇https://t.co/PZOFBdREhs",1,0
Mon Aug 12 21:05:49 +0000 2024,1823103620612821090,exact,@user @user Το ότι έχουν καεί 100000 στρέμματα δάσους στην πρωτεύουσα της χώρας και καίγεται και αστικός ιστός. Τόσο απροετοιμαστοι.,12,0
Mon Aug 12 21:05:35 +0000 2024,1823103560478843171,exact,Αποκλείεται! Αφού στον ΣΚΑΙ λένε για βελτιωμένη εικόνα... #φωτιά #πυρκαγιά https://t.co/EHwcRR8262,12,1
Mon Aug 12 21:05:29 +0000 2024,1823103537515241815,exact,Η φωτιά έσβησε σε 30 ώρες  Χρόνος ρεκόρ για μια τόσο μεγάλη φωτιά  Μπράβο στην κυβέρνηση μας που μας προστάτεψε από τα χειρότερα #φωτια,2,0
Mon Aug 12 21:05:29 +0000 2024,1823103537104171488,exact,@user Το ότι τα ζαιογιδια έχουν το θράσος να κουνάνε το δάχτυλο σε πυρκαγιές με ξεπερνάει.  Επίσης αποδεικνύεται για άλλη μια φορά ότι φασίστες και κουμουνια είναι το ίδιο και δεν τους καίγεται καρφί για την ανθρώπινη ζωή όταν υπηρετειται το αφήγημα...,0,0
Mon Aug 12 21:05:28 +0000 2024,1823103530829574306,exact,"Τραυματίστηκε ένας πυροσβέστης, ενώ οι άλλοι τρεις είναι καλά στην υγεία τους και συνεχίζουν να δίνουν τη μάχη με τη φωτιά που μαίνεται στην Αττική.   #Αττική #Φωτια_τωρα #φωτιατωρα #πυρκαγιά #Βαρναβας #Βριλησσια #Χαλανδρι #Γερακας  https://t.co/tieBOese6h",2,0
Mon Aug 12 21:05:21 +0000 2024,1823103503386181691,exact,@user Το νερό σκεπάζει τη φωτιά. Οπότε μειώνει το οξυγόνο. Φωτιά χωρίς οξυγόνο δε γίνεται,0,0
Mon Aug 12 21:05:05 +0000 2024,1823103434641555591,exact,Αδιανόητη προπαγάνδα της κυβέρνησης Μητσοτάκη η σύγκριση με τη φωτιά του 2009 https://t.co/E814sR33LD #ΑΘΗΝΑ #ΑΤΤΙΚΗ #ΠΥΡΚΑΓΙΑ #ΠΥΡΚΑΓΙΕΣ #ΦΩΤΙΑ,3,0
Mon Aug 12 21:04:45 +0000 2024,1823103352554639382,exact,Πεταμένα λεφτά σε χώρα που καίγεται κάθε καλοκαίρι. https://t.co/qFAflPBQWQ,11,0
Mon Aug 12 21:04:27 +0000 2024,1823103275266097503,exact,Φωτιά στην Αττική: Σοκάρει η δημοσιογράφος Ρένα #Κουβελιωτη – «Δεν το έχω ξαναδεί 30 χρόνια που κάνω αυτή τη δουλειά» (video) #Αττικη #φωτια #πυρκαγια https://t.co/D8e0VSeh6h,11,5
Mon Aug 12 21:04:26 +0000 2024,1823103273697497176,exact,Πέφτουμε από τα σύννεφα  #φωτιά https://t.co/TcV0hNzKNr,11,0
Mon Aug 12 21:04:25 +0000 2024,1823103270279156186,exact,Τυχεροί άνθρωποι‼️ Έχουν πει όλα τα ψέματα στον ελληνικό λαό και εκεινος τα χάφτει  #φωτια_πεντελη #φωτιά #Φωτια_τωρα https://t.co/tgzJ5ckAb2,57,16
Mon Aug 12 21:04:22 +0000 2024,1823103257540997305,exact,ΩΡΑ 00:01  ΞΗΜΕΡΩΝEΙ ΤΡΙΤΗ ΚΙ ΕΧΟΥΝ ΑΚΟΜΑ ΤΟΝ ΙΔΙΟ ΤΙΤΛΟ ΟΙ #σκαι_ξεφτιλες ΜΕ ΠΛΑΝΑ ΟΛΟΚΑΥΤΩΜΑΤΟΣ  ΑΠΟ ΠΑΝΤΟΥ LIVE #ΦΩΤΙΑ #φωτιες #Φωτια_τωρα #φωτιατωρα #πυρκαγιά,5,1
Mon Aug 12 21:04:21 +0000 2024,1823103251388022846,exact,"Δεν έχω καταλάβει γιατί λένε ότι δεν υπάρχει ενεργό μέτωπο; Αφού βλέπουμε στα πλάνα τα μέτωπα, ηχεί το 112 για νέα εκκένωση, τι σκατά γίνεται; Μακάρι να είναι έτσι αλλά οι εικόνες άλλα δειχνουν #φωτια",3,0
Mon Aug 12 21:04:19 +0000 2024,1823103245314633822,exact,"Η Ζωή Κωνσταντοπούλου, επικεφαλής της Πλεύσης Ελευθερίας, είναι η μόνη που έχει κάνει πολιτική δήλωση για την πυρκαγιά που κατέστρεψε την Αττική, πλήττοντας ακόμη και τον αστικό ιστό της πρωτεύουσας της Ελλάδας. Οι υπόλοιποι;...",0,0
Mon Aug 12 21:04:19 +0000 2024,1823103244467646465,exact,Μήνυμα του 112 για #εκκένωση της περιοχής #Βρανά στον Μαραθώνα   https://t.co/Re78vzcXgc https://t.co/hWdkDiWlnr,0,0
Mon Aug 12 21:04:16 +0000 2024,1823103232542924855,exact,Φωτιά στην Αττική: Σοκάρει η δημοσιογράφος Ρένα #Κουβελιωτη – «Δεν το έχω ξαναδεί 30 χρόνια που κάνω αυτή τη δουλειά» (video) #Αττικη #φωτια #πυρκαγια https://t.co/02tbsijLxE,3,0
Mon Aug 12 21:04:11 +0000 2024,1823103211323990413,exact,Όταν καίγεται η επαρχία στην π@user σας για τους χωριάτες. Όλη η Ελλάδα η Αθήνα. #ΑΡΔακια #φωτιατωρα,2,0
Mon Aug 12 21:04:01 +0000 2024,1823103168286249320,exact,"@user @user Το ότι η φωτιά ξεκίνησε από τον Βαρνάβα και αναπτυσσόταν σύμφωνα με την φορά του ανέμου,αποκλείει την περιπτωση κάποιο συριζοπανο να την "" βοηθησε"" λιγακι κατα την διαδρομη της  ;..Εισαι τζίνι.. 😂🤣😂🤣..",1,0
Mon Aug 12 21:03:55 +0000 2024,1823103140930998449,exact,@user Καίγεται η Θεσσαλονίκη στο στρατόπεδο Καρατάσου https://t.co/RGHAMpJij6,0,0
Mon Aug 12 21:03:37 +0000 2024,1823103068902490218,exact,Φωτιά στην Αττική: H Τουρκία ετοιμάζει αποστολή εναέριων μέσων πυρόσβεσης   #Αττική #Φωτια_τωρα #φωτιατωρα #πυρκαγιά #Βαρναβας #Βριλησσια #Χαλανδρι  https://t.co/acjiJUq36o,2,0
Mon Aug 12 21:03:34 +0000 2024,1823103053572215263,exact,@user Εδω ο κόσμος κυριολεκτικά καίγεται και αυτοί χτενίζονται.,0,0
Mon Aug 12 21:03:28 +0000 2024,1823103029614432432,exact,"Έκλεισα το ίντερνετ δυο μέρες, ανοίγω και βλέπω να καίγεται το Χαλάνδρι από φωτιά που ξεκίνησε στον Βαρνάβα; ΓΑΜΩ ΤΟΝ ΧΡΙΣΤΟ ΤΟΥΣ.",3,1
Mon Aug 12 21:02:58 +0000 2024,1823102901654602137,exact,"🚒🧑‍🚒Μετά τις Γαλλία, Ιταλία και Τσεχία, πυροσβεστικές δυνάμεις στέλνουν και οι Σερβία, Ρουμανία, Τουρκία   #Αττική #Φωτια_τωρα #φωτιατωρα #πυρκαγιά #Βαρναβας #Βριλησσια #Χαλανδρι  https://t.co/J5YPBf3Gs1",3,0
Mon Aug 12 21:02:48 +0000 2024,1823102863788417205,exact,@user Αν και θα ήταν πιο ταιριαστό να αναφερθούν στην πυρκαγιά της Ρώμης του 64 μΧ επί Νέρωνα.,3,0
Mon Aug 12 21:02:44 +0000 2024,1823102844414677094,exact,Γλυφάδα: Συνελήφθησαν οι νεαροί που έβαλαν τη φωτιά στην Τερψιθέα https://t.co/9iMVw7VesD,1,0
Mon Aug 12 21:02:43 +0000 2024,1823102842384654786,exact,Αν και θα ήταν πιο ταιριαστό να αναφερθούν στην πυρκαγιά της Ρώμης του 64 μΧ επί Νέρωνα.,12,1
Mon Aug 12 21:02:43 +0000 2024,1823102841868718575,exact,"Άνθρωποι αγωνιούν, προσπαθούν να σώσουν το σπίτι τους, άλλοι το βλέπουν ήδη να καίγεται και το κάθε κομματόσκυλο από το μικρόκοσμό του συνεχίζει να τουητάρει άνετα , μην του θίξουν τον «ηγέτη» 🤢🤮  #φωτια_πεντελη #φωτιες #φωτιατωρα https://t.co/Ecyx4jgjlS",7,0
Mon Aug 12 21:02:32 +0000 2024,1823102794846638251,exact,"@user Αν καίγεται το σπίτι σου και αντί να το σώσεις, νιώθεις οτι πρεπει να βρίσεις εναν πολιτικό, κατι παει στραβά.",0,0
Mon Aug 12 21:02:28 +0000 2024,1823102778027409858,exact,@user Σε κάποιες φωτιές είδαμε να λειτουργεί και να προλαβαίνουν εστίες νωρίς τον τελευταίο μήνα. Υποθέτω ότι εκεί που ξεκίνησε αυτή η φωτιά δεν υπήρχε κάλυψη που αν ισχύει είναι μεγάλο σφάλμα.,0,0
Mon Aug 12 21:02:09 +0000 2024,1823102698595418448,exact,"Όσο για αυτούς που βάζουν τη #φωτιά, δεν τρέφω ψευδαισθησεις, ξέρω πως δεν θα βρεθούν, απλά εύχομαι να μην είναι 🇬🇷. Δεν θέλω να πιστέψω πως υπάρχει άνθρωπος που θα έκανε τέτοιο κακό στον τόπο του.",1,0
Mon Aug 12 21:02:05 +0000 2024,1823102680572768423,exact,"Σιγά τις τοποθεσίες...  Όταν περσι ΠΝΙΓΗΚΑΝ τα 65 απ'τα 70 ελικόπτερα στο Στεφανοβίκειο  ??  Όταν κάηκε το μεγαλύτερο δάσος της Ευρώπης  (Δαδιά Έβρου)  Όταν καίγεται για 3η συνεχόμενη χρονιά η Εύβοια  ?  Όταν κάηκε όλη η Ρόδος  ?  Όταν οι USA έχουν AWACS, ECHELON, HAARP  ?",2,0
Mon Aug 12 21:02:03 +0000 2024,1823102673064997079,exact,Δύο Συλλήψεις για την #Πυρκαγιά στη #Γλυφάδα https://t.co/xGIoM38Heb,1,0
Mon Aug 12 21:01:59 +0000 2024,1823102657029984482,exact,Το κράτος ΔΕΝ χρειάζεται να κάνει έξοδα για Beriev! Μόνο για Rafalle του Μακρόν &amp; F-35 του Μπάιντεν! Δείτε πως έσβησε η πυρκαγιά στον Βαρνάβα το 2021! https://t.co/yHYNEmuPpv,0,2
Mon Aug 12 21:01:55 +0000 2024,1823102638906577213,exact,"...ΜΜΕ, το ερώτημα παραμένει:  γιατί η Ελλάδα απέρριψε την βοήθεια της Κυπριακής κυβέρνησης και της Πυροσβεστικης Υπηρεσίας όταν η φωτιά καταλάβει ακόμα τις περιουσίες και τον κόπο τόσων ανθρωπων;",0,0
Mon Aug 12 21:01:53 +0000 2024,1823102630291513555,exact,"@user Εάν ήταν Πυροσβέστες, υπάλληλοι του κράτους, είναι αδύνατον! Όταν επιχειρούν εθελοντές, όλα είναι δυνατά! Το κράτος ΔΕΝ χρειάζεται να κάνει έξοδα για Beriev! Μόνο για Rafalle του Μακρόν &amp; F-35 του Μπάιντεν! Δείτε πως έσβησε η πυρκαγιά στον Βαρνάβα το 2021! https://t.co/yHYNEmvnf3",2,0
Mon Aug 12 21:01:52 +0000 2024,1823102628483522775,exact,750 περιπου πυροσβέστες επιχειρήσουν και δεν επαρκούν στη #πυρκαγια φαίνεται ότι η πρόληψη έπρεπε να είχε γίνει με κρατικά μέσα ανοίγοντας ταυτόχρονα θέσεις εργασίας. Ένα μεγάλο ευχαριστώ και κουράγιο στη Πυροσβεστική υπηρεσία. Ενα σχέδιο άμεσης αποζημίωση για τους παθόντες...,1,0
Mon Aug 12 21:01:38 +0000 2024,1823102569121489120,exact,@user Ετσι και εντοπισουν τη φωτιά με τα υπερσύγχρονα drones. Μπορεί να  καίει ανεξέλεγκτα πάνω από μήνα ( Σέρρες ).,5,1
Mon Aug 12 21:01:32 +0000 2024,1823102543473549442,exact,"@user Εγω αν καίγεται το σπίτι μου, θα κοιτάξω να το σώσω, οχι να βρίσω τον Μητσοτάκη ή τον Τσίπρα. Μετα βλεπουμε.",0,0
Mon Aug 12 21:01:26 +0000 2024,1823102518743998746,exact,@user @user Πτνες που βάζετε φωτιά θα σας βρούμε και θα σας κάνουμε αντικριστο.,0,0
Mon Aug 12 21:01:23 +0000 2024,1823102504554381396,exact,Check out this article: Κάηκε το σπίτι του 65χρονου που καταδικάστηκε για την πυρκαγιά στο Μάτι - https://t.co/k5QTRLCbRA #φωτια_πεντελη #Φωτια_τωρα #Φωτια_τωρα,0,0
Mon Aug 12 21:01:22 +0000 2024,1823102503053107424,exact,@user Εγώ προσπαθώ να καταλάβω γιατί φταίει ο Μητσοτάκης για το ότι κάποιος έβαλε φωτιά,0,0
Mon Aug 12 21:01:14 +0000 2024,1823102468219150608,exact,Φωτιά στην Αττική: Νέο 112 - Εκκενώνεται ο Βρανάς Μαραθώνα   #φωτια #Αττικη  https://t.co/2w5XmHQvKk,2,0
Mon Aug 12 21:01:12 +0000 2024,1823102457141944764,exact,"@user Στέλνει ο πρεσβευτής του Ισραήλ τη θετική του σκέψη, που είναι γνωστό ότι σβήνει τη φωτιά",8,0
Mon Aug 12 21:00:58 +0000 2024,1823102399256355221,exact,Οριοθετήθηκε η φωτιά στην Άνω Γλυφάδα – Συνελήφθησαν δύο νεαροί για εμπρησμό https://t.co/587InFGfkZ,2,0
Mon Aug 12 21:00:55 +0000 2024,1823102387600462193,exact,Δύο #συλλήψεις για την πυρκαγιά στην Τερψιθέα Άνω Γλυφάδας https://t.co/yur9NFOu6O,0,0
Mon Aug 12 21:00:45 +0000 2024,1823102344483000443,exact,"Στη Ναβάγιος ΑΕ, όσο εσείς αράζετε στον καναπέ σας παρέα με τη #φωτιά και με τα ποπκόρν σας, εμείς καταμετρούμε μέρα νύχτα!!! Σκεφτείτε, ότι στο τέλος της καταμέτρησης, θα βρεθούν τα καμμένα στρέμματα μισά και τα χτισμένα διπλάσια!! Όπως οι ψήφοι των αποδήμων ένα πράμα!! #Πεντελη https://t.co/i8yk2vgNRP",0,0
Mon Aug 12 21:00:44 +0000 2024,1823102341588869186,exact,@user Το ίδιο πράγμα ειναι. Εκτος αν η κυρία στο βιντεο δεν ειναι σε κατάσταση που καίγεται το σπίτι της…,0,0
Mon Aug 12 21:00:38 +0000 2024,1823102316888596953,exact,Δηλαδή τι περιμένατε ακριβώς από αυτούς που το 2007 έριξαν τη φωτιά και τη δολοφονία τόσων ανθρώπων στην Ηλεία στο στρατηγό άνεμο?,11,2
Mon Aug 12 21:00:29 +0000 2024,1823102279626772852,exact,"Δεν είναι η ώρα να μιλήσουμε για ελλείψεις, λέει η αντιπολίτευση…  Καίγεται κάθε καλοκαίρι η μισή Ελλάδα και αυτοί το αντιμετωπίζουν ως πρωτόγνωρο κ πρωτοφανές περιστατικό, που θέλει, λέει, ψύχραιμη ανάλυση.  Να βρουμε τι φταίει, λες και 4 χρόνια δεν είχαμε άλλες ευκαιρίες",11,2
Mon Aug 12 21:00:28 +0000 2024,1823102276229062836,exact,Εκεί είναι που έχει πυρκαγιά; https://t.co/9G1bZqr5aA,4,0
Mon Aug 12 21:00:11 +0000 2024,1823102201570775378,exact,"@user Σίγουρα αν ήταν στην εξουσία δεν θα βλέπαμε αυτά τα αίσχη, να καίγεται η πατρίδα μας από την μια μεριά στην άλλη.",1,0
Mon Aug 12 21:00:06 +0000 2024,1823102183648501777,exact,@user Όταν καίγεται το σπιτι σου είναι δικαιολογημένη η αγανάκτηση και ο θυμός . Δηλαδή αν ήταν ο ΣΥΡΙΖΑ στην κυβέρνηση οι καμένοι θα ήταν χαρούμενοι ή δεν θα είχαμε φωτιές ; Τέτοιες στιγμές δεν ειναι χρήσιμο να κάνουμε πολιτικά σχόλια …,0,0
Mon Aug 12 21:00:03 +0000 2024,1823102169295311139,exact,Φωτιά στην Αττική: «Όλοι είμαστε στεναχωρημένοι» δήλωσαν για τις καταστροφικές πυρκαγιές Τεντόγλου-Καραλής https://t.co/iHPDE7BqVq,0,0
Mon Aug 12 21:00:00 +0000 2024,1823102157807120673,exact,"«Η πυρκαγιά πέρασε στον αστικό ιστό» βόρεια της Αθήνας: Καίγονται σπίτια και επιχειρήσεις, vid https://t.co/onqeDoc7Ot",5,1
Mon Aug 12 20:59:45 +0000 2024,1823102095462965402,exact,@user Και η φωτιά είναι σχετικά κοντά από εκεί που μένω αν κατέβει και αλλο,1,0
Mon Aug 12 20:59:35 +0000 2024,1823102050630316193,exact,"Χαρίτσης για φωτιά στην Αττική: Βιβλική καταστροφή - Σοκαριστική, αδιανόητη και εξοργιστική #ΑΛΕΞΗΣ_ΧΑΡΙΤΣΗΣ #ΦΩΤΙΑ_ΤΩΡΑ https://t.co/ciwLqcJBNq",2,0
Mon Aug 12 20:59:07 +0000 2024,1823101933629911251,exact,Συναγερμός στη Θεσσαλονίκη: Φωτιά στο στρατόπεδο Καρατάσιου (ΦΩΤΟ-VIDEO) https://t.co/8s0gozHUhU μέσω @user,3,0
Mon Aug 12 20:59:05 +0000 2024,1823101926101168442,exact,"Θλίψη και πόνος για την φύση και τα στρέμματα δάσους που έγιναν στάχτη, αλλά δεν χάθηκε ούτε μια ανθρώπινη ζωή και αυτό είναι πολύ μεγάλη-και δυστυχώς καθόλου δεδομένη-υπόθεση. #φωτιά",4,0
Mon Aug 12 20:59:01 +0000 2024,1823101908418007257,exact,"- Καίγεται η Αττική - Που ακριβώς; - Ε, γενικά  #φωτιες",1,0
Mon Aug 12 20:58:56 +0000 2024,1823101887337366007,exact,"@user Ας πούμε ότι την σαμποτάρουν όπως λες.. Αυτή η κυβέρνηση γτ εδώ κ 4 χρόνια δεν έχει ενισχύσει την πυροσβεστική (οχήματα, εξοπλισμό, ανθρώπινο προσωπικό).. Γτ δεν έχει φτιάξει κάποια άμυνα απέναντι σε αυτούς τους σαμποτέρ;",1,0
Mon Aug 12 20:58:52 +0000 2024,1823101870321123610,exact,"@user @user Πείτε καμία μπούρδα, βάλτε καμία φωτιά, μπας και πάρετε κανένα like 😂🤣🤣 μέχρι εκεί είστε ικανοί",0,0
Mon Aug 12 20:58:48 +0000 2024,1823101855422926876,exact,Στο πρωτοσέλιδο της @user Ο Παρθενώνας με φόντο την #πύρινη #κόλαση στην οποία έχει παραδοθεί η #Αττικη   #φωτια_πεντελη #Βαρναβας #Πυρκαγιά  #Πυρινη_κολαση  https://t.co/goAeHZ3aCH,0,0
Mon Aug 12 20:58:45 +0000 2024,1823101840730316869,exact,🚨Έκτακτο SPACE με δίκη σας συμμετοχή. Καίγεται η Αθήνα - Φωτιά σε Πεντέλη Βριλήσσια και Γλυφαδα,13,4
Mon Aug 12 20:58:43 +0000 2024,1823101832899747977,exact,γιατί είναι φαντάροι όχι πυροσβέστες. Να στείλει ο Μητσοτάκης τους μπάτσους που προσέλαβε να σβήσουν τη φωτιά με τα γκλοπ,5,2
Mon Aug 12 20:58:42 +0000 2024,1823101829028192583,exact,Τώρα που η φωτιά έφτασε στον αστικό ιστό και θα μπορούσαν να βγουν στα μπαλκόνια των πολυκατοικιών με λάστιχα και να τη σβήσουν αυτοί έχουν πάει διακοπές. Και μετά τους φταίει το κράτος,1,0
Mon Aug 12 20:58:00 +0000 2024,1823101655291986244,exact,"@user Ώπα, μάστορα!!! αυτό που κάνεις είναι διασπορά ψευδούς είδησης και στοχοποιείς άτομο. Υπάρχει πληροφορία πώς έβαλε φωτιά? Του χρόνου θα σε ρωτάω αν η φωτο είναι deep fake...",2,0
Mon Aug 12 20:57:56 +0000 2024,1823101636463518127,exact,Το μόνο σίγουρο είναι αυτό -- δεν τους ενδιαφέρει ούτε η πυροπροστασία ούτε να σβήσουν καμιά φωτιά. Το γιατί θα το δούμε μετά. Ενα νέο κεφάλαιο του shock doctrine. #ΝΔ_εγκληματικη_εργανωση #ΝΔ_ΣΥΜΜΟΡΙΑ,0,0
Mon Aug 12 20:57:45 +0000 2024,1823101591488274628,exact,Φωτιά στο στρατοπέδου Καρατασου στη Θεσσαλονίκη; Είναι μέσα στον αστικό ιστό.,11,8
Mon Aug 12 20:57:40 +0000 2024,1823101571594608797,exact,Καίγεται το σπίτι του(έτσι γράφει)και παρόλα αυτά γράφει υβριστικά σχόλια με γενικολογίες!!           Φτάνει!!!,0,0
Mon Aug 12 20:57:40 +0000 2024,1823101571170795944,exact,"@user Ντροπή σου, επαινείς την εκκένωση του νοσοκομείου και δεν βλέπεις την ανικανότητά σας στην πρόληψη των πυρκαγιων και την προφύλαξη των πολιτών;;;;",0,0
Mon Aug 12 20:57:29 +0000 2024,1823101522529452344,exact,Φωτιά Αττική: Παρ' όλο που βρίσκεται σε διακοπές η Σταματίνα Τσιμτσιλή παραδέχεται ότι από χθες (11/8) το μυαλό και η ψυχή της βρίσκεται στην Αττική  https://t.co/cRC87vwXqR,0,0
Mon Aug 12 20:57:28 +0000 2024,1823101517592944990,exact,"👆👆στο σωστό νήμα ""τα άτομα που συνελήφθησαν για την φωτιά στην Τερψιθέα είναι γνωστά στις αρχές"" Στην φωτιά βρέθηκαν σημαντικές δυνάμεις οι οποίες έφυγαν από άλλα μετωπα",22,4
Mon Aug 12 20:57:21 +0000 2024,1823101492150104229,exact,"Φωτιά στην Αττική: Εξασθενημένοι οι άνεμοι τη νύχτα, μάχη με επίγειες δυνάμεις https://t.co/G0O4u78ooi",0,0
Mon Aug 12 20:56:50 +0000 2024,1823101361439068246,exact,"Επειδή κανείς άλλο δεν βλέπω να το λέει, ατέλειωτη ευγνωμοσύνη σε όλους όσους από χθες προστάτεψαν ΚΑΘΕ ανθρώπινη ζωή σε 100.000 στρέμματα γης απ όπου πέρασε αυτή η απερίγραπτη #φωτιά",2,0
Mon Aug 12 20:56:49 +0000 2024,1823101357810766136,exact,@user Έχει φωτιά στο στρατόπεδο καρατασου 😞,1,1
Mon Aug 12 20:56:41 +0000 2024,1823101320707912140,exact,Ρε παιδιά ας μας ενημερώσει κάποιος για Βριλήσσια μόνο στη μάντρα με τα ξύλα είναι η φωτιά τι συμβαίνει #φωτια,1,0
Mon Aug 12 20:56:36 +0000 2024,1823101299891585065,exact,"@user διάβασα κάτι πριν 10' για φωτιά στη θεσσαλονίκη, δυστυχώς δεν συγκράτησα που",1,0
Mon Aug 12 20:56:15 +0000 2024,1823101214298353855,exact,#Θεσσαλονίκη: #Φωτιά στο Στρατόπεδο Καρατάσιου-Επί τόπου η Πυροσβεστική https://t.co/KR4cc71ZSR,1,0
Mon Aug 12 20:56:03 +0000 2024,1823101162243178873,exact,"@user Αυτό παρακολουθείτε εσείς τώρα που καίγεται η χώρα? Εκτός αν σκέφτεστε και γράφετε  με την ίδια ταχύτητα που διατρέχατε το γήπεδο. Ίσως η σκέψη και η γραφή δεν είναι τόσο απλή για εσάς όπως ""σαν να βάζατε ένα ποτήρι νερό"".",0,0
Mon Aug 12 20:56:02 +0000 2024,1823101157759189279,exact,"#Αττική  Έχουν καεί ήδη πάνω από 100.000 στρέμματα.  Στερεύει το οξυγόνο, ο αυτοσεβασμός μας και η αξιοπρέπειά μας. #φωτιά #Πεντελη Η ζωή μας ζητάει να αναλάβουμε τις ευθύνες μας και να φροντίσουμε να σταματήσει η καταστροφή της χώρας και της ζωής μας. Πως? Ας πράξουμε τα δέοντα. https://t.co/TU9T5uMyH2",7,4
Mon Aug 12 20:55:59 +0000 2024,1823101144299663739,exact,"@user Από εξαπανέκαθεν ο Φοίνικας αυτό έκανε. Έβγαζε φωτιά. Γνωστό και το ""ΕΚ ΤΗΣ ΤΕΦΡΑΣ ΜΟΥ ΑΝΑΓΕΝΝΩΜΑΙ"".",0,0
Mon Aug 12 20:55:55 +0000 2024,1823101129418530985,exact,Βελτίωση της εικόνας της #πυρκαγιας λέει Ποιά είναι η βελτίωση? Επεσε ο αέρας. Ετσι δλδ κ δεν το αποφασίσει μόνη της η φωτιά να σβήσει θα την αφήσουμε να φτάσει Μάλτα.,2,1
Mon Aug 12 20:55:51 +0000 2024,1823101110673948863,exact,@user Εγω θα έλεγα ο κόσμος καίγεται και το @### χτενιζεται του παει γάντι,7,0
Mon Aug 12 20:55:49 +0000 2024,1823101103489360305,exact,Σε εξέλιξη φωτιά στη Τζια  #Τζια #φωτιά   https://t.co/M6qaBNNtn7,0,1
Mon Aug 12 20:55:41 +0000 2024,1823101071646183647,exact,"Νότια προάστια, Γλυφάδα.  Δύο άτομα πίσω από το γήπεδο εβαζαν φωτιά. Δεν υπάρχει κάτι άλλο να ευχηθούμε.  Α και που είστε φιλαράκια μου. Συνεχίστε να πιστεύετε ότι κάποιος φουκαράς έψηνε μπριζόλες γι αυτό καίγεται η Αθήνα.  #φωτιά https://t.co/6x9DXKBIpK",29,2
Mon Aug 12 20:55:38 +0000 2024,1823101058589065423,exact,Φωτιά Γλυφάδα: Συνελήφθησαν δύο νεαροί που θεωρούνται υπέυθυνοι -  https://t.co/wsa6KxMTz4 https://t.co/fCLl1B9k6E,0,0
Mon Aug 12 20:55:30 +0000 2024,1823101025718309267,exact,"Αν ο νόμος περί εμπρησμού έγραφε κόψιμο χεριών από το ύψος του ωμού, αυτοί οι δυο θα έβαζαν την φωτιά ; Σας ρωτάω εσάς του πολιτισμένους νομοθέτες. Πείτε μου πόσο πρακτικοί είστε. Στην Ελλάδα να αλλάξουν τώρα οι νόμοι για τους εμπρηστές που πιάνονται «επί το έργο» . Κόψιμο. https://t.co/WzeCflQucz",221,26
Mon Aug 12 20:55:26 +0000 2024,1823101009813467461,exact,@user Σβήστε κ καμία φωτιά παράλληλα,0,0
Mon Aug 12 20:55:26 +0000 2024,1823101007905067461,exact,"@user Μη γράφετε βλακείες. 1. Το κτίριο φυλάσσεται συνεχώς δεν κυκλοφορεί όποιος θέλει, οποτε θέλει. 2. Η φωτιά έφτασε στο Αστεροσκοπείο, δεν μπήκε εκεί.",17,2
Mon Aug 12 20:55:18 +0000 2024,1823100973621108953,exact,Είδες μάγκα?? Έξω από το χορό όλα εύκολα είναι! !! Τωρα που καίγεται και η δική σου κωλαρα έκοψες διακοπές και είσαι στο συντονιστικό της πυροσβεστικής. Και κάθε μέρα θα λέτε πόσο προσπαθείτε και ο κακός ο άνεμος. Για τους άλλους μια χαρα ήξερες να λες... Εσύ τι κάνεις? #φωτια,5,0
Mon Aug 12 20:55:16 +0000 2024,1823100966440182001,exact,@user Τον Καραμανλή αδελφέ να φωνάξετε για να σβήσει τη φωτιά που καίει 25 μέρες,2,0
Mon Aug 12 20:55:12 +0000 2024,1823100949604508118,exact,"@user Αγαπητέ γελωτοποιε του Τουίτερ, την ώρα που η πρωτεύουσα καίγεται το να κάνεις δηλώσεις για τα μάτια του κόσμου σε μικραίνει. Πρώτα η δράση και μετά η αντίδραση",2,0
Mon Aug 12 20:55:09 +0000 2024,1823100937587548258,exact,@user @user Υπουργός Αντιμετώπισης Εκτάκτων Καταστάσεων Αλεξάντρ Κουρένκοφ: ....«έχουμε καταγράψει σχεδόν 6.000 εστίες πυρκαγιών από φυσικά αίτια σε επιφάνεια 35 και πλέον εκατομμυρίων στρεμμάτων». Τί κάνουν τα ρώσικα θηρία; Ο Πούτιν φταίει που καίγεται η Ρωσία.,0,0
Mon Aug 12 20:54:56 +0000 2024,1823100883371950592,exact,Meteo: Σχεδόν 100 χιλιάδες στρέμματα επηρέασε ως τώρα η φωτιά – ΧΑΡΤΕΣ https://t.co/NEJAJKgRtk Κάθε χρόνο σπάνε ρεκόρ οι άριστοι!!!,0,0
Mon Aug 12 20:54:40 +0000 2024,1823100816477090169,exact,"ΟΚ μάγκες (όλης) της αντιπολίτευσης, καταλάβαμε: δεν είναι ώρα για ευθύνες.  Από Σεπτέμβρη, να επιστρέψετε κι απ'τα μπάνια, όλα καλά, σιγά τώρα να πούμε.  Λες κ επί Μητσοτάκη έχουμε πήξει στην αντιπολίτευση. Ή λες κ δεν έχουμε μπουκώσει από κυβερνητικό λαϊκισμό. #φωτιες #πυρκαγιά",0,0
Mon Aug 12 20:54:33 +0000 2024,1823100787490472271,exact,Σε δομή για πληγέντες από τη φωτιά ο Κασσελάκης #ΦΩΤΙΑ_ΤΩΡΑ #ΦΩΤΙΑ_ΑΤΤΙΚΗ https://t.co/heFRnA3Heb,0,0
Mon Aug 12 20:54:11 +0000 2024,1823100694024372567,exact,"Δύο προσαγωγές για τη φωτιά στη Γλυφάδα – «Εθεάθησαν “επί το έργον”, κυνηγήθηκαν από κατοίκους» -  https://t.co/YaeexOXgTk",0,0
Mon Aug 12 20:54:09 +0000 2024,1823100684893294863,exact,"Δύο προσαγωγές για τη φωτιά στη Γλυφάδα – «Εθεάθησαν “επί το έργον”, κυνηγήθηκαν από κατοίκους» https://t.co/xLdOZW2k4y",10,4
Mon Aug 12 20:54:01 +0000 2024,1823100649241763940,exact,"Διάχυτη η τοξικότητα στο #Φωτια_τωρα 🙄. Μήπως να πάρουμε είδηση επιτέλους ότι η τεράστια οικολογική καταστροφή, οι χαμένες περιουσίες, οι άνθρωποι στα νοσοκομεία και όλα τα επακόλουθα της φωτιάς, ΔΕΝ ΕΧΟΥΝ ΚΟΜΜΑ ? Ας πάμε να βοηθήσουμε και μετά ρίχνουμε όσες κυβερνήσεις θέτε 😡",1,0
Mon Aug 12 20:53:59 +0000 2024,1823100641947918418,exact,Συναγερμός στην Θεσσαλονίκη: Φωτιά στο πρώην στρατόπεδο Καρατάσιου – ΦΩΤΟ και ΒΙΝΤΕΟ https://t.co/dGZt5LY1R1,13,7
Mon Aug 12 20:53:59 +0000 2024,1823100641570595094,exact,"@user @user Έχεις διαφωνήσει ήδη αρκετά και μάλιστα χωρίς να δώσεις μια απάντηση για το τι κάνει ένας άνθρωπος σε μια ερημική τοποθεσία που πήρε σήμερα φωτιά, φορώντας κουκούλα Αύγουστο μήνα!",0,0
Mon Aug 12 20:53:57 +0000 2024,1823100632611377278,exact,ΨΑΧΝΕΙΣ ΑΚΟΜΑ ΤΟΥΣ #εμπρηστες ;;;;  #πυρκαγια #εμπρησμοί  #φωτιες #φωτια #Φωτια_τωρα #φωτιατωρα,3,2
Mon Aug 12 20:53:53 +0000 2024,1823100618254213165,exact,Φωτιά στην #Τερψιθεα  #Γλυφάδας: #Συνελήφθησαν οι νεαροί που έβαλαν την #πυρκαγιά https://t.co/SyqLYx4zTH via @user,1,0
Mon Aug 12 20:53:51 +0000 2024,1823100609559404836,exact,"Ήρθαν οι ξένοι εμπρηστές, έβαλαν φωτιά στην Αττική και άφησαν τα ΠΛΑΣΤΑ διαβατήρια πίσω τους, κάμερα σε μένα!",29,12
Mon Aug 12 20:53:50 +0000 2024,1823100603880341854,exact,"https://t.co/JnNE5rBoc7 ""Γλυφάδα: Συνελήφθησαν οι νεαροί που έβαλαν τη φωτιά στην Τερψιθέα""  ΜΑΚΑΡΙ ΌΛΑ ΤΑ ΜΑΚΑΡΙ",0,0
Mon Aug 12 20:53:45 +0000 2024,1823100583386980410,exact,#Μενοίκιο #φωτιά #Σέρρες Τι να πούμε για αυτόν τον πιλότο; Χειρουργός ❗ Εκεί πρέπει όμως να πάει το πεζοπόρο να την αποτελειώσει την φωτιά... Από κάτω σβήνει. Οι πυροσβέστες όμως βλέπουν σινεμά...  Ξυπνάτε ρε❗❗ https://t.co/0pFZxpaPOO,5,1
Mon Aug 12 20:53:35 +0000 2024,1823100541259374842,exact,04. Sedatephobia - Μουρμουρητά https://t.co/EGBlSpAu4W via @user φωτια στον κρατικα επιτελεια,0,0
Mon Aug 12 20:53:33 +0000 2024,1823100534833705417,exact,"Τι σημαίνει το ""χωρίς ενεργό μέτωπο"" που γράφει αυτή τη στιγμή στο mega.  #μμε_ξεφτίλες #φωτια #Πυρκαγια #Πεντελη #Νεα_Μακρη #Γραμματικό #νέα_πεντέλη #φωτιάτώρα #Μαραθωνας #Μελίσσια #χαλάνδρι #γερακας",4,1
Mon Aug 12 20:53:30 +0000 2024,1823100520162030009,exact,"Η φωτιά να κατεβαίνει μέχρι τη γειτονιά μας… Το δάσος, τα ζώα αλλά και τα σπίτια να καίγονται. Στο ίδιο έργο θεατές, αναφέρει η αθλήτρια της καλλιτενικής κολύμβησης https://t.co/ld5EbkKYD4",0,0
Mon Aug 12 20:53:26 +0000 2024,1823100504844701784,exact,@user Καλό ξημέρωμα για όλους Ντορίτα μου ❤️ και ελπίζω να σβήσει γρήγορα ή φωτιά κάθε καλοκαίρι τά ίδια....,2,1
Mon Aug 12 20:53:20 +0000 2024,1823100479758586071,exact,"@user Κοίτα τα νούμερα με τα καμμένα, κοίτα μετά το καθρέπτη και κατάλαβε ποιος θέλει να δείχνει πεισματικά ηλίθιος.  Να βοηθήσουν όλοι να σταματήσει με το καλό η πυρκαγιά και να μην καούν άλλα κι ύστερα τους ξαναυπερασπίζεις τους τιποτένιους. https://t.co/lH1e5d9gAi",0,0
Mon Aug 12 20:53:13 +0000 2024,1823100449261764831,exact,"@user Ναι!!!! Πού να διορίσουν σε Πυροσβεστική, Νοσοκομεία, Σχολεία,...παντού ελλείψεις!!!!",1,0
Mon Aug 12 20:53:13 +0000 2024,1823100448166830566,exact,Το Ισραήλ στέλνει βοήθεια ένα τεράστιο αρχιδι. Πρώτοι οι ψηφοφόροι της ΝΔ θα το γευτούν με την ησυχία τους. Είναι απασχολημένο τώρα με το να σκοτώνει γυναικόπαιδα. #φωτιά,7,1
Mon Aug 12 20:52:55 +0000 2024,1823100375739806118,exact,Γλυφάδα: Συνελήφθησαν δύο νεαροί που φέρονται να έβαλαν τη φωτιά στην Τερψιθέα https://t.co/dCJF1cLHlG,6,1
Mon Aug 12 20:52:50 +0000 2024,1823100354281771068,exact,Να καίγεται το σπίτι σου και το μόνο που σε θυμώνει δεν είναι που απέτυχε ο υπεύθυνος να το προστατέψει αλλά να θυμώνεις που τον κατηγορούν... Τέλειο?? Τέλειο...,5,3
Mon Aug 12 20:52:47 +0000 2024,1823100342231339251,exact,"@user @user Σόρρυ φίλε, αλλά πλέον έχουμε μέτρο σύγκρισης. Τις φωτιές της Εύβοιας τις έσβησαν κυρίως Ρουμάνοι, Σέρβοι κ Ουκρανοί που έμπαιναν στη φωτιά ενώ οι δικοί μας έκαναν τσιγάρο στον δρόμο.",1,0
Mon Aug 12 20:52:40 +0000 2024,1823100309608022307,exact,"Φωτιά στην Αττική: Εξασθενημένοι οι άνεμοι τη νύχτα, μάχη με επίγειες δυνάμεις - «Προσοχή τα ξημερώματα» λέει ο Κολυδάς https://t.co/f0xXtgYrs4",2,0
Mon Aug 12 20:52:27 +0000 2024,1823100258504569140,exact,"Για πολλοστή φορά αποδεικνύεται πως στόχος αυτής της γελοίας κυβέρνησης είναι να μην υπάρξει νεκρός από φωτιά. Όλα τα άλλα ας γίνουν στάχτη, ποσώς τους ενδιαφέρει. Το 112 να ναι καλά να στέλνει ακόμα και για ψύλλου πήδημα #φωτια",5,0
Mon Aug 12 20:52:24 +0000 2024,1823100242792755469,exact,Με έχει μπλοκάρει από καιρό ο καθηκις...Πού θα πάει...Θα τον ρίξω και θα φύγει νύκτα από την #Ελλάδα...#φωτιά,4,0
Mon Aug 12 20:52:16 +0000 2024,1823100212618916014,exact,@user Πάλι γυρίζουμε στο εξής: Αν το νομοθετικό πλαίσιο ήταν αυστηρότατο και οι εμπρηστές τιμωρούνταν με 10ετη χωρίς αναστολή νομίζω θα το σκεφτόταν καλά κάποιος πριν βάλει φωτιά. Αλλά σε μια χώρα που και οι δολοφόνοι έχουν καλη τύχη..η δικαιοσύνη πρέπει να λειτουργεί.λυπαμαι αλλά δεν,1,0
Mon Aug 12 20:51:52 +0000 2024,1823100110961615217,exact,"Μην τρελαθούμε τώρα. Τι τσιγάρο, έβγαινε μαύρος καπνός και ακούσαμε 2 ή 3 εκρήξεις. Τι ήταν κουκουνάρια; Αυτή η φωτιά δεν μπορεί να έχει μπει από τσιγάρο. ΑΝΑΚΡΙΣΗ μέχρι να μάθουμε γιατί και ποιος τους έβαλε. Γιατί να μην τους πλήρωσε κάποιος τους πιτσιρικάδες να το κάνουν; Άμα https://t.co/lPorndfkrk",287,32
Mon Aug 12 20:51:48 +0000 2024,1823100094226293104,exact,Όταν καίγεται το δάσος καίγεται το σπίτι όλων μας,2,2
Mon Aug 12 20:51:34 +0000 2024,1823100036680446272,exact,"Αν ευσταθούν τα ρεπορτάζ,μέσα σε μιάμιση ημέρα η #φωτιά στην Αττική δεν παρουσιάζει ενεργό μέτωπο. Αυτό σημαίνει ότι ο μηχανισμός δούλεψε σωστά και σε αυτή την περίπτωση.",0,0
Mon Aug 12 20:51:34 +0000 2024,1823100034981790205,exact,"12/8/2024 , Άνω Γλυφάδα, Τερψιθέα. Τα γεγονότα μέσα απο τα δικά μου μάτια που ήμουν πρώτη γραμμή. Θα διαβάσετε τα συναισθήματα μου. Όσοι θέλετε προσπεράστε. Η φωτιά ήταν μόλις κάποια μέτρα απο το σπίτι μου ξανά. Πέρυσι η φωτιά στο σπίτι που είχε χτίσει ο παππούς μου στον Άγιο https://t.co/z8sSiF4YbW",574,101
Mon Aug 12 20:51:13 +0000 2024,1823099946758820312,exact,@user Το στρατόπεδο Καρατάσιου. Τώρα καταφθάνει η πυροσβεστική,1,0
Mon Aug 12 20:51:12 +0000 2024,1823099940798619812,exact,@user Δεν είσαστε σκατοψυχοι;  Θυμάμαι την πυρκαγιά στο Μάτι ... Ακόμη εξακολουθείτε κ κάνετε αντιπολίτευση με πτώματα,0,0
Mon Aug 12 20:51:09 +0000 2024,1823099930355138791,exact,Κανονίστε να ξεχάσετε και να τον συγχωρήσετε.  #φωτιά,8,1
Mon Aug 12 20:51:08 +0000 2024,1823099923631649236,exact,#φωτια ελάτε μωρέ τώρα.. δύσβατη περιοχή το Χαλάνδρι κι ο Γέρακας πως να σβήσει η φωτιά;! Δεν καταλαβαίνετε τίποτα,5,0
Mon Aug 12 20:51:00 +0000 2024,1823099891448426939,exact,"@user Δεν κατηγορηθηκε οτι έβαλε τη φωτιά...σκετο έβαλε τη φωτιά.  Θεία δικη λοιπον, αλλα και θράσος που μιλάει στις κάμερες και δε ντρέπεται.",9,1
Mon Aug 12 20:50:56 +0000 2024,1823099875354923487,exact,Γλυφάδα: Συνελήφθησαν δύο νεαροί που φέρεται να έβαλαν τη φωτιά στην Τερψιθέα https://t.co/H1XqIP9lhS,2,0
Mon Aug 12 20:50:51 +0000 2024,1823099854207496322,exact,@user Αν καίγεται όλη η Αθήνα και σενα σε πειράζει που βρίζουν το Μητσοτάκη μάλλον εσύ είσαι ο άρρωστος,0,0
Mon Aug 12 20:50:43 +0000 2024,1823099818753098109,exact,Εντωμεταξει το πουλί βάζει τη φωτιά,0,0
Mon Aug 12 20:50:33 +0000 2024,1823099780148629535,exact,"Πυρκαγιά στην Αττική: Νέες ενισχύσεις από Σερβία, Ρουμανία και Τουρκία https://t.co/tJVDUHiaHQ",1,0
Mon Aug 12 20:50:31 +0000 2024,1823099771219071248,exact,Ανεβαίνοντας στην #Πεντελη για δηλώσεις ! #φωτιες #Πεντελη #πυρκαγιας #φωτιατωρα #φωτια_πεντελη #εκκένωση #Ελλάδα #εναέρια_μέσα #εμπρησμοί #Διώνη #Αττικης #Πυροσβεστες #Κικιλιας #Μαραθωνα #Μελίσσια #Νεα_Μακρη #ευπ https://t.co/OdPW9PDPTZ,2,3
Mon Aug 12 20:50:24 +0000 2024,1823099741044957535,exact,@user Ο κόσμος καίγεται και το μουνί χτενίζεται... Έλα μουνί στον τόπο σου... Θέλει η πουτάνα να κρυφτεί....  Διάλεξε μια και πάρε,0,0
Mon Aug 12 20:50:19 +0000 2024,1823099720429875471,exact,"Το μόνο μέτρο που μπορεί να εφαρμόσει η @user είναι να στείλει την @user να δειρει  τη φωτιά και το @user νά την πνιξει. Βαψομαλλια,  @user κάνε τα κουμάντα σου.",0,0
Mon Aug 12 20:50:06 +0000 2024,1823099665291571570,exact,"@user Εγκρίθηκαν πριν 3 μήνες 30.000.000€ για 50 δήμους, αφού πρώτα εγκρίνουν τα έργα οι δασικές υπηρεσίες!!Πριν 3 μόλις  μήνες ενώ η Ελλάδα καίγεται τα 3 τελευταία χρόνια με εκατομμύρια καμένων στρεμμάτων!Πόσα χρόνια ήταν διαθέσιμα αυτά τα χρήματα από την Ευρώπη κ το Πράσινο Ταμείο?",2,0
Mon Aug 12 20:50:03 +0000 2024,1823099652238926050,exact,@user Από το πρωί τα κανάλια  λέγανε ότι πετάνε 36 αλλά δεν τα βλέπαμε από τον καπνό μετά ότι είχε δυνατό αέρα έως τις 10.30 ήταν ως 3 μποφόρ και μετά το μέγιστο 6  ο Κικιλιας ειπε 7εως8 μποφόρ και η πυροσβεστική ότι τα πτητικά μέσα δεν φαίνονται από τον καπνό Μας δουλεύουν με σχέδιο,3,0
Mon Aug 12 20:50:01 +0000 2024,1823099644953395256,exact,AΠΟΛΥΤΗ ΑΝΕΠΑΡΚΕΙΑ! Για μία ακόμη φορά επί Μητσοτάκη καίγεται η Αττική https://t.co/2TPN0hqqMT via @user,0,0
Mon Aug 12 20:50:01 +0000 2024,1823099644261630270,exact,@user αποκλειστική φωτό του τη μέρα που θα σβήσει η φωτιά https://t.co/AX8a04hs1t,10,0
Mon Aug 12 20:50:00 +0000 2024,1823099641422110833,exact,@user Έχει φωτια στο στρατόπεδο κατατασου,1,0
Mon Aug 12 20:50:00 +0000 2024,1823099639551406183,exact,Φωτιά στην Αττική: Καίγεται εργοστάσιο ξυλείας στον Γέρακα – ΒΙΝΤΕΟ  #εργοστάσιο #ξυλεία #φωτια #πυρκαγια #φωτιά #καπνός  #φωτιατωρα #φωτια_πεντελη #πυρκαγιά #Πεντέλη #Βαρναβας #Ραφηνα #Πεντέλη #Μαραθώνας   https://t.co/xarKJIgrhw,1,1
Mon Aug 12 20:49:56 +0000 2024,1823099622790672509,exact,"Για να δούμε τι θα γίνει αυτή τη φορά, βασισμένοι στο διάγραμμα “Κούλης the Saviour”, είναι αρκετά σημαντικός ο μπασκετάκιας;  #φωτια https://t.co/0Kxs7Rde9N",4,3
Mon Aug 12 20:49:53 +0000 2024,1823099612334379094,exact,@user Με αυτά θα μείνετε!Στην Καλιφόρνια ρε πατσαβούρα που καίγεται ποιος φταίει; Κάνετε πολιτική του Κ@user,3,0
Mon Aug 12 20:49:52 +0000 2024,1823099608211354071,exact,Εν τω μεταξύ πότε θα βρίσεις αν δεν το κάνεις όταν σου καιγεται το σπίτι;,55,10
Mon Aug 12 20:49:42 +0000 2024,1823099566738075894,exact,Από τις πιο συγκλονιστικές φωτό από την #φωτια. Πηγή REUTERS/Stelios Misinas #πυρκαγιας #φωτιες #Φωτια_τωρα https://t.co/F9Mrmn0VHq,95,21
Mon Aug 12 20:49:37 +0000 2024,1823099544181051659,exact,"Και το κράτος, επίσημα, μίλησε χθες για καποιον που έψηνε μπριζόλες &amp; ξέφυγε η #φωτιά! Το ίδιο ειχαν κάνει &amp; με τη φωτιά σην Κινέτα, ενώ τις φωτιές μάλλον τις βάζουν πληρωμένοι εμπρηστές από την ίδια την κυβέρνηση ή τα τσιράκια τους (πχ Γεραπετριτης, Τερνα) #Βαρναβας #Μητσοτακης",3,1
Mon Aug 12 20:49:30 +0000 2024,1823099512895754441,exact,"@user Σε λιγότερο από 24 ώρες , ολόκληρες περιοχές εκκενώθηκαν , νοσοκομεία ,εμπρηστές έβαζαν φωτιές , αέρας 8·9 μποφόρ .. κ σταμάτησαν την φωτια .",0,0
Mon Aug 12 20:49:28 +0000 2024,1823099507053072844,exact,"Να που κατηγορούσαν το Χίτλερ για προβοκάτσια με τη #φωτιά στο Reichstag.  Κατά λάθος θα έγινε, εδώ ο #Μητσοτακης κόντεψε να κάψει τη Βουλή",0,0
Mon Aug 12 20:49:27 +0000 2024,1823099500195381371,exact,@user Όσες φωτιές και να βάλουνε αν υπάρχουν πυροσβεστικά και εναέρια δεν θα καιγόταν η μισή Αττική. Η χώρα μας καίγεται και ακόμη στηρίζεται μια κυβέρνηση που κάθε χρόνο αποδεικνύεται ακόμη πιο άχρηστη..,15,3
Mon Aug 12 20:49:26 +0000 2024,1823099497221878058,exact,Μόλις κατέφθασε η πυροσβεστική,0,0
Mon Aug 12 20:49:12 +0000 2024,1823099438908207114,exact,"Με αέρα 3-4 μποφόρ και έχει καεί η μισή Αττική. Πραγματικά, δεν υπάρχει πιο ανίκανη κυβέρνηση από αυτή.  Όλη τη βρώμικη δουλειά τόσα χρόνια την έκαναν οι #μμε_ξεφτίλες  Μη ψαρώνετε για ένα σούπερ που έβαλε το #Μεγκα Κάπου έλεος   #Μητσοτακης #Φωτια",24,1
Mon Aug 12 20:49:10 +0000 2024,1823099432348291276,exact,@user @user Σε κάθε φωτιά θα πέσει η κλασική φωτογραφία από ΑΡΔ με μπάτσους να κουβαλάνε ένα σκύλο για damage control του ποσό άχρηστοι είναι. Και φυσικά ζώα σαν εσένα τρώνε την προπαγάνδα με το κουταλάκι.,0,0
Mon Aug 12 20:48:58 +0000 2024,1823099380091482598,exact,Φωτιά τώρα στην Θεσσαλονίκη δυτικά απ'ότι διακρίνω είναι κοντά στον περιφερειακό προς 424 ξέρει κανείς τι καίγεται; φαίνεται μεγάλη,13,7
Mon Aug 12 20:48:48 +0000 2024,1823099339134157136,exact,Η Ανατολή στη Νέα Μάκρη δεν είχε κατακαεί το 2018 στη φωτιά στο Μάτι;,0,0
Mon Aug 12 20:48:45 +0000 2024,1823099326325010820,exact,#Μενοίκιο #φωτιά #Σέρρες Η δουλειά θέλει χέρια. Γίνεται δουλίτσα❗ Όρεξη να υπάρχει... Δυστυχώς τα πεζοπόρα αγρόν αγοράζουν... Είμαστε λίγο παραπάνω από το φυλάκιο Ζαχαρία (διαβόλου γέφυρα) https://t.co/lgqnKwMazF,5,2
Mon Aug 12 20:48:40 +0000 2024,1823099304757563794,exact,"Δεν είναι τώρα η ώρα της απόδοσης ευθυνών, ούτε θα είναι το φθινόπωρο γιατί τότε θα παλεύουμε με τις πλημμύρες. Δεν θα είναι ούτε τον χειμώνα που θα κολλάμε στο χιόνι. Ε από άνοιξη και μετά χρειαζόμαστε θετικό κλίμα για τον τουρισμό. Ας το ξεχάσουμε καλύτερα.   #φωτια",27,7
Mon Aug 12 20:48:38 +0000 2024,1823099297409425416,exact,#Φωτιά στην Αττική: Ο #Κασσελάκης διέθεσε όχημα σε κατοίκους - «Τα αυτοκίνητά μας ανήκουν στον ελληνικό λαό» https://t.co/1XAk6FLh2J,136,28
Mon Aug 12 20:48:37 +0000 2024,1823099293558882459,exact,#φωτιά #πυρκαγια   Όταν φτάσει η φωτιά στο Μέγαρο Μαξίμου https://t.co/oHp3TXAhec,34,3
Mon Aug 12 20:48:33 +0000 2024,1823099275200565353,exact,"Τα ίδια ψέματα που έλεγαν και το 2020 στη φωτιά στην Βαρυμπόμπη  Αλλά ο πραγματικός κόσμος, και όχι τα μιλημενα μέλη του ΣΥΡΙΖΑ, τα έζησε και ξέρει πως λέτε ψέματα  Είστε επικίνδυνοι Καραγκιόζηδες",12,3
Mon Aug 12 20:48:28 +0000 2024,1823099252823781526,exact,Παίζει να μην ξέρει ο Μπαλατσινός ότι η φωτιά έφτασε στο Χαλάνδρι..,9,2
Mon Aug 12 20:48:19 +0000 2024,1823099215612174473,exact,"Όταν δεν καίγεται το σπίτι σου και καίγεται του αλλου, η έγνοια σου είναι το ποιον θα σιχτιρισει ο πυροπληκτος",45,12
Mon Aug 12 20:48:11 +0000 2024,1823099184834101550,exact,Φωτιά στην Τερψιθέα Γλυφάδας: Συνελήφθησαν νεαροί που έβαλαν τη φωτιά  https://t.co/2bvRwooijz,5,0
Mon Aug 12 20:48:05 +0000 2024,1823099159664320675,exact,Γλυφάδα: Συνελήφθησαν 2 νεαροί για την φωτιά στην Τερψιθέα https://t.co/r52etEIEeK 👈 κλικ εδώ #newshubgr #crete #ellada #εξελίξεις #νέα https://t.co/GVJ5u9YxSc,0,1
Mon Aug 12 20:47:59 +0000 2024,1823099132216820167,exact,Παρακαλούμε να βρεξει μήπως σβήσει η φωτιά αλλά να μην βρεξει πολύ γιατί θα πνιγούμε  #Φωτια_τωρα #φωτιες,3,2
Mon Aug 12 20:47:57 +0000 2024,1823099125715587299,exact,"Αυτό κάνουν οι Βούλγαροι με τα εκ στρέμματα πεύκα που έχουν Πχ, ειναι 3 βουνά, το μεσαίο το κάνουν αποψίλωση, τα επόμενα καθε 5 χρόνια Το μεσαίο σε 10 χρόνια έχει γίνει πάλι δάσος Έτσι η φωτιά πάντα βρίσκει κάτι....να μην κάψει Στην Ελλάδα το Δασαρχείο κάνει επιλεκτική υλοτόμηση",12,3
Mon Aug 12 20:47:47 +0000 2024,1823099083663528329,exact,'Ακου να σου πώ φωτιά... https://t.co/APHJ60jw2u,16,5
Mon Aug 12 20:47:41 +0000 2024,1823099055611801793,exact,@user @user Οι Σέρρες καίγονται ένα μήνα και η φωτιά είναι ακόμα στις Σέρρες;Δεν έφτασε ακόμα Πολωνία; Σοβαρευτείτε λίγο.,2,0
Mon Aug 12 20:47:23 +0000 2024,1823098982656082338,exact,"@user Ντροπή να μιλάς έτσι για ανθρώπους που έχουν εξουθενωθεί να παλεύουν με τη φωτιά, πυροσβέστες, πιλότους, τεχνικούς, εθελοντές.",0,0
Mon Aug 12 20:47:05 +0000 2024,1823098905678291313,exact,Με εντολή Μητσοτάκη έσβησε η  φωτιά! #φωτια,2,0
Mon Aug 12 20:46:54 +0000 2024,1823098861251948770,exact,Στο τέλος θα σωθεί μόνο ο δήμος Αθηναίων επειδή είχε προνοήσει ο Μπακογιάννης να κόψει όλα τα δέντρα  #φωτιες  #πυρκαγιά  #Βριλήσσια,4,1
Mon Aug 12 20:46:46 +0000 2024,1823098825763856847,exact,"Έχει ειδοποιηθεί πυροσβεστική και αστυνομία, είδα ότι υπήρχε περιπολικό και είχαν  πιάσει 4-5 άτομα που κυκλοφορουσαν μέσα στο στρατόπεδο",2,0
Mon Aug 12 20:46:36 +0000 2024,1823098784844308779,exact,Ο ΣΚΑΙ προβάλλει όντως περσινά πλάνα;   #πυρκαγιά #φωτια_πεντελη #Φωτια_τωρα #Πεντέλη,0,0
Mon Aug 12 20:46:24 +0000 2024,1823098733925408772,exact,Φωτιά στην Αττική – Νέο 112 σε Βρανά Μαραθώνα – «Απομακρυνθείτε προς Νέα Μάκρη» https://t.co/9UaOQ1VKBU #Αττικη #φωτια #Μαραθωνας #Νεα_Μακρη https://t.co/kCFYxYzVI5,2,2
Mon Aug 12 20:46:17 +0000 2024,1823098703139496115,exact,@user Έσβησε η φωτιά Βαγγέλη..διάσπαρτες μικροεστίες έμειναν..,2,0
Mon Aug 12 20:46:10 +0000 2024,1823098675574219129,exact,"@user @user Όχι, με τίποτα δεν είναι ευτυχώς. Άνθρωποι είμαστε όλοι. Είναι τραγικό να βλέπεις το σπίτι σου να καίγεται",0,0
Mon Aug 12 20:46:10 +0000 2024,1823098675238932860,exact,@user ψάχνει να σβήσει την φωτιά,0,0
Mon Aug 12 20:45:46 +0000 2024,1823098574093332887,exact,@user @user Τραβάνε 3 διαφορετικές φωτογραφίες ένα άνθρωπο που περπατάει (δεν τρέχει) και όχι τη φωτιά που με τόση ξηρασία αρπάζει στο δευτερόλεπτο....... Εντάξει καλό μου δεν θα διαφωνήσω άλλο άλλωστε τον άνθρωπο δεν τον ξέρω,1,0
Mon Aug 12 20:45:45 +0000 2024,1823098571895283973,exact,@user Όπου ΠΥ βλέπε πυροσβεστική υπηρεσία.  Είναι κοινός τόπος πια πως στα δάση δεν μπορούν να επιχειρήσουν.,0,0
Mon Aug 12 20:45:33 +0000 2024,1823098520708009987,exact,@user @user @user Ιδιωτική εταιρία είναι η πυροσβεστική ρε βλήμα?,1,0
Mon Aug 12 20:45:05 +0000 2024,1823098403867254979,exact,"@user Χωρίς άλλο ενεργό μεγάλο μέτωπο, στην Αττική, που βρέχεται σε τρεις πλευρές από θάλασσα, έχει λίμνη στο σημείο της φωτιάς (Μαραθώνας), μεγάλη πυροσβεστική δύναμη και δύο σταθμούς εναέριων μέσων, (Τατόι &amp; Ελευσίνα. Και τους ξέφυγε. Μνημείο ανικανότητας, μιλάμε για άχρηστους...",2,0
Mon Aug 12 20:45:02 +0000 2024,1823098392454877312,exact,"@user Μικρής έντασης φωτιές σε χαμηλή βλάστηση, τίποτε σπουδαίο.  Η συνδρομή των κατοίκων είναι αυτονόητη.  Τι θα έπρεπε να κάθονται στον καναπέ και να περιμένουν να σβήσει τα πάντα η πυροσβεστική με τόσες φωτιές σήμερα;",6,0
Mon Aug 12 20:44:58 +0000 2024,1823098372682854404,exact,"Πάντως μπράβο, ο κόσμος καίγεται, τα ρομαντικά ακκαου εκεί, το χαβά τους 😂",3,0
Mon Aug 12 20:44:54 +0000 2024,1823098356224106863,exact,@user Δεν θ έγραφα κάτι που δεν έχω ζήσει ή τουλάχιστον από πολύ κοντινά μου πρόσωπα. Με τους γονείς μου βόλτα σε τοπικό δασάκι και το εκδρομικό καλαθάκι. Οικογένειες πολλές. Φρουρός με όπλο στην είσοδο του δάσους να κρατάει ταυτότητες και να τις επιστρέφει στην επιστροφή. Φωτιά καμία.,2,0
Mon Aug 12 20:44:35 +0000 2024,1823098278101098595,exact,Φωτιά στην Αττική / Χωρίς καταβολή διοδίων στην Αττική Οδό - https://t.co/YPJpErP4iU,0,0
Mon Aug 12 20:44:28 +0000 2024,1823098248564974075,exact,Φωτιά στην Τερψιθέα Γλυφάδας: Συνελήφθησαν νεαροί που έβαλαν την πυρκαγιά https://t.co/LMax8dsyjk,31,27
Mon Aug 12 20:44:27 +0000 2024,1823098245138248089,exact,"@user Κάθε εγκατάσταση πρέπει να μην ακουμπάει στο έδαφος, είτε πρόκειται για άσφαλτο είτε για χώμα, γιατί η φωτιά/θερμικό φορτίο τρυπάει το λάστιχο. Όποιος έχει βρεθεί σε κατάσβεση φωτιάς το γνωρίζει.",1,0
Mon Aug 12 20:44:14 +0000 2024,1823098189475369451,exact,έλα παιδιά μη λέτε μαλακίες σε όλο τον κόσμο έχει φωτιά ε εντάξει σε μας έτυχε και καίγεται η πρωτεβουσα οκ μπαντ λακ τι να πούμε,2,2
Mon Aug 12 20:44:14 +0000 2024,1823098187827106273,exact,Φωτιά στην Τερψιθέα Γλυφάδας: Συνελήφθησαν νεαροί που έβαλαν τη φωτιά https://t.co/VV8EvmYVNL,5,1
Mon Aug 12 20:44:09 +0000 2024,1823098170148028547,exact,Φωτιά στην Αττική: Συγκλονιστικό βίντεο με αστυνομικούς να σώζουν σκύλο  #φωτια #Αττικη  https://t.co/3nDPypAs3Q,13,3
Mon Aug 12 20:44:08 +0000 2024,1823098166142734773,exact,Εντωμεταξύ η φωτιά είναι καρμπόν με την φωτιά της Βαρυμπόμπης … ίδια συμπεριφορά ίδια ταχύτητα και δυναμική …..πέρασε 4-5 φορές (!!!!!) τα ίδια σημεία μέχρι να τα κάψει όλα … στην λίμνη μαραθωνα πέρασε δεν έκαψε και ξαναγύρισε μετά (!!!) ……,8,0
Mon Aug 12 20:44:03 +0000 2024,1823098143648407575,exact,@user έχει στοιχεία μωρή γκιόσα ότι αριστεροί έβαλαν την φωτιά στον Βαρνάβα για να φύγει η κακιά κυβέρνηση του Μητσοτάκη....άντε βουλώστε το επιτέλους φίδια,6,0
Mon Aug 12 20:44:02 +0000 2024,1823098137474650454,exact,#Φωτιά στην Αττική: Κανένα ενεργό μέτωπο - Ολονύχτια μάχη με τις αναζωπυρώσεις σε Μαραθώνα και Πεντέλη - Έχουν καεί πάνω από 100.000 στρέμματα https://t.co/AbJ3pVt62E,7,1
Mon Aug 12 20:43:59 +0000 2024,1823098125952876611,exact,@user Ευτυχώς έπεσε τώρα ο αέρας και η φωτιά άλλαξε μέτωπο. Αλλά γίνεται ακόμα της κακομοίρας. Μόλις μίλησα με την κόρη μου γιατί εμείς είμαστε στο εξοχικό μας στο Αίγιο.Καλό βράδυ. 🙏🌟,1,0
Mon Aug 12 20:43:57 +0000 2024,1823098119082676376,exact,"""Κανένα φεγγάρι δεν ταξιδεύει στον ουρανό.. Κλείστηκαν οι δρόμοι.. Ακόμα να φανούν τα παιδιά.. Ότι ήταν να πάρουν το πήραν.. Τι μένει; Τσεκούρι φωτιά ""  Ακόμα μια δύσκολη νύχτα αγαπημένοι μου φίλοι. Δύναμη κ κουράγιο σε αυτούς που παλεύουν με το θηρίο 🙏🇬🇷 https://t.co/8hLG9Ncl5C",15,2
Mon Aug 12 20:43:41 +0000 2024,1823098052376231964,exact,"ΜΟΥΓΚΑ ΣΤΗ ΣΤΡΟΥΓΚΑ Πέφτει ένα μπινελίκι ή τρικάκι σε πολιτικό,σύσσωμο το πολιτικό σύστημα δηλώνει την αγανάκτησή του και την καταδίκη του. Καίγεται το βιος σου με ευθύνη της κυβέρνησης,''να εκπονήσουμε επιτέλους Εθνικό Σχέδιο''. ΡΕ ΔΕ ΓΑΜΙΕΣΤΕ!",3,0
Mon Aug 12 20:43:36 +0000 2024,1823098029391397088,exact,@user @user Ναι μόνη της έσβησε σχεδόν τέτοια φωτιά,0,0
Mon Aug 12 20:43:24 +0000 2024,1823097981605929348,exact,@user Δηλαδή το 2018 έβαζε φωτιά η ΝΔ?,1,0
Mon Aug 12 20:43:21 +0000 2024,1823097965797421128,exact,"@user Σε περίοδο επιχεορησεων, είδες καμία φωτιά στο Ισραηλ; σκέψου όταν θα ρίχνουν εμπρηστικές στα δάση (όσα έχουν απομείνει) Απλά ως σκέψη το αφήνω, να υπάρχει...",2,0
Mon Aug 12 20:43:16 +0000 2024,1823097946889765357,exact,Καίγεται το σήμερα..... ενώ έχει ήδη πεθάνει το αύριο.....,45,38
Mon Aug 12 20:43:11 +0000 2024,1823097924701532260,exact,"Κανένα σχέδιο, καμία στρατηγική και επιχειρησιακή ετοιμότητα. Ας το παραδεχτούν οι αρμόδιοι.  Φτάνει. Ως εδώ. #Ντροπή. Και σημειώστε ότι μια άλλη φωτιά στις Σέρρες καίει για 25+ (!) μέρες #φωτια #φωτια_πεντελη #ΦΩΤΙΑ_ΑΤΤΙΚΗ #πυρκαγια #Ελλάδα 🔥🇬🇷😔",1,0
Mon Aug 12 20:42:54 +0000 2024,1823097853603950994,exact,Η πολιτική του παρουσία μετά τις ευρωεκλογές είναι ένας άνευ προηγούμενου πολιτικός και επικοινωνιακος κατήφορος. Σχεδόν δεν πιστεύεις στα μάτια σου. #φωτιες #Φωτια_τωρα #φωτιά #Πεντέλη #Κικιλιας #Κασσελάκης,1,0
Mon Aug 12 20:42:51 +0000 2024,1823097842543612110,exact,@user Εδώ καίγεται Toshiba και συ μιλάς για center,1,0
Mon Aug 12 20:42:21 +0000 2024,1823097716463018391,exact,Καίγεται η #Αττική και αυτοί ζητάνε λεφτά από ΕΕ για να τα  βάλουν στις τσέπες τους και τα υπόλοιπα να τα μοιράσουν σε δεξιά τρωκτικά και #μμε_ξεφτίλες  #Φωτια_τωρα #φωτιες #ΝΔ_εγκληματικη_εργανωση #ΝΔ_ΣΥΜΜΟΡΙΑ #ΝΔ_Ξεφτίλες #μητσοτακη_παραιτησου,1,1
Mon Aug 12 20:42:12 +0000 2024,1823097677325709346,exact,"@user Πάρε καμια μάσκα, πηρε φωτιά το Καρατάσου...",2,0
Mon Aug 12 20:42:09 +0000 2024,1823097663140888679,exact,Εν τω μεταξύ για τη φωτιά βλέπω το Μέγκα. Μιλάμε πίπα-κώλο τον πάει τον Κούλη ο Βαγγέλας...,67,10
Mon Aug 12 20:42:06 +0000 2024,1823097650331156610,exact,Κορυφαίος στην διαχείριση κρίσεων ο περιφερειάρχης Αττικής.  #φωτιά https://t.co/U6uzFPuYX6,0,0
Mon Aug 12 20:42:04 +0000 2024,1823097644601799109,exact,Γλυφάδα: Συνελήφθησαν οι νεαροί που έβαλαν τη φωτιά στην Τερψιθέα https://t.co/holQTKWik6,2,1
Mon Aug 12 20:41:45 +0000 2024,1823097564192743709,exact,"Εν τω μεταξύ, ένα ζουμ να κάνεις, δείχνει φωτιά στο Βόλο και στη Πάτρα που ΑΠΟ ΟΣΟ ΞΕΡΩ ΔΕΝ ΕΧΕΙ 😭😭  Νομίζω πιάνει θερμοκρασία και τέτοια μέσω δορυφόρου, δεν είναι πάντα φωτιά....",6,0
Mon Aug 12 20:41:36 +0000 2024,1823097524862828953,exact,@user Οι δασοκομαντος δέρνουν την φωτιά μαλακιζονται σαν τον πρωθυπουργό σας?,1,0
Mon Aug 12 20:41:24 +0000 2024,1823097475885858935,exact,Φωτιά Αττική: 5 τραυματίες πυροσβέστες- Δύο μεταφέρθηκαν στο 251 Στρατιωτικό Νοσοκομείο -  https://t.co/hD09zGlAe3 https://t.co/gJljKldcxE,1,1
Mon Aug 12 20:41:19 +0000 2024,1823097453761208322,exact,"@user Εμπρησμός, τους έπιασαν. Η φωτιά ήταν πιο βόρεια από την παλιότερη που μετά έγινε αναδάσωση. Το βουνό παλιά ήταν μόνο πεύκα και θάμνοι. Τώρα έχουν φυτέψει ελιές κτλ μήπως ομορφύνει αλλά είναι μέσα στην πέτρα οπότε δύσκολο",0,0
Mon Aug 12 20:41:18 +0000 2024,1823097451999568189,exact,@user Βάλε και την Ανταρκτική που καίγεται όλη!,0,0
Mon Aug 12 20:41:17 +0000 2024,1823097446123118618,exact,@user Πήρε φωτιά το Καρατάσου στη Θεσσαλονίκη........ https://t.co/1cL3TD5L3h,2,3
Mon Aug 12 20:41:14 +0000 2024,1823097433645027563,exact,Η άλλη απειλή από τις πυρκαγιές – Μέτρα προστασίας από τον καπνό - Γράφει η δημοσιογράφος Όλγα Μαύρου - #φωτιες #φωτιατωρα #Πεντελη #Βαρνάβα #φωτια #πυρκαγιά #πυρκαγιές #Μαραθωνας #Διονυσος #Πυροσβεστες #πυροσβεστικη #καπνος #SLpress - https://t.co/SG3f6560S5,1,1
Mon Aug 12 20:41:11 +0000 2024,1823097423092424843,exact,"@user Γιατί, θεωρείτε πως η στρατιωτική θητεία είναι 12 μήνες τζάμπα εργασία για το κράτος. Δηλαδή εσείς θα στέλνατε υποχρεωτικά ένα άτομο χωρίς πυροσβεστική εκπαίδευση στην  μέση μιας πυρκαγιάς επειδή απλά έτυχε να κάνει τη θητεία του καλοκαίρι. Σοβαρευτείτε",1,0
Mon Aug 12 20:41:10 +0000 2024,1823097416943362471,exact,Η Παναγία της φωτιάς https://t.co/qeDbsz95wJ #Κικιλιας #Κικιλια #φωτιες #Φωτια_τωρα #φωτιατωρα #φωτια_πεντελη #φωτ #φωτιαπεντελη #φοτια #φωτιά #πυρκαγιας #Πυροσβεστες #πυροσβεστικης #πυροσβέστες #πυροσβεστικη #Πυροσβεστική #πυρκαγιά,0,0
Mon Aug 12 20:41:08 +0000 2024,1823097407564894607,exact,Ευλαμπία Ρέβη στην φωτιά στην Αττική: «Ο αέρας μας φέρνει πλαστά διαβατήρια και πλαστά έγγραφα»! #Βριλήσσια #φωτια #πυρκαγια #Αττικη https://t.co/L7dmriMegT,3,0
Mon Aug 12 20:41:04 +0000 2024,1823097390250803709,exact,"Πήγε ο Κασσελάκης στην φωτιά ""γιατί πήγε με το πουκάμισο και κοίταγε"" αν δεν πήγαινε ""ε βεβαια κάνει διακοπες στην Μυκονο"", αντε γαμηθειτε επιτελους #φωτια #Κασσελάκης  #Πυρκαγια",6,0
Mon Aug 12 20:40:46 +0000 2024,1823097316871442852,exact,ένας μήνας φωτιά στο όρος Όρβηλος. Δεν θα μπορούσαν να επιχειρήσουν μια πρόκληση βροχής στην περιοχή; https://t.co/Cyny9PfbiW,8,4
Mon Aug 12 20:40:39 +0000 2024,1823097288970899545,exact,Πρέπει να φύγει… χθες!!! https://t.co/6jqqiTxdY7 #Κικιλιας #Κικιλια #φωτιες #Φωτια_τωρα #φωτιατωρα #φωτια_πεντελη #φωτ #φωτιαπεντελη #φοτια #φωτιά #πυρκαγιας #Πυροσβεστες #πυροσβεστικης #πυροσβέστες #πυροσβεστικη #Πυροσβεστική #πυρκαγιά,0,0
Mon Aug 12 20:40:39 +0000 2024,1823097288362733936,exact,Φωτιά στην Αττική: Εκκενώνεται και ο Βρανάς Μαραθώνα https://t.co/5m7on6FEgU,21,5
Mon Aug 12 20:40:26 +0000 2024,1823097231173693826,exact,𝚬𝚻𝚺𝚰 𝚶𝚷𝛀𝚺 𝚻𝚶 𝚷𝚨𝚴𝚬 𝚮 𝚽𝛀𝚻𝚰𝚨 𝚯𝚨 𝚽𝚻𝚨𝚺𝚬𝚰 𝚺𝚻𝚶 𝚱𝚬𝚴𝚻𝚸𝚶 𝚻𝚮𝚺 𝚨𝚯𝚮𝚴𝚨𝚺 𝚱𝚨𝚰 𝚯𝚨 𝚻𝚮𝚴 𝚱𝚨𝚿𝚶𝚼𝚴 𝚻𝚮 𝚩𝚶𝚼𝚲𝚮 𝚳𝚶𝚴𝚮 𝚻𝚶𝚼𝚺... 🔥🇬🇷  #φωτιά #πυρκαγιά #Αττικη #Πεντελη https://t.co/t8EHtjmzej,8,1
Mon Aug 12 20:40:22 +0000 2024,1823097214140334216,exact,"@user Παπαριές θα συμπληρώσω, κάτσε τώρα βγήκανε και λένε ότι η φωτιά δεν έχει μέτωπο, παρά μόνο ενεργές εστίες! Με δαυτους απο ελληνικά σε ελληνικά διερμηνέα θα χρειαστούμε",1,0
Mon Aug 12 20:40:00 +0000 2024,1823097122851602693,exact,Φωτιά στην Αττική: Στάχτη έγιναν πάνω από 100.000 στρέμματα   #φωτια #πυρκαγια #φωτιά #καπνός  #φωτιατωρα #φωτια_πεντελη #πυρκαγιά #Πεντέλη #Βαρναβας #Ραφηνα #Πεντέλη #Μαραθώνας  https://t.co/Hx1lfIDf6j,0,0
Mon Aug 12 20:39:52 +0000 2024,1823097088730595664,exact,"@user Για όλο τον κόσμο Θεοδώρα μου. Αυτό το πράγμα πρώτη φορά το βλέπουμε. Μέσα στα σπίτια. Είναι κοντά και στο δικό μου σπίτι, απλώς εμείς μένουμε στην δεξιά πλευρά και η φωτιά ανεβαίνει αριστερά. Καλό ξημέρωμα κορίτσι μου..🌟🩷",1,1
Mon Aug 12 20:39:29 +0000 2024,1823096993679343624,exact,@user Καθάρματα δεν αφήσατε ένα δέντρο καίγεται όλη η Αθήνα ΝΤΡΟΠΗ !!!,0,0
Mon Aug 12 20:39:28 +0000 2024,1823096990416228573,exact,Τεράστιο το μέγεθος της καταστροφής στην Αττική από τη φωτιά.Θα παλεύουμε για μια ανάσα 😢🙁 #φωτιες #φωτιά #φωτια #Αττικη #Αττική #πυρκαγιά  Πηγή https://t.co/yJkW9EJII0 (Viewer of the latest fires detected in the world) https://t.co/ll9mytRJ5X,3,1
Mon Aug 12 20:39:09 +0000 2024,1823096909399257181,exact,@user Να προσθέσω φωτογραφία του https://t.co/JGJTLpOZHA από το Αστεροσκοπείο ενός κυρίου να φεύγει από εκεί που ξεκίνησε η φωτιά https://t.co/3ztkmrhC5j,3,0
Mon Aug 12 20:39:06 +0000 2024,1823096898875433278,exact,Τα drones Κικιλια πως και δεν προειδοποιησαν για  εστίες στην Αττική. Τα είχες στείλει για πλάνα σε κάνα γάμο στα Κούκουρα? #φωτιατωρα #φωτιά #Βαρναβας #Διόνυσος #Ελλάδα #πυρκαγιας #Πεντελη #Πυρκαγια #Κικιλιας,1,1
Mon Aug 12 20:39:06 +0000 2024,1823096897340645801,exact,Δηλαδή το επικοινωνιακό επιτελείο πιστεύει ότι αυτή η εικόνα δεν είναι γελοία πλέον; #φωτιά #Κικιλιας https://t.co/buxc9uRinM,14,4
Mon Aug 12 20:38:43 +0000 2024,1823096798866501641,exact,Τεντόγλου-Καραλής για τη φωτιά στην Αττική: Είμαστε στεναχωρημένοι με αυτό που συμβαίνει στη χώρα -  https://t.co/8LDZPCICk4 https://t.co/r0V32O6XhH,1,1
Mon Aug 12 20:38:40 +0000 2024,1823096786279379307,exact,@user Εσεις εχετε απωλέσει το δικαίωμα της κριτικής. Ουτε στα πιο άγρια όνειρα σας η οργάνωση και τα μεσα που εχει σήμερα η πυροσβεστική.,5,0
Mon Aug 12 20:38:39 +0000 2024,1823096784790671760,exact,«Ζητήστε έστω και τώρα ρωσικά πυροσβεστικά»! Δημ. Κωνσταντακόπουλος https://t.co/Qzo8Db5rgk #Κικιλιας #Κικιλια #φωτιες #Φωτια_τωρα #φωτιατωρα #φωτια_πεντελη #φωτ #φωτιαπεντελη #φοτια #φωτιά #πυρκαγιας #Πυροσβεστες #πυροσβεστικης #πυροσβέστες #πυροσβεστικη #Πυροσβεστική #πυρκαγιά,1,0
Mon Aug 12 20:38:34 +0000 2024,1823096761767895419,exact,"Μόλις πήρε φωτιά το πρώην στρατόπεδο Καρατάσου, ακριβώς απέναντι από το 424 !!!!",0,1
Mon Aug 12 20:38:28 +0000 2024,1823096739819065730,exact,Συγκινούν οι Παλαιστίνιοι: Είμαστε έτοιμοι να βοηθήσουμε την #Ελλάδα στη μάχη με τις φωτιές - Μήνυμα αλληλεγγύης από τον Abbas https://t.co/Mac3aC51NC via @user  #φωτιες #Φωτια_τωρα #πυρκαγιά #Αττικης #Αττικη,1,0
Mon Aug 12 20:38:07 +0000 2024,1823096648001876103,exact,Μήνυμα από το 112: Φωτιά στην περιοχή Βρανά Mαραθώνα- Απομακρυνθείτε προς Νέα Μάκρη https://t.co/jzmDBBtsdd,0,0
Mon Aug 12 20:38:06 +0000 2024,1823096644230852864,exact,Σε 2 εβδομαδας ολα θα εχουν ξεχαστει #πυρκαγιά,4,1
Mon Aug 12 20:37:58 +0000 2024,1823096610110493072,exact,"Δεύτερη συνεχόμενη νύχτα πολύ μεγάλης δοκιμασίας για την Αττική απόψε.  Αυτές τις δύσκολες ώρες η σκέψη μας βρίσκεται δίπλα στους χιλιάδες συμπολίτες μας που βιώνουν τον εφιάλτη, λίγη ώρα από το κέντρο της Αθήνας.   Στις γυναίκες και στους άνδρες που επιχειρούν στο πεδίο. Στους",40,10
Mon Aug 12 20:37:54 +0000 2024,1823096594780098719,exact,Φωτιά στην Αττική: Συγκλονίζει με δάκρυα στα μάτια κάτοικος της Πεντέλης – «Με 5-10 πυροσβεστικά δεν γίνεται τίποτα» (video) #Αττικη #πυρκαγια #φωτια https://t.co/oRkbbOLnt8,6,1
Mon Aug 12 20:37:45 +0000 2024,1823096559346540621,exact,Φωτιά στην Αττική: Συγκλονίζει με δάκρυα στα μάτια κάτοικος της Πεντέλης – «Με 5-10 πυροσβεστικά δεν γίνεται τίποτα» (video) #Αττικη #πυρκαγια #φωτια https://t.co/3PBBf4mzCu,7,0
Mon Aug 12 20:37:45 +0000 2024,1823096557954023645,exact,"@user Αν ήσουν μάνα και όχι γατομάνα και σκυλομάνα, θα ήθελες να πάει το παιδί σου στη φωτιά?",1,0
Mon Aug 12 20:37:45 +0000 2024,1823096557043953889,exact,@user Ρε  ηλιθειε καταλαβαίνεις ότι καίγεται η χώρα?  Είσαι  τόσο κολλημένος που δε βλέπεις τίποτα πέρα από τη μύτη σου. Κάνε αντιπολίτευση πάνω στις στάχτες μαλακα,0,0
Mon Aug 12 20:37:33 +0000 2024,1823096508205744350,exact,φωτιά τώρα στη δυτική Θεσσαλονίκη (προς Κωτσόβολο- πλαίσιο)  #φωτια,6,0
Mon Aug 12 20:37:31 +0000 2024,1823096498436882455,exact,Μπορεί κάποιος να με ενημερώσει πως είναι η #φωτια σε αυτή τη φάση; Υπάρχει κάποια βελτίωση στην κατάσταση;  #πυρκαγιά,5,1
Mon Aug 12 20:37:25 +0000 2024,1823096475402088771,exact,"@user Κάθε χρόνο και χειρότερα.  Γιατί εκτός από την βιβλική καταστροφή στην Αττική,  καίγεται επί 26 μέρες το όρος Ορβηλο στον νόμο Σερρών και δεν το αναφέρουν ούτε τα ΜΜΕ.   Τεράστια έκταση δάσους στάχτη.  Δαδια νούμερο 2.",3,0
Mon Aug 12 20:37:05 +0000 2024,1823096388835762387,exact,@user Δηλαδή εάν δεν ήταν οργανωμένα τώρα η φωτιά θα ήταν στον Πειραιά λογικά,2,0
Mon Aug 12 20:36:56 +0000 2024,1823096351321727178,exact,"Η Φωτιά ξεκίνησε απο Βαρνάβα πήγε Γραματικό απο κει έφτασε Ωροπό μετά γύρισε πίσω και πήγε προς Διόνυσο, Νέα Πεντέλη και τελικά έφτασε μέχρι Χαλάνδι.  Ζούμε στη χώρα που οι φωτιές κόβουν βόλτες ..ανενόχλητες..!",260,62
Mon Aug 12 20:36:49 +0000 2024,1823096324767498684,exact,@user Ακριβώς γι'αυτό καίγεται το καλοκαίρι και έως την άνοιξη παίζουμε πασιέντζα,3,0
Mon Aug 12 20:36:48 +0000 2024,1823096317012238342,exact,Στη Γλυφάδα στην Τερψιθεα έβαλαν φωτιά δύο 13χρονα. Πέταξαν γκαζάκια. Τους έπιασαν. Εύχομαι να τους ξεκωλιασουν!,1,0
Mon Aug 12 20:36:42 +0000 2024,1823096291901288917,exact,"Όταν καίγεται το σπίτι του και προσπαθεί να το σώσει και εσένα η έγνοια σου εκείνη την ώρα είναι να γλείψεις  τον Μητσοτάκη, είσαι άρρωστος. #φωτιά",154,20
Mon Aug 12 20:36:40 +0000 2024,1823096285198475384,exact,Φωτιά στην Αττική: Ο εκπρόσωπος της Πυροσβεστικής διαψεύδει ότι υπάρχει αγνοούμενη γυναίκα (βίντεο) https://t.co/fSBZnSnpDq,0,0
Mon Aug 12 20:36:39 +0000 2024,1823096279146152312,exact,"@user Αιφνιδιάστηκαν φέτος από την φωτιά, ήταν πολυ επιθετική, λεει. Περίμεναν κατι απο Ουρσουλίνες, με γαλλικά κα πιάνο...",8,0
Mon Aug 12 20:36:27 +0000 2024,1823096230689587366,exact,"""Δηλαδή ο ορισμός της αποτυχίας ποιος είναι; Τι πρέπει άλλο να καεί για να πουν κάποιοι ότι ναι απέτυχε η Κυβέρνηση;""  Προσυπογράφω με @user !!  #φωτιες #Φωτια_τωρα #φωτιατωρα #φωτια_πεντελη #φωτια #πυρκαγιά #ΝΔ https://t.co/ahF9mYAqrj",14,8
Mon Aug 12 20:36:18 +0000 2024,1823096190977601868,exact,"@user Τη φωτιά ,τις πλημμύρες,τις πτώσεις κομητών και εξωγήινων εφόσον διαχειρίζεσαι κ σπαταλάς πόρους του Έλληνα πολίτη οφείλεις να τις προλαβαίνεις ή έστω να τις αντιμετωπίζεις έγκαιρα.  Οπότε χωρίς να έχω 41% ...ποσοστά ευφυΐας αυτά θα έκανα θα χρησιμοποιούσα το χρήμα κατάλληλα!",0,0
Mon Aug 12 20:35:54 +0000 2024,1823096090033377676,exact,"Δεν θα έπρεπε να ντρέπεται για τη φωτιά που έφτασε στα Μελίσσια, αντί να υπερηφανεύεται για την εκκένωση του νοσοκομείου; https://t.co/F1Z0hCUk2G",5,1
Mon Aug 12 20:35:52 +0000 2024,1823096084841083013,exact,@user .. άνθρωπε αγάπα ..τη φωτιά σταματά,2,2
Mon Aug 12 20:35:39 +0000 2024,1823096030897864791,exact,@user @user @user Εδω η πυροσβεστικη υπηρεσια προτεινει να αγοραστουν 4 τετοια αεροσκάφη. Η Ελλαδα ενοικιαζει απο το 1998 απο τη Ρωσια... https://t.co/UtscXalo1A,1,0
Mon Aug 12 20:35:39 +0000 2024,1823096028259860619,exact,"«Μεγάλη μπουκιά φάε, μεγάλη κουβέντα μην πεις»  #φωτια #πυρκαγιά #Μαραθώνας #Βαρνάβας #Πεντέλη #Μητσοτακη_γαμιεσαι https://t.co/TWW7QF7HFl",31,8
Mon Aug 12 20:35:38 +0000 2024,1823096026921906620,exact,Μεχρι το επομενο φυσικο φαινομενο που θα το παρομοιασουμε σαν τον μετεωριτη που κατεστρεψε την γη και εξαφανισε τους δεινοσαυρους. #Πυρκαγια https://t.co/iWT04WzoQI,8,1
Mon Aug 12 20:35:38 +0000 2024,1823096024006893682,exact,"Κρυμμενοι ολοι και μετα γενια 3 ημερων, δακρυα και το μελοδραμα «καναμε οτι ηταν ανθρωπινως δυνατο, αλλα...». Ουτε καν ποικιλια στο σεναριο, δεν υπαρχει πλεον. Καλη δυναμη στους πληγεντες, καλη τυχη στους υπολοιπους που την γλυτωσαν. Ακομα. #Πυρκαγια https://t.co/tqyAs1jMb9",11,1
Mon Aug 12 20:35:37 +0000 2024,1823096021385408515,exact,@user Η.... ακόμα δεν άναψε η φωτιά 🔥????,0,0
Mon Aug 12 20:35:37 +0000 2024,1823096020848554104,exact,"Και επειδη το κανει συνειδητα, ειναι αναγκασμενος να ριξει εμμεσως την ευθυνη στα φυσικα φαινομενα. «Εβρεξε πολυ, «χιονισε βραδυ», «πρωτη φορα τετοιοι ανεμοι», «ανεξελεγκτη φωτια» κλασικες δικαιολογιες δεκαετιων.Προληψη μηδεν,οργανωση μηδεν, αποτελεσματικοτητα μηδενικη.#Πυρκαγια https://t.co/mXyBxYOna0",9,0
Mon Aug 12 20:35:36 +0000 2024,1823096018654707795,exact,"Για ολα αυτα τα «κακα» και «ενοχα» καιρικα φαινομενα, μονο ενας φταιει. Ο ΑΝΘΡΩΠΟΣ. Γιατι ενω ξερει την δραση τους, γιατι ενω εχει την τεχνολογια συμμαχο, δεν κανει τα βασικα και τα απαραιτητα. Δεν προστατευει την φυση και τον συνανθρωπο. #Πυρκαγια",9,2
Mon Aug 12 20:35:36 +0000 2024,1823096015035236363,exact,"Κανενας χιονιας δεν εχει οργη και δεν κανει επελαση. Απλα ... χιονιζει. Φυσικο φαινομενο ειναι. Καμία βροχή δεν είναι φονική. Φυσικο φαινομενο ειναι, απλα βρεχει. Δεν αποφασισε ξαφνικα να δολοφονησει ανθρωπους. #Πυρκαγια https://t.co/bZaym18719",8,2
Mon Aug 12 20:35:35 +0000 2024,1823096011927023647,exact,"Καμια φωτια δεν ειναι βιαιη κ επιθετικη. Γιατι αντιστροφα,καμια φωτια δεν ειναι ηρεμη κ αμυντικη.  Ειναι φυσικο φαινομενο. Απλά καίει. Κανενας αερας δεν εχει μανια.Δεν του εχουμε κανει κατι κ μας εκδικειται. Δεν εχει συναισθημα. Απλά φυσάει. Δεν ξέρει να κάνει κάτι άλλο #Πυρκαγια https://t.co/K7EZTpwah9",35,4
Mon Aug 12 20:35:35 +0000 2024,1823096011553902791,exact,"@user Καλό βράδυ κορίτσι μουΜόλις μιλήσαμε.Είναι πολύ κοντά τους, απλώς μου είπε ότι τώρα έπεσε ο αέρας και η φωτιά γύρισε προς τα πάνω.Είναι κοντά και στο δικό μου σπίτι, αλλά εμείς είμαστε από την δεξιά πλευρά.Η φωτιά ανεβαίνει αριστερά.Αυτό δεν έχει ξαναγίνει.Μέσα στον αστικό ιστό.",2,1
Mon Aug 12 20:35:25 +0000 2024,1823095970998935590,exact,Γιατί παραπονιέστε οι νεοδημοκράτες; Η κλιματική αλλαγή ίσως κάψει και τα δέντρα της πλατείας συντάγματος μια μέρα ... η μια νύχτα!    #Φωτια_τωρα #φωτια #πυρκαγια Αττικη Βριλησσια Βραναβα Μητσοτακη,6,1
Mon Aug 12 20:35:23 +0000 2024,1823095962195120527,exact,#φωτιά #πεντελη #Πυρκαγια Έχει κ καλους δημοσιογράφους👏 https://t.co/d8oPIq8K4I,9,3
Mon Aug 12 20:35:14 +0000 2024,1823095925553725735,exact,Φωτιά στην Αττική: Τιτάνια μάχη με τις φλόγες – Τεράστια καταστροφή -  https://t.co/5pnjyWjnOT https://t.co/RuzL7yHHME,0,0
Mon Aug 12 20:35:12 +0000 2024,1823095915282104374,exact,@user Σβηστό ρε εθελοντής ήταν ο ανθρωπος..όχι θα πήγαινε με βερμούδα να βάλει φωτιά,5,0
Mon Aug 12 20:35:12 +0000 2024,1823095914929504727,exact,"Χτενιστείτε, ο κόσμος καίγεται.",0,0
Mon Aug 12 20:35:07 +0000 2024,1823095896156107087,exact,"Και αφού φταίει η κλιματική αλλαγή, η ζέστη κ η ανομβρία για την καταστροφή στην Αττική, γιατί Μητσοτάκη φέρνεις δυνάμεις απ έξω να σβήσουν τη #φωτια; ΑΡΑ φταίει ότι δεν αρκούν οι πυροσβέστες ειναι λιγοι κ δεν έχεις αγοράσει εναέρια κ επίγεια μέσα, ""φιλόζωε"" και ""ανθρωπιστή"" 🤮 https://t.co/T2rhX7ss8k",17,4
Mon Aug 12 20:35:06 +0000 2024,1823095892595134474,exact,Στη «δύσκολη» φαίνεται ο άνθρωπος λένε.   Για τους κομμουνιστές η σχέση με το λαό παραμένει αναλλοίωτη 24/7/12/365.  Το #ΚΚΕ γράφει ιστορία ΜΑΖΙ ΜΕ ΤΟ ΛΑΟ σε έναν άνισο πόλεμο από τον καπιταλισμό.  Μόνο ο λαός σώζει το λαό! Όλοι στη μάχη!  #φωτιες #φωτια #Πυρκαγια https://t.co/gEmlihqOXB,51,10
Mon Aug 12 20:35:06 +0000 2024,1823095890623766710,exact,Κρανίου τόπος – Θλίψη και οργή! Εικόνες αποκάλυψης από τον πύρινο όλεθρο στην Αττική https://t.co/Nu2cwUuzid #ΑΘΗΝΑ #ΑΤΤΙΚΗ #ΒΟΡΕΙΟΑΝΑΤΟΛΙΚΗ_ΑΤΤΙΚΗ #ΚΑΤΑΣΤΡΟΦΕΣ #ΠΥΡΚΑΓΙΑ,1,0
Mon Aug 12 20:35:06 +0000 2024,1823095890355368317,exact,@user @user Για πέταμα είναι. Επιχειρησιακά σε μία μέρα ενα Canadair μπορσί να μεταφέρει περισσότερο νερο σε μια φωτια απο ενα Berief. Και εχουμε παραγγείλει 7 νέα canadair,2,0
Mon Aug 12 20:35:05 +0000 2024,1823095885703614833,exact,Κανένα Ελλάδα 2.0 πλέον Ελλάδα 0.  (Ελλάδα μηδέν τελεία) #Φωτιά #Πυρκαγιά,5,0
Mon Aug 12 20:35:03 +0000 2024,1823095877374030165,exact,Φωτιά στην Αττική: Εντολή εκκένωσης για την περιοχή Βρανά https://t.co/uZgUG93HaG,0,0
Mon Aug 12 20:35:02 +0000 2024,1823095875008106711,exact,"Φωτιά στην Αττική: Νέο 112, εκκενώνεται ο Βρανάς Μαραθώνα – «Απομακρυνθείτε προς Νέα Μάκρη» https://t.co/yr2gzhgwMJ #OknewsGr μέσω @user",0,1
Mon Aug 12 20:35:00 +0000 2024,1823095863927042048,exact,Φωτιά στην Αττική: Έχουν καεί πάνω από 100.000 στρέμματα μέχρι στιγμής – Τα κριτήρια για να χαρακτηριστεί ως «megafire» https://t.co/dsmmA1IwRP,2,1
Mon Aug 12 20:34:54 +0000 2024,1823095838635085951,exact,@user Όλοι ξέρουμε τι γίνεται ανά πάσα στιγμή σε κάθε σημείο της Αττικής με την πυρκαγιά. Δεν χρειάζεται να βλέπουμε και κάθε σημείο της φωτιάς σε live μετάδοση. Δεν είμαστε πυρομανείς.,0,0
Mon Aug 12 20:34:31 +0000 2024,1823095742778540543,exact,"@user Γίνε καλά σύντομα, όμορφη γειτόνισσά μου. Ελπίζω η φωτιά να σβήσει αμέσως. 🙁🙏",0,0
Mon Aug 12 20:34:20 +0000 2024,1823095697777783020,exact,Οι πυροπληκτοι βρίζουν τον πρωθυπουργό μας. 😡😡😡 #φωτιά https://t.co/4SUzZKaMP6,1,0
Mon Aug 12 20:34:01 +0000 2024,1823095616697700786,exact,@user Δεν πότιζαν δρόμο. Έριχνε πάνω στο εργοστάσιο που είχε πιάσει φωτιά... Στο Σκάι φαίνεται καλύτερα...,2,0
Mon Aug 12 20:33:58 +0000 2024,1823095607629951250,exact,"Με τον αέρα να γυρίζει και τη μυρωδιά να είναι πλέον πολύ έντονη σε όλη την περιοχή, φούντωσαν και οι φλόγες στο Αγριλίκι, πάνω από το Κέντρο Υγείας Νέας Μάκρης. Ήδη έχουν συγκεντρωθεί δυνάμεις στο σημείο προκειμένου να ανακόψουν τη φωτιά πριν γίνει πολύ απειλητική.",0,0
Mon Aug 12 20:33:58 +0000 2024,1823095605797027986,exact,"Γιατί ως γνωστόν η φωτιά κρατιέται εύκολα, μωρέ θέλετε και τα λέτε ή σας ξεφεύγουν; https://t.co/5FhVZPFHt9",3,2
Mon Aug 12 20:33:56 +0000 2024,1823095598435762385,exact,"Οι φωτιές ειναι και εμπρησμοί, συνηθέστερα εξ αμέλειας  Όταν ένας νομός είναι στο κόκκινο κ καιει 24 ώρες μια φωτιά, στατιστικά από οποιαδήποτε αιτία θα ξεσπάσει κ άλλη (οι συνθήκες είναι οι ίδιες), δεν πάει να πει ότι συνδέονται   Τα υπόλοιπα είναι για τα παρατράγουδα",6,0
Mon Aug 12 20:33:55 +0000 2024,1823095592207155556,exact,@user Και η Αθήνα ανήκει στην Ελλάδα γι'αυτό φτάνει και μέχρι εκεί η φωτιά.,1,0
Mon Aug 12 20:33:52 +0000 2024,1823095578508542451,exact,Φωτιά στην Αττική: Δεν υπάρχει ενιαίο μέτωπο αλλά διάσπαρτες εστίες σε Πεντέλη και Λίμνη του Μαραθώνα – ‘Εχουν καεί 100.000 στρέματα -Συνεχής ενημέρωση https://t.co/o47X71l8RJ,0,0
Mon Aug 12 20:33:32 +0000 2024,1823095494521806942,exact,@user Καίγεται όλη η Ελλάδα και εσείς ασχολείστε με τους ζαίους πάλι; Έλεος! Όλη η Ελλάδα καταριέται την κυβέρνηση Μητσοτάκη ακόμα και πολλοί που τον ψήφισαν. Κανείς δεν χαίρεται που καίγεται η Ελλάδα.,0,0
Mon Aug 12 20:33:29 +0000 2024,1823095482757038559,exact,"Ενώ οι πυροσβεστικές δυνάμεις κατάφεραν να θέσουν υπό πλήρη έλεγχο το μέτωπο πάνω από την Αγία Μαρίνα, μία από τις εστίες στη Νέα Μάκρη έχει αναζωπυρωθεί και έθεσε σε κόκκινο συναγερμό την Πυροσβεστική.",0,0
Mon Aug 12 20:33:28 +0000 2024,1823095480022401449,exact,"Η αγωνία, η προσπάθεια,  ο πόνος, το κλάμα, ο φόβος, απελπισία των ανθρώπων μπροστά στην #φωτιά είναι συγκινητική..   Ακόμα πιο συγκινητική είναι όμως η υπερπροσπαθεια των μέσων να καλύπτουν τον Μητσοτάκη..   Κουλή μα τον θεο, ούτε αδερφός δεν θα έκανε έτσι..   #πυρκαγιά",1,0
Mon Aug 12 20:33:28 +0000 2024,1823095478927437849,exact,Αυτή την ενότητα και την αλληλεγγύη να την σκεφτούμε και όταν σβήσει η φωτιά!Να κοιτάμε το καλό όλων και όχι να πεθάνει η κατσίκα του γείτονα! #φωτια,17,7
Mon Aug 12 20:33:18 +0000 2024,1823095439098302794,exact,Πυρκαγιά στην Αττική - Συνολικά πέντε τραυματίες πυροσβέστες https://t.co/FKrt7Cweyg,0,0
Mon Aug 12 20:33:12 +0000 2024,1823095413223612856,exact,"@user @user Δεν είχε πει κάποιος κάτι τέτοιο. Το κράξιμο έπεσε για την διαχείριση της εικόνας, για το μετά. Μεταξύ μας, δεν μπορώ να καταλάβω τι δεν έκανε καλά η κυβέρνηση στο Μάτι. Απλά, μια τέτοια φωτιά δεν μπορεί να διαχειριστεί. Το μετά…έχει πολλές ερμηνείες τι στο καλό πήγαν να κάνουν",0,0
Mon Aug 12 20:33:11 +0000 2024,1823095406584062420,exact,Η φωτιά έχει τεθεί υπο έλεγχο ή θα σβήσει στο αυλάκι; Ξερει κανεις; #φωτια,1,0
Mon Aug 12 20:33:07 +0000 2024,1823095392289931752,exact,Εδώ ο κόσμος καίγεται ...... Και εσείς αναρωτιεστε για την ημέρα των εκλογών ότι προτιμούν να πάνε για μπάνιο https://t.co/zWrwukGufv,0,0
Mon Aug 12 20:33:03 +0000 2024,1823095373579059331,exact,"@user Η δική μου γνώμη είναι ποίο απλή και σας λέω απλά να δείτε τα διάφορα σχόλια τώρα στην πυρκαγιά από την άλλη η κυβέρνηση και όχι μόνο αυτή, έβαλε σε πρώτη σειρά την ΠΑ και άφησε το ΠΝ και τον ΣΞ με ελάχιστα χρήματα καθώς ο προϋπολογισμός δεν βγαίνει και πρέπει να δοθούν και ⬇️",0,0
Mon Aug 12 20:32:55 +0000 2024,1823095342935535890,exact,Πυρκαγιά στην Αττική - Meteo: Στάχτη πάνω από 100.000 στρέμματα - (pic) https://t.co/zF7VIr1Rlr,0,0
Mon Aug 12 20:32:53 +0000 2024,1823095332625932597,exact,Βοθροκαναλο κλασικ #φωτια #πυρκαγιά,4,1
Mon Aug 12 20:32:51 +0000 2024,1823095324820283540,exact,"Μην αφήνετε πισω στη φωτια τα ζωάκια σας μόνα κι αβοήθητα, δεν ειναι ολα τυχερα σαν αυτο της φωτογραφίας... https://t.co/gWm6lEzu4f",7,3
Mon Aug 12 20:32:50 +0000 2024,1823095321192222822,exact,Στέφανος Κασσελάκης / Δεν είναι η στιγμή να μιλήσουμε για τις ελλείψεις που έφεραν τη φωτιά στην Αθήνα - https://t.co/MeGJBtaeul,0,0
Mon Aug 12 20:32:37 +0000 2024,1823095266624627080,exact,"Εν τω μεταξύ στο Βρανά Μαραθώνα ήρθε 112 για εκκένωση, έγκυρη ενημέρωση https://t.co/1Zt22ujvHS",0,0
Mon Aug 12 20:32:30 +0000 2024,1823095238069506306,exact,Ο Φιντάν απειλούσε την Ελλάδα ότι «θα μας βρει η φωτιά» και ο Γεραπετρίτης του ζητά βοήθεια για τις πυρκαγές! https://t.co/nps5cKijTy,0,0
Mon Aug 12 20:32:29 +0000 2024,1823095230406479987,exact,"Από ό,τι διαβάζω, μέχρι στιγμής έχουν συλληφθεί εμπρηστές σε #Χαλάνδρι και #ανωγλυφαδα και υπάρχει υλικό με άτομο που κινείτο ύποπτα στον χώρο του Αστεροσκοπίου πριν ξεσπάσει η #πυρκαγια  Επίσης,κάτοικοι στον #Βαρναβας μιλούν για εμπρησμό. #Βριλησσια #Κικιλιας #Μητσοτακης #Φωτια",5,1
Mon Aug 12 20:32:11 +0000 2024,1823095155945079121,exact,"Ωραιότατη ρητορική μίσους. Εμένα μου φαίνεται προβληματικό που το ζήτημα σου είναι ότι φόρεσε μία τέτοια μπλούζα και αντί να σταθείς στην πράξη σχολιάζεις ότι ""θα τους αφανίσεις"" #φωτια   Γιατί τόσο μίσος;",1,0
Mon Aug 12 20:32:08 +0000 2024,1823095144952066495,exact,"@user @user Η φωτιά στο αστεροσκοπέιο ηρθε από έξω, έφτασε ως εκεί η φωτιά που έκαιγε στην περιοχή, δεν προέκυψε από μέσα.",4,0
Mon Aug 12 20:32:05 +0000 2024,1823095131454800296,exact,@user Ρε πατσουρι γαμω τα βρομοκομματα σας βγάλε το σκασμό επιτέλους. Η Ελλάδα καίγεται ρε βρωμερό υποκείμενο γαμω το σπιτάκι σου. Ξευτιλα #φωτιά,0,0
Mon Aug 12 20:32:03 +0000 2024,1823095124001542324,exact,@user @user Φωτιά ή έστω καπνό πάντως δεν βλέπω,0,0
Mon Aug 12 20:32:03 +0000 2024,1823095121899929734,exact,@user Δείτε σχόλιο! ΜΠΡΟΣΤΆ ΣΤΑ ΜΟΎΤΡΑ ΤΟΥ ΒΛΈΠΕΙ ΠΟΛΙΤΕΣ ΝΑ ΠΡΟΣΠΑΘΟΎΝ ΝΑ ΣΒΉΣΟΥΝ ΤΗ ΦΩΤΙΆ αλλά αυτός είδε στο βίντεο 300 ελικόπτερα(!!!)! Αδιαφορεί αν καούν τα πάντα.Το μόνο που τον νοιάζει είναι μην τυχόν του προσβάλουν το...Κόμμα!! Ανιωθοι άνθρωποι! Η αρρώστια της κοινωνίας μας...,5,0
Mon Aug 12 20:32:03 +0000 2024,1823095121258098971,exact,@user Ο συντονισμός από την πολιτεία και την πυροσβεστική ήταν για κλάματα...δυστυχώς,1,0
Mon Aug 12 20:31:48 +0000 2024,1823095061711626691,exact,«Ανθρώπινο χέρι» πίσω από τη φωτιά στη Γλυφάδα. Τι καταγγέλλουν δύο δήμαρχοι για την πυρκαγιά στην Τερψιθέα https://t.co/FwTVKsITrj,1,0
Mon Aug 12 20:31:47 +0000 2024,1823095056154480825,exact,Βλεπω τους πυλώνες της ΔΕΗ κ δε θέλω να ξέρω τι θα γίνει αμα λαμπαδιασουνε #φωτια,1,0
Mon Aug 12 20:31:44 +0000 2024,1823095043952886229,exact,"""σε τόσο μεγάλη καμένη έκταση, οι πυροσβέστες είναι σαν κουκκίδα"", η ζοφερή πραγματικότητα όπως την περιέγραψε ο εκπρόσωπος του πυροσβεστικού σώματος.. και πόση αλήθεια κρύβει.. #φωτια #πυρκαγιά",5,0
Mon Aug 12 20:31:42 +0000 2024,1823095033211572563,exact,ΑΔΜΗΕ – Οι φωτιές έχουν επηρεάσει γραμμές – Από εναλλακτικά κυκλώματα η ηλεκτροδότηση https://t.co/dYJTMWy91z #Αττικη #φωτια #πυρκαγια #ΑΔΜΗΕ #ηλεκτροδοτηση https://t.co/RvzSuTyeNs,0,0
Mon Aug 12 20:31:36 +0000 2024,1823095009945514389,exact,@user Εσύ γιατί δεν πήγες να σβήσεις καμιά φωτιά;,1,0
Mon Aug 12 20:31:32 +0000 2024,1823094993432748538,exact,Αναρωτιέμαι...σε τι χώρα ζούμε.. Ζούμε από καθαρή τύχη. Ο κρατικός μηχανισμός δεν έχει λειτουργήσει ποτέ με καμία κυβέρνηση και σε καμία φυσική καταστροφή είτε είναι πυρκαγιά είτε πλημμύρα είτε σεισμός. Δεν μπορώ να μείνω ψύχραιμη κάθε φορά που βλέπω την αδιαφορία του κράτους για,0,0
Mon Aug 12 20:31:24 +0000 2024,1823094959710638262,exact,"Μήπως να δώσουμε ολόκληρο τον Παρθενώνα στους Βρετανούς, γιατί με την επιτελική ανικανότητα που έχουμε εδώ τη βλέπω να καίγεται κι αυτός...",0,0
Mon Aug 12 20:31:08 +0000 2024,1823094891599020239,exact,Πλανταξε στο 😢 κλάμα η Λινου που καίγεται η Αττική . https://t.co/ObxG6jlCKS,52,13
Mon Aug 12 20:31:06 +0000 2024,1823094885882417635,exact,#φωτια #μαραθωνας Μήνυμα από το 112: #Φωτιά στην περιοχή Βρανά Mαραθώνα- Απομακρυνθείτε προς Νέα Μάκρη https://t.co/ptkumLakWl,2,1
Mon Aug 12 20:30:56 +0000 2024,1823094842416562293,exact,@user @user @user Ο Μητσοτάκης και η ΚΒ αποφασίζει για τα κονδύλια και τα μέσα που (δεν) διαθέτει η πυροσβεστική. Δεν μπορεί να είστε τόσο ανόητος. Μπορεί?,1,0
Mon Aug 12 20:30:53 +0000 2024,1823094829590393138,exact,#φωτια #πυρκαγιά  Αμέτρητες φωτιές μέσα σε λίγες ώρες σε όλη την χώρα. Καταγγελίες για εμπρησμούς από τους δημάρχους σε όλα τα μεγάλα μέτωπα.   Αν δεν κάψουν τα πάντα για να υπάρξουν νεκροί δεν θα ηρεμήσουν κάποιοι... https://t.co/ONdirTp63X,538,71
Mon Aug 12 20:30:40 +0000 2024,1823094775295119558,exact,#Φωτιά στην Αττική: Εκκενώνεται ο Βρανάς στον Μαραθώνα - «Απομακρυνθείτε προς Νέα Μάκρη» https://t.co/J3NiEY5S0J,0,0
Mon Aug 12 20:30:32 +0000 2024,1823094742919324021,exact,Αληθεύει ότι συνέλαβαν νεαρούς για  εμπρησμό στην πυρκαγιά της Γλυφάδας,1,0
Mon Aug 12 20:30:27 +0000 2024,1823094719855075535,exact,Άγκιστρο: Διαμαρτυρία κατοίκων για την φωτιά στον Όρβηλο που καίει 26 ημέρες  #Όρβηλος #πυρκαγιά #διαμαρτυρία #Άγκιστρο #Serres https://t.co/bXWrN86IRx,5,0
Mon Aug 12 20:30:26 +0000 2024,1823094714540659019,exact,Μόνο πυροκλάνι δεν έχουν πει ακόμα ότι ευθύνεται για τη φωτιά,2,1
Mon Aug 12 20:30:24 +0000 2024,1823094708794433903,exact,"Για να μην έχετε απορία, πώς διάβολο έφτασε η #φωτιά απ' τον #Βαρνάβα, στον #Γέρακα, 40 χλμ μακριά, μέσα σε λίγες ώρες....  ""Βοήθησαν"" τα παιδιά...",9,1
Mon Aug 12 20:30:13 +0000 2024,1823094661428416880,exact,@user Πρόσεχε μη βάλεις καμία φωτιά όπως κανείς εδώ στο τουιτερ γιατί εσένα θα ψάχνουμε. Και αφήστε ήσυχους τους ανθρωπους που έσωσαν το Αστεροσκοπείο.,26,0
Mon Aug 12 20:30:03 +0000 2024,1823094618285879794,exact,"«Megafire η #πυρκαγιά στη βορειοανατολική Αττική - έχουν καεί πάνω από 100.000 στρέμματα».  Ποιο είναι το κριτήριο του χαρακτηρισμού «Megafire»; Τα 100.000 στρέμματα καμένων - από το Διόνυσο, τα Βριλήσσια, τα Μελίσσια, το Χαλάνδρι και το Γέρακα, έως τη Γλυφάδα, το #Μαραθώνα και https://t.co/2rGKKYxQ6l",11,1
Mon Aug 12 20:29:59 +0000 2024,1823094604498936219,exact,"@user Εγώ σε βλέπω σήμερα να έχεις πάρει εσύ φωτιά και να χαίρεσαι μαλάκα, το ένα ποστ μετά το άλλο. Μισοχυσια με πόδια",0,0
Mon Aug 12 20:29:48 +0000 2024,1823094556201783414,exact,Στον Βρανά η κατάσταση είναι απελπιστική. Αντί για πυροσβεστικά εκδόθηκε μόλις 112 για εκκένωση προς Νέα Μάκρη. Είστε πολυ ΓΤΠ τελικά!,1,0
Mon Aug 12 20:29:47 +0000 2024,1823094550744682996,exact,"Βελτιωμένη λέει. Αλίμονο, δεν το βλέπουμε. Στο μεταξύ μόλις έσκασε και άλλο 112 #φωτιά https://t.co/w0fgzlODMQ",7,2
Mon Aug 12 20:29:20 +0000 2024,1823094440375795782,exact,"Πείτε μου ένα ναό γοτθικού ρυθμού που χάσαμε στην Ελλάδα από πυρκαγιά, επί κυβερνήσεως ΝΔ. Έναν μόνο ρε! https://t.co/s1uAxGj72t",116,21
Mon Aug 12 20:29:20 +0000 2024,1823094440329650211,exact,"@user Δεν ξέρω τι έκανε, αλλά φωτιά ΔΕΝ βλέπω. Ούτε ξέρω αν είναι σημερινή φωτογραφία...",0,0
Mon Aug 12 20:29:14 +0000 2024,1823094412567519535,exact,"Εσείς που αγανακτείτε και εξοργίζεστε, για το φαινόμενο των κηλιδώσεων ξέρετε; Δε ξέρετε.  #Φωτια_τωρα #φωτιά #φωτιατωρα #Πεντέλη https://t.co/OamAkj4WYN",14,3
Mon Aug 12 20:29:12 +0000 2024,1823094403994452289,exact,@user Εξαρτάται τη φωτιά.Χτες έμαθα ότι το νερό δεν σβήνει τη φωτιά που προκαλείται από φώσφορο.Εκει θέλει άμμο.,0,0
Mon Aug 12 20:29:09 +0000 2024,1823094392120312055,exact,Αν βρίσκεστε στο Σύνταγμα εκκένωστε προς Ομόνοια η Μοναστηράκι…δασική πυρκαγιά στην περιοχή σας….#Greece_failed_state #ξεφτίλα #ώρα_να_μεταναστευουμε,4,0
Mon Aug 12 20:29:04 +0000 2024,1823094374277984538,exact,Γλυφάδα: Συνελήφθησαν δύο νεαροί που φέρονται να έβαλαν τη φωτιά στην Τερψιθέα https://t.co/Ki4iJxkmah,3,1
Mon Aug 12 20:28:54 +0000 2024,1823094328920797255,exact,"Τι να έγιναν άραγε αυτά τα υπερσύγχρονα εναέρια συστηματα επιτήρησης δασικών περιοχών που μας είχε παρουσιάσει ο εξαίρετος ό,τι να ΄ναι Χρ. Στυλιανίδης προ 2 ετών ξέρει κανένας; 🤡 #φωτια_πεντελη #Φωτια_τωρα #φωτιά #Πυρκαγια https://t.co/7FyhVdUHLL",3,0
Mon Aug 12 20:28:51 +0000 2024,1823094316220272714,exact,"Ακόμη μια φωτιά, στο γειτονικό χωριό Βόνη, η οποία έκαψε καλλιεργήσιμες εκτάσεις ωστόσο και αυτή οριοθετήθηκε σύντομα. Πηγη:patris. gr",0,0
Mon Aug 12 20:28:50 +0000 2024,1823094314655793602,exact,Δηλώσεις κ. Κ. Μητσοτάκη για τη φωτιά,2,1
Mon Aug 12 20:28:49 +0000 2024,1823094308020380153,exact,"#φωτια #Πυρκαγιες #Πεντελη #Φωτια_τωρα #φωτια_πεντελη #Πυρκαγια  Μου αρέσει που έχουν βγει τα τρολάκια του ΚΟΥΛΗ να μας πείσουν ότι αυτά τα θηρία που η πυροσβεστική έχει θαυμάσει τις δυνατότητες τους και παρακαλούν να τους προμηθεύσουν με τέτοια, αυτοί τα βγάζουν άχρηστα...🤔👅😡 https://t.co/OmoKL3Sd46",3,2
Mon Aug 12 20:28:48 +0000 2024,1823094305336271347,exact,@user Ρε παπαγαλάκι της Φαμίλιας έλεος! Πιάσε τη μάνικα και άσε το πληκτρολόγιο και την κλάψα για τη φωτιά.. Κοιμόταν ο ΚιKillias και τώρα λες δεν σβήνει. Ε λογικό αφού παίζουν το πουλάκι τους στην Κυβέρνηση.,0,0
Mon Aug 12 20:28:37 +0000 2024,1823094258926305711,exact,Αυτοί εδώ εκλέχθηκαν τον περασμένο Οκτώβριο στην περιφέρεια Αττικής. Σήμερα η περιφέρεια Αττικής καίγεται ολοσχερώς... #Φωτια_τωρα  #Πυρκαγιες https://t.co/UsPGbEj6hR,5,1
Mon Aug 12 20:28:33 +0000 2024,1823094243830980950,exact,"⚠️ Ενεργοποίηση 1️⃣1️⃣2️⃣  🔥 Δασική πυρκαγιά στην περιοχή #Βρανά #Μαραθώνα  🆘 Αν βρίσκεστε στην περιοχή #Βρανά #Μαραθώνα, απομακρυνθείτε προς #Νέα_Μάκρη.  ‼️ Ακολουθείτε τις οδηγίες των Αρχών  ℹ️ https://t.co/kexUnloeCt  @user @user",33,35
Mon Aug 12 20:28:32 +0000 2024,1823094239213011114,exact,Εσείς φωτογραφήκατε ανάμεσα σε ελιές στην #Χαλκιδικη  την ημέρα που καίγεται η χώρα όπως ο ελληνολάγνος Νίκος Αλιάγας ή είστε τίποτα δευτεράντζες;   #πυρκαγια #Χαλανδρι #Αττική #Βριλήσσια #Πεντελη #φωτια #Πυροσβεστες    https://t.co/CT9AUWvORi,14,2
Mon Aug 12 20:27:46 +0000 2024,1823094047256301652,exact,"Πριν λίγο έβλεπα στην τηλεόραση,την αποθήκη ξυλείας του δίποδου,που δεν τον ενδιέφερε ο δεμένος σκυλάκος του,να καίγεται... Και έκλαψα , όχι για το γιδομάγαζό του, αλλά για όλα τα ανήμπορα πλάσματα που δεν γνώρισαν ποτέ ένα χάδι,έζησαν μια άθλια ζωή και πεθαίνοντας,μαρτύρησαν ..",1,0
Mon Aug 12 20:27:35 +0000 2024,1823093999802188112,exact,Φωτιά Αττική: Μάχη με διάσπαρτες εστίες σε Πεντέλη και Μαραθώνα - Στάχτη πάνω από 100.000 στρέμματα (LIVE) https://t.co/7a41vSi5Lc 👈 κλικ εδώ #newshubgr #crete #ellada #nea #νέα https://t.co/F1nOqrBj5Q,0,0
Mon Aug 12 20:27:15 +0000 2024,1823093917299978486,exact,@user Όπως πέρυσι που έστειλαν από Αθήνα αστυνομικούς στην Ρόδο για να σταματήσουμε τους εθελοντές(ντόπιους)από το να σβήσουν την φωτιά.,0,0
Mon Aug 12 20:27:15 +0000 2024,1823093914552660290,exact,"@user Σωστά. Θα διδάσκεται, όμως, και στο προηγούμενο κεφάλαιο τι λάθη δεν πρέπει να κανεις, για να μην φτάσει η φωτιά από τον Βαρναβα στο Χαλάνδρι",1,0
Mon Aug 12 20:27:12 +0000 2024,1823093901999349833,exact,@user Φουλ μπουρδελο. Άντε ρε ψάχνεται το παραμικρό για να κράξετε. Αντί να λέτε να πάμε Να βρούμε ποιοι βάλανε τη φωτιά να βοηθήσουμε τους ανθρώπους το μόνο που σκέφτεστε είναι να εκμεταλλευτείτε την κατάσταση για να πείτε τα δικά σας.,0,0
Mon Aug 12 20:27:11 +0000 2024,1823093897720955167,exact,Φωτιά στην Αττική: Αλυσίδα αλληλεγγύης με εθελοντές – Κρατούσαν ψηλά τη μάνικα για να διευκολύνουν την κατάσβεση https://t.co/PU1BISJhvh,5,1
Mon Aug 12 20:27:00 +0000 2024,1823093851751326136,exact,Σύγχρονοι ήρωες...🙏⁣ ⁣ #greece #athens #attiki #πυρκαγιά #αττική https://t.co/zGUlh2CIB2,1,1
Mon Aug 12 20:26:59 +0000 2024,1823093848589177300,exact,"@user @user Ε εντάξει κάποια στιγμή τελη Οκτωβρίου θα σβήσουν οι φωτιές, υπομονή και εκκένωση.  Το σημαντικότερο είναι να μην μας επηρεάζει η ρωσική προπαγάνδα όπως γράφει το άρθρο 🤦🏻‍♂️",1,0
Mon Aug 12 20:26:52 +0000 2024,1823093819300073527,exact,Ούτε τα παιδάκια στη θάλασσα με αυτά τα κουβαδάκια..... Σας πήρανε χαμπάρι βρεεεεε. .... Όχι να σβήσεις φωτιά....,1,1
Mon Aug 12 20:26:45 +0000 2024,1823093787951767976,exact,"Εγώ αν ήμουν φωτιά και με κοιτούσε έτσι, θα έσβηνα μόνος μου",1,0
Mon Aug 12 20:26:41 +0000 2024,1823093772189860245,exact,"Η επίθεση της Ουκρανίας σε πυρηνικό εργοστάσιο είναι επισήμως ""πυρηνική τρομοκρατία Ένας από τους κύριους πύργους ψύξης εξακολουθεί να καίγεται. Οι εμπειρογνώμονες αξιολογούν τώρα τον πιθανό κίνδυνο. https://t.co/yvzK1clg51",1,0
Mon Aug 12 20:26:35 +0000 2024,1823093749141971010,exact,"@user @user Σπύρο έχω ένα βόθρο για εκκένωση, κάνε κάτι ρε.",1,0
Mon Aug 12 20:26:35 +0000 2024,1823093748265320659,exact,@user Όποιον θέλει ρε μεγάλε. Την ώρα όμως που καίγεται το σπίτι σου κοιτάς να το σώσεις. Όχι να βρίσεις.,0,0
Mon Aug 12 20:26:31 +0000 2024,1823093729822937599,exact,"@user Εγώ θα διόριζα ακόμα περισσότερους αστυνομικούς για Πανεπιστημιακή Αστυνομία, Δικαστική Αστυνομία, μη σου πω και Τουριστική Αστυνομία που τους έχει τόσο πολύ ανάγκη η χώρα. Αν ανάψει και καμία φωτιά θα πάνε να εκκενώνουν και κόσμο.",7,0
Mon Aug 12 20:26:14 +0000 2024,1823093660289773937,exact,"Επίσης, κάηκαν 50 μπάλες με άχυρο. Στο σημείο έχουν σπεύσει δυνάμεις της Πυροσβεστικής, οι οποίες επιχειρούν με όλα τα διαθέσιμα μέσα για να περιορίσουν τη φωτιά και να αποτρέψουν την εξάπλωσή της.",0,0
Mon Aug 12 20:26:14 +0000 2024,1823093659874537802,exact,"Κάηκε η μισή Εύβοια το '21, δεν έγινε τίποτα για την πυρόσβεση.  Πέθανε τόσος κόσμος εκτός ΜΕΘ με covid, δεν έγινε τίποτα για το ΕΣΥ. Έγινε το έγκλημα στα ΤΕΜΠΗ, δεν έγινε τίποτα για την ασφάλεια στα τρένα. Καίγεται η μισή Αττική. Θα γίνει κάτι επιτέλους; #φωτια #φωτιες #πυρκαγια",11,1
Mon Aug 12 20:26:12 +0000 2024,1823093648990384611,exact,"Με τούτα και με 'κεινα σουργελοποιηθηκε το Mega που ήθελε να κάνει αντικυβερνητικη προπαγάνδα με ψέματα για δηθεν εγκατάλειψη των κατοίκων που εκδηλώθηκε η πυρκαγιά, από την κυβέρνηση  Με δέκα ζαιους που θα βγουν να πουν το ποιηματάκι τους, δεν αλλάζει η πραγματικότητα",275,45
Mon Aug 12 20:26:07 +0000 2024,1823093629088674252,exact,Τα τέσσερα κανάλια της απόλυτης αναισθησίας.   ΕΡΤ1: Ειδήσεις - Τελετή λήξης ΑΝΤ1: Το πιο λαμπρό αστέρι  ALPHA: Το Σόι Σου STAR: Ξένη ταινία   #πυρκαγιά #φωτια_πεντελη #Φωτια_τωρα #Πεντέλη,0,1
Mon Aug 12 20:26:07 +0000 2024,1823093628706721794,exact,"#Θεσσαλια ΤΩΡΑ: #Φωτιά σε αγροτική περιοχή της Καρίτσας Φωτιά ξέσπασε πριν από λίγη ώρα στην αγροτική περιοχή “3 μάρμαρα” της Καρίτσας, προκαλώντας αναστάτωση στην περιοχή. Οι φλόγες, κάψανε καλαμιές και ξερά χόρτα. #Φωτια_τωρα #Πυρκαγια #φωτιατωρα https://t.co/tGOfxnHphp",1,1
Mon Aug 12 20:26:06 +0000 2024,1823093625716457664,exact,περιπλανιόμαστε μες στη νύχτα και μας αναλώνει η φωτιά  καρκινική φράση για καρκινική φάση,5,4
Mon Aug 12 20:25:56 +0000 2024,1823093584108691599,exact,Φωτιά στην Αττική: Ήχησε ξανά το 112 στον Μαραθώνα - Εκκενώνεται η περιοχή Βρανά https://t.co/LhSBWZhFYi,12,9
Mon Aug 12 20:25:52 +0000 2024,1823093567415595147,exact,"Ζπρώχνουνε, ο ρεπόρτερ στον Σκάι #φωτιά",1,0
Mon Aug 12 20:25:46 +0000 2024,1823093543562367284,exact,σύμφωνα με τον θείο εδω πέρα καίγεται κ η Ανταρκτική...δεξιος αποπατος σε συνέχεια....,18,5
Mon Aug 12 20:25:43 +0000 2024,1823093527922033026,exact,Ο Δήμαρχος Παλλήνης Χρήστος Αηδόνης στο https://t.co/ykgvKsv7FJ #φωτια #Φωτια_τωρα #πυρκαγιά #Αττική #Γερακα https://t.co/JQHvdlRDDL,0,0
Mon Aug 12 20:25:42 +0000 2024,1823093524130148414,exact,Εδώ ο κόσμος καίγεται και οι ζωολάγνοι μας δείχνουν τη διάσωση γάτας. @user,1,0
Mon Aug 12 20:25:41 +0000 2024,1823093521215082862,exact,Ο Στραβελάκης είχε μεγαλύτερη αγωνία για την κυβερνησούλα παρά για τη φωτιά. Ουστ ρεμάλια,2,0
Mon Aug 12 20:25:39 +0000 2024,1823093511258058859,exact,Φωτιά στην Αττική: Κάηκε το σπίτι του 65χρονου που καταδικάστηκε για την πυρκαγιά στο Μάτι... και σχολιάζουν πως αυτό είναι κάρμα.  Εγώ νόμιζα πως κοσμική δικαιοσύνη είναι να πεθάνει 104 φορές,2,1
Mon Aug 12 20:25:35 +0000 2024,1823093497269821754,exact,"&lt;ΟΛΟΙ ΜΑΖΙ ΤΑ ΚΑΨΑΜΕ&gt; Γιατί όταν η κοιμώμενη πλειοψηφία απέχει απο εκλογές.. κ αφήνουμε τα μειοψηφικά πρόβατα κ κομματόσκυλα #ΝΔ #ΣΥΡΙΖΑ #ΚΚΕ #ΚΙΝΑΛ_ΠΑΣΟΚ να αποφασίζουν για εμάς, είμαστε ΟΛΟΙ συνυπεύθυνοι! #φωτιά #πυρκαγιες #φωτιες #Κικιλιας #τι_ψηφισατε_ρε_μαλακες #μμε_ξεφτιλες https://t.co/2LkEGS2vZi",10,2
Mon Aug 12 20:25:35 +0000 2024,1823093494791184894,exact,Megafire η πυρκαγιά της βορειοανατολικής Αττικής - Έχουν καεί πάνω από 100.000 στρέμματα https://t.co/D6hXwxFinv https://t.co/8WralCfpIW,0,0
Mon Aug 12 20:25:30 +0000 2024,1823093474335293755,exact,"@user 1ο δεν είμαι αριστερός 2. Θα νοίκιαζα τα Berliev 3. Θα εκπόνουσα σχέδια πρόληψης 4.Θα έβαζα σαν ΠΘ την ΕΥΠ,τη Πυροσβεστική,τη Πολιτική Προστασια,το Στρατό και την Αστυνομία σε κοινές συσκέψεις όχι το καλοκαίρι,αλλά από τον προηγούμενο Σεπτέμβρη. Αυτά και πολλά άλλα αστρπελεκια",4,0
Mon Aug 12 20:25:27 +0000 2024,1823093463195250953,exact,"@user Αχρηστε,είσαι εσύ υπουργός Πολιτικής Προστασίας?Για πες κάτι για την πυροσβεστική διάταξη που υποχρέωνε τους ιδιοκτήτες να λάβουν μέτρα πυροπροστασιας διαφορετικά θα είναι υπεύθυνοι αν καούν και θα τους επιβληθούν και πρόστιμα,να δω κάτι?",0,0
Mon Aug 12 20:25:03 +0000 2024,1823093362213241292,exact,Δηλαδή μετά από αυτό το αίσχος καταστροφής και ανικανότητας ΔΕΝ θα παραιτηθεί κανείς; Προφανώς ΟΧΙ γιατί ο απόλυτος υπεύθυνος θα φτιάξει πάλι ένα επικοινωνιακό κόλπο να χαθεί μαζί με το πράσινο της Αθήνας. Όμορφη Αθήνα Όμορφα καίγεται Κυριάκο Μητσοτάκη.,0,0
Mon Aug 12 20:25:02 +0000 2024,1823093358660641262,exact,@user Αξιωματικοί αρκετοί και σε αστυνομία και σε πυροσβεστική γέμισαν τα γραφεία και απο δουλειά μηδεν,1,0
Mon Aug 12 20:24:45 +0000 2024,1823093284274651330,exact,Η Αττική στις φλόγες: Η φούσκα του επιτελικού κράτους έσκασε και πάλι  Εδώ και 24 ώρες καίγεται η Αττική και οι εκπρόσωποι του επιτελικού κράτους είναι απόντες. Η κοινωνία ζητάει απαντήσεις γιατί οι φλόγες κοντεύουν να φτάσουν στο κέντρο της Αθήνας.  https://t.co/TgmqmeQiFz,11,3
Mon Aug 12 20:24:33 +0000 2024,1823093237218992554,exact,Νέα ενημέρωση της Πυροσβεστικής: Χωρίς ενιαίο μέτωπο η φωτιά -Πολλές ενεργές εστίες σε Πεντέλη και λίμνη Μαραθώνα https://t.co/1oJdsJzDRG,0,0
Mon Aug 12 20:24:29 +0000 2024,1823093220215238880,exact,📺Φωτιά στην Αττική: Κάηκε το σπίτι του 65χρονου που καταδικάστηκε για την πυρκαγιά στο Μάτι - «Δεν έχω λόγια» https://t.co/6Qro3bPbwu,0,0
Mon Aug 12 20:24:21 +0000 2024,1823093186706706517,exact,#φωτια Τα παιχνίδια της μοίρας μερικές φορές είναι ιδιαίτερα πρωτότυπα. Κάηκε το σπίτι στο Νταού Πεντέλης του ανθρώπου που κατηγορήθηκε ότι ξεκίνησε τη φωτιά στο Μάτι με τους 114 νεκρούς. Έχει καταδικαστεί σε τριετή φυλάκιση πρωτόδικα και τώρα περιμένει το Εφετείο.,14,9
Mon Aug 12 20:24:19 +0000 2024,1823093179052110256,exact,📺Φωτιά στην Αττική: Συγκλονιστικό βίντεο από το Πάτημα Χαλανδρίου – Ρίψεις νερού από ελικόπτερο μέσα στον αστικό ιστό https://t.co/8hrNQQiFfd,0,0
Mon Aug 12 20:24:10 +0000 2024,1823093137256173702,exact,Υπό έλεγχο η φωτιά κοντά στη Βόνιτσα https://t.co/urddl0cyG2,0,0
Mon Aug 12 20:24:05 +0000 2024,1823093116535968235,exact,📺Φωτιά στην Αττική: Καίγεται εργοστάσιο ξυλείας στον Γέρακα – Δείτε βίντεο https://t.co/l0tiUA7u66,1,1
Mon Aug 12 20:24:04 +0000 2024,1823093112584945774,exact,Φωτιά στην ΒΑ Αττική: Νέο 112 για πυρκαγιά στην περιοχή Βρανά Μαραθώνα https://t.co/UoXaUqgyF5,5,2
Mon Aug 12 20:24:03 +0000 2024,1823093108042571780,exact,"«Φοβόμαστε για τις αναζωπυρώσεις»,, είπε η Αναστασία Κοσμοπούλου, σημειώνοντας ότι σταμάτησε να φυσάει και αυτό θα βοηθήσει στο έργο της την πυροσβεστική https://t.co/i12DjsM0vd",0,0
Mon Aug 12 20:23:37 +0000 2024,1823093001318461869,exact,"Φωτιά στην Αττική - Βαθρακογιάννης για φωτιές στην Αττική: Δεν έχουμε ενιαίο μέτωπο, αλλά πολλές ενεργές εστίες σε Πεντέλη και Μαραθώνα https://t.co/ZcFddvMWaA https://t.co/mbAc9dkjdg",1,0
Mon Aug 12 20:23:36 +0000 2024,1823092996692447641,exact,Ολοκληρώθηκε η προληπτική εκκένωση του νοσοκομείου «Αμαλία Φλέμινγκ» https://t.co/yCgAztwqro,0,0
Mon Aug 12 20:23:32 +0000 2024,1823092979499708698,exact,📺Φωτιά στην Αττική: Κάηκε ολοσχερώς το κλειστό της Νέας Πεντέλης - Δείτε βίντεο https://t.co/ZV2eLBotzh,0,0
Mon Aug 12 20:23:31 +0000 2024,1823092975637037083,exact,"Το να ακούς από ζαίο να λέει πως η φωτιά θα σταματήσει μόνη της όταν φτάσει θάλασσα, δείχνοντας ανεπάρκεια κρατικού μηχανισμού, θα έλεγα πως είναι τουλάχιστον εξοργιστικό... #φωτιά https://t.co/kTMClpso54",42,7
Mon Aug 12 20:23:21 +0000 2024,1823092934641881276,exact,📺Φωτιά Αττική: Ποιες χώρες της ΕΕ στέλνουν βοήθεια https://t.co/8ZZxWuMLEw,0,0
Mon Aug 12 20:23:18 +0000 2024,1823092919466684618,exact,"@user Ζω σε περιοχή που είχε φωτιά σήμερα. Δεν ισχύει ότι ""η κυβερνητική ετοιμότητα ήταν για τα μπάζα"". Μήπως κάνετε απλώς, φτηνή αντιπολίτευση και το ""news"" στον τίτλο σας είναι διακοσμητικό;",1,0
Mon Aug 12 20:23:13 +0000 2024,1823092901045285198,exact,🔥 ❗️ 🔴 Μήνυμα από το 112: #Φωτιά στην περιοχή Βρανά Mαραθώνα- Απομακρυνθείτε προς Νέα Μάκρη https://t.co/KAtqZGMgD1,0,0
Mon Aug 12 20:23:10 +0000 2024,1823092888630407422,exact,"Επί κυβέρνηση ΝΔ - Κυριάκου Μητσοτάκη, δεν έχει σημειωθεί ποτέ πυρκαγιά στην κορυφή του Καϊμάκτσαλαν τους χειμερινούς μήνες   #αρουραιοι_και_καμπιες_σιλανς https://t.co/RwtovaFzog",60,13
Mon Aug 12 20:23:10 +0000 2024,1823092887111729634,exact,Φωτιά στην Αττική: Στις εγκαταστάσεις του Εθνικού Αστεροσκοπείου Αθηνών οι φλόγες – Τρομακτική εικόνα https://t.co/OXpzJmR6RZ,0,0
Mon Aug 12 20:23:09 +0000 2024,1823092883110428758,exact,Επιτέλους θετικά νέα!  Χωρίς ενεργό μέτωπο η πυρκαγιά στη Β - ΒΑ Αττική Διάσπαρτες εστίες στις οποίες επιχειρούν οι δυνάμεις της Πολιτικής Προστασίας και του ΠΣ Δεν επιβεβαιώνεται η πληροφορία για αγνοούμενο άτομο. Δεν έχει αναφερθεί στο ΠΣ τέτοιο συμβάν,210,37
Mon Aug 12 20:22:47 +0000 2024,1823092791452344719,exact,Γιατί όταν καίγεται η χώρα υποφέρουν όλοι  #Πυρκαγια https://t.co/VD5VAKT2Rm,7,1
Mon Aug 12 20:22:40 +0000 2024,1823092761194836189,exact,@user Ξεχνάς βεβαίως την πυροσβεστική διάταξη που υποχρέωνε τους ιδιοκτήτες να λάβουν μέτρα πυροπροστασιας διαφορετικά θα είναι υπεύθυνοι αν καούν και θα τους επιβληθούν και πρόστιμα??? ΚΑΘΑΡΜΑ!,0,0
Mon Aug 12 20:22:39 +0000 2024,1823092758002778458,exact,@user Αφήστε την φωτιά να κάνει την δουλειά της επιτελους κάθεστε κ ασχολείστε με σπιτια κ δάση αυτά ξαναγίνονται οι ολυμπιακοί αγώνες στην Γαλλία  κάθε 100 χρόνια τιτανομεγιστε μητσοτακη παρτα μας όλα μην αφήσεις τπτ,1,0
Mon Aug 12 20:22:37 +0000 2024,1823092748943032541,exact,"@user Αδερφέ συγνώμη κιολας,αλλά πέρα από τον πληθυσμό που αφορά,η φωτιά στν Αττική έκαψε πάνω από 100.000 στρέμματα σ 2 μέρες ,αναλογίσου τν δριμύτητα της,όταν μας λες για την φωτιά στον Ορβηλο π έκαψε 25000 στρέμματα σε 25 μέρες.Όχι ότι είναι αμελητέο αλλά μην τα βάζετε στο ίδιο ζύγι",0,0
Mon Aug 12 20:22:34 +0000 2024,1823092738255909247,exact,Φωτιά Αττική: Η τελευταία ενημέρωση της Πυροσβεστικής -  https://t.co/hzLO8hFPyt https://t.co/6j7SdyTKh0,1,0
Mon Aug 12 20:22:29 +0000 2024,1823092713845375327,exact,"Το 1998 που μας είχαν στείλει φαντάρους στη φωτιά κάτω από το Αστεροσκοπείο, αρκετοί κάτοικοι μας άνοιγαν τα σπίτια τους το βράδυ, μήπως χρειαστούμε κάτι Κάποιοι όμως έβριζαν, φώναζαν να φύγουμε, να τα αφήσουμε να καούν! Τότε μου εξήγησαν, γιατί υπήρχαν ""περιφραγμένα"" με πεύκα!",1,0
Mon Aug 12 20:22:12 +0000 2024,1823092643913416969,exact,"Στο Πομακοχώρι Θέρμες στην Ξάνθη, δίπλα στα σύνορα με Βουλγαρία εκδηλώθηκε φωτιά Στο σημείο έσπευσαν 1 ελικόπτερο,5 αεροσκάφη,10 πυροσβεστικά οχήματα, 1 ομάδα πεζοπόρου τμήματος και 30 πυροσβέστες Αυτή η διασπορά μέσων υπάρχει σε ολη την Ελλάδα",5,0
Mon Aug 12 20:22:07 +0000 2024,1823092625240367173,exact,Απογευματάκι και τα βοθροκαναλα έδιναν ρεπορτάζ δίπλα από την μάντρα ξυλείας και ότι πλησιάζει η φωτιά  Περίμεναν να πάει κάνα πυροσβεστικο Μετά από κάνα 20λεπτο έφυγα  Γύρισα και την βλέπω να καιγεται επιτελικα  #Πυρκαγια #βριλησσια #μητσοτακη,1,1
Mon Aug 12 20:22:03 +0000 2024,1823092605757894962,exact,#πυροσβεστες #Πυρκαγια #φωτιά Σας Ευχαριστούμε όλους 🙏 https://t.co/mRkywa8kQx,7,0
Mon Aug 12 20:21:38 +0000 2024,1823092500753727550,exact,Νέα ενημέρωση της Πυροσβεστικής: Χωρίς ενιαίο μέτωπο η φωτιά -Πολλές ενεργές εστίες σε Πεντέλη και λίμνη Μαραθώνα https://t.co/c1lyCXVOec https://t.co/KWaH7vgBvW,0,0
Mon Aug 12 20:21:24 +0000 2024,1823092442582675534,exact,Την Τρίτη η επιχείρηση εξουδετέρωσης της νάρκης στην Αγία Φωτιά Χίου (βίντεο &amp; φωτό) @user #chios #ekriktika https://t.co/LaBtOx44xM,0,0
Mon Aug 12 20:21:22 +0000 2024,1823092432885395836,exact,@user @user Κλαίω ρε λαμόγιο με την πυροσβεστική διάταξη που υποχρέωνε τους ιδιοκτήτες να λάβουν μέτρα πυροπροστασιας διαφορετικά θα είναι υπεύθυνοι αν καούν και θα τους επιβληθούν και πρόστιμα.,0,0
Mon Aug 12 20:21:00 +0000 2024,1823092344289186220,exact,Φωτιά στην Αττική: Το συγκλονιστικό μήνυμα της Α.Ε. Πεντέλης για το καμένο γήπεδο 🏀  #φωτια #πυρκαγια #Πεντελη #Αττικη #μπασκετ #αθλητισμος  https://t.co/OpNuBCZxEz,0,0
Mon Aug 12 20:20:56 +0000 2024,1823092327545553009,exact,Φωτιά στην Αττική: Τραυματίστηκε πυροσβέστης – Μεταφέρεται σε νοσοκομείο https://t.co/14am1GRHcl,0,0
Mon Aug 12 20:20:51 +0000 2024,1823092304774594950,exact,"Γιάννη πάρε κλειστά την στροφή,να σηκώσουμε κύμα 🌊,να σβήσει η φωτιά. #ΝΔ_ΣΙΧΑΜΑΤΑ https://t.co/GfaG5dT58M",0,0
Mon Aug 12 20:20:49 +0000 2024,1823092296784482653,exact,Ρένα Κουβελιώτη: «Αυτό που γίνεται δεν το έχω ξαναδεί - Περάσαμε με το αυτοκίνητο μέσα από τη φωτιά» (videos) https://t.co/nJ9s09RXGu,0,0
Mon Aug 12 20:20:41 +0000 2024,1823092260604359162,exact,"Δεν είμαι σίγουρη τι υπερισχύει μέσα μου.... οργή, λύπη ή &amp; τα δυο;;; ..... κουράστηκε  η ψυχή μας να καίγεται..... https://t.co/HdELl4KuEY",11,4
Mon Aug 12 20:20:27 +0000 2024,1823092203415077037,exact,ΑΔΜΗΕ για τη φωτιά στην Αττική: Έχουν επηρεαστεί γραμμές μεταφοράς - Μέσω εναλλακτικών κυκλωμάτων η ηλεκτροδότηση -  https://t.co/1JdG53cBH2 https://t.co/IdB8o4fXeO,0,0
Mon Aug 12 20:20:20 +0000 2024,1823092176709984656,exact,#Πυροσβεστική : Βελτιωμένη εικόνα στα μέτωπα της φωτιάς - Μάχη με τις διάσπαρτες εστίες   https://t.co/KsJ7a6FYVQ https://t.co/0aLrhstm8y,11,8
Mon Aug 12 20:20:11 +0000 2024,1823092134872035742,exact,Φωτιά στην Αττική: Κάηκε το σπίτι του ανθρώπου που καταδικάστηκε για την πυρκαγιά στο Μάτι [βίντεο] https://t.co/BjHLREroO4,2,0
Mon Aug 12 20:20:01 +0000 2024,1823092094639948187,exact,@user @user @user ο άνθρωπος ονομάστηκε πολιτισμένος από όταν βρήκε το φωτιά. Κάποιοι επιμένουν να τα τρώνε ωμά.,5,1
Mon Aug 12 20:20:00 +0000 2024,1823092089451651209,exact,Τουρκία: Ετοιμάζεται αποστολή στην Ελλάδα εναέριων μέσων πυρόσβεσης  #Τουρκία #Ελλάδα #φωτια #πυρκαγια #φωτιά #καπνός  #φωτιατωρα #φωτια_πεντελη #πυρκαγιά #Πεντέλη #Βαρναβας #Ραφηνα #Πεντέλη #Μαραθώνας   https://t.co/2fgIHbm220,1,0
Mon Aug 12 20:19:59 +0000 2024,1823092085773488231,exact,"Είναι τουλάχιστον αστείο να περιμένεις να σβήσουν τη φωτιά σε επαγγελματικό χώρο 15χρονα παιδιά, κανονικά  θα έπρεπε να απαγορεύεται για λόγους υγείας και προφύλαξης .....",27,20
Mon Aug 12 20:19:35 +0000 2024,1823091985630261723,exact,"Φωτιά στην Αττική: Στάχτη δεκάδες σπίτια σε Πεντέλη, Βριλήσσια - Μάχη σε Μαραθώνα και Γραμματικό #ΦΩΤΙΑ_ΤΩΡΑ #ΦΩΤΙΑ_ΑΤΤΙΚΗ https://t.co/nZ8SDvTIy1",0,1
Mon Aug 12 20:19:32 +0000 2024,1823091973336502354,exact,@user Με αλλεπάλληλα retweet από όλα τα δεξιά τρολ μάλλον για μαλακα σε κόβω και οχι για εθελοντή.. εσείς θα σβήνατε τη φωτιά στο Μάτι σε 20 λεπτά.. αλλά προφανώς είστε το ίδιο άχρηστοι και επικίνδυνοι σαν τους προηγούμενους..,2,0
Mon Aug 12 20:19:31 +0000 2024,1823091967598661915,exact,"@user Δε μπορείς να συλλάβεις το έργο του μεγάλου καλλιτέχνη; Τις φωτιές τις βάζουν όσοι εξυπηρετούν συμφέροντα της woke agenda, η ίδια η φωτιά είναι gay, ο Διόνυσος είναι τρανς και ο αναρχικός τέρμα αριστερά με τις μολότοφ 🧐",1,0
Mon Aug 12 20:19:23 +0000 2024,1823091935742955908,exact,"Η Ελληνική κυβέρνηση δεν έχει καμία διάθεση να σβήσει τις φωτιές για αυτό η πυροσβεστική είναι τόσο υποστελεχομένη, από τις φωτιές σε αυτό που μείνει θα γίνουν οι επενδύσεις της κυβέρνησης, όπως στον ΟΣΕ",0,0
Mon Aug 12 20:19:18 +0000 2024,1823091912531902838,exact,@user @user Είναι παταγώδης αποτυχία να μη μπορεί να τιθασευτεί η φωτιά από τον Βαρναβα και να επεκταθεί σε 5 δήμους εντός αστικών περιοχών Δεν είμαι βέβαια ειδικός αλλά κάπου έχει γίνει λαθος νομίζω,2,0
Mon Aug 12 20:19:07 +0000 2024,1823091867753365990,exact,Φωτιά στην Αττική: Βελτίωση παρουσιάζει το μέτωπο στον Βαρνάβα  #φωτια #Αττικη  https://t.co/pkpa2bADGS,6,1
Mon Aug 12 20:19:05 +0000 2024,1823091861164011892,exact,"Αυτή η γυναίκα βλέπει αβοήθητη το σπίτι της να καίγεται. Αυτή η γυναίκα είχε κάθε δικαίωμα να περιμένει από το κράτος βοήθεια. Αυτή τη γυναίκα έγραψες στα αρχίδια σου και αντί να προσλάβεις Πυροσβέστες, προσλάμβανες μπάτσους και αγόραζες περιπολικά. ΠΑΡΑΙΤΗΣΟΥ ΚΑΘΑΡΜΑ! https://t.co/UIC8DqhXAS",7,4
Mon Aug 12 20:19:01 +0000 2024,1823091841253654952,exact,"Σε άλλα νέα, κοντά στο μέτωπο της #φωτιά στη Νέα Πεντέλη βρέθηκαν… πλαστά διαβατήρια!  Τυχαίο είναι, σίγουρα.- https://t.co/nh8zK60m32",456,121
Mon Aug 12 20:18:59 +0000 2024,1823091835356553502,exact,Ελλάδα: Πύρινη λαίλαπα στην Αττική - Δραματικές ώρες με τη φωτιά στον αστικό ιστό #EuropeNews https://t.co/t1L7As9kFt https://t.co/CREVkEY2BA,2,0
Mon Aug 12 20:18:56 +0000 2024,1823091823709155785,exact,"«Πώς τα bots του TikTok και η τεχνητή νοημοσύνη έχουν προκαλέσει αναζωπύρωση της ακροδεξιάς βίας στο Ηνωμένο Βασίλειο.  Εμπειρογνώμονες προειδοποιούν ότι η ανάπτυξη των εξτρεμιστών influencers και των ""μικρο-δωρεών"" θα μπορούσε να δημιουργήσει ακόμη μεγαλύτερο κύμα αναταραχής»:",2,0
Mon Aug 12 20:18:39 +0000 2024,1823091751852155311,exact,@user Βρέχει φωτιά στην στράτα μου,1,0
Mon Aug 12 20:18:37 +0000 2024,1823091744071921875,exact,"@user Ξεκάθαρα όχι. Ο σχεδιασμός (υπήρχε-δεν υπήρχε) απέτυχε να εντοπίσει την φωτιά και να την σταματήσει έγκαιρα.  Αυτό δεν σημαίνει ότι πρέπει να μηδενίζεται η προσπάθεια του προσωπικού με δηλώσεις του στυλ ""δεν πετάει τίποτα"" ή να βλέπουμε λαϊκισμούς του στυλ ""με ένα Beriev είχε",0,0
Mon Aug 12 20:18:29 +0000 2024,1823091711129669687,exact,#Φωτιά στην #Αττική / Χάος με καμένα σπίτια και επιχειρήσεις - Εφιαλτικές ώρες σε Πεντέλη και Βριλήσσια https://t.co/mprgWCvzqo,2,0
Mon Aug 12 20:18:27 +0000 2024,1823091701654917243,exact,"Λοιπόν , πρόχειρες σκέψεις γνωρίζοντας κάποια πράγματα.. α) η Πεντέλη τελείωσε, πράσινη θα την ξαναδούν τα εγγόνια μας, β) η κυβέρνηση δεν φταίει για το τι συνέβη από χθες η φωτιά ήταν ανθρώπινος αδύνατο να αντιμετωπιστεί, γ) φταίει όμως γιατί 🔽",1,0
Mon Aug 12 20:18:20 +0000 2024,1823091671174660573,exact,Πυροσβεστική: Δεν υπάρχει ενιαίο ενεργό μέτωπο αλλά διάσπαρτες εστίες #ProtoNeoGr https://t.co/f8X2CRZhqK,0,0
Mon Aug 12 20:18:20 +0000 2024,1823091670268973350,exact,Φωτιά στην Αττική – Τραυματίστηκε πυροσβέστης – Μεταφέρθηκε στο νοσοκομείο https://t.co/4R9UOP0syh #Αττικη #φωτια #πυροσβεστης #νοσοκομειο https://t.co/D2HhxE2bG0,0,0
Mon Aug 12 20:18:12 +0000 2024,1823091637339234777,exact,"Ο ΟΠΟΙΟΣΔΉΠΟΤΕ κοιτάζει πότε θα φυσάει, βάζει μια δυο φωτίες και το Ελληνικό κράτος καταρρέει επιτόπου. Αγοράστε ραφάλ και φρεγάτες εσείς.  #φωτια #φωτιες #εκκένωση #Ροδόπολη #Πεντελη #Σταμάτα #φωτια #γ",4,0
Mon Aug 12 20:18:06 +0000 2024,1823091611993284759,exact,"@user Μετά από 5 ολόκληρα χρόνια στη διακυβέρνηση, δεν υπάρχουν πλέον δικαιολογίες για την εγκληματική ανικανότητα και τους εγκληματικους χειρισμούς του Κυριάκο #Μητσοτακης και της κυβέρνησης του❗  #φωτια #Φωτια_τωρα #Βαρβαβας #Μητσοτακη_καθαρμα https://t.co/eKdxAtGAW2",3,2
Mon Aug 12 20:18:05 +0000 2024,1823091609455444411,exact,Τουλάχιστον έπρεπε να τους δείχνετε  τους εμπρηστές    Να γνωρίζουμε όλοι το ποιοι είναι έτσι απλά   #φωτια,2,0
Mon Aug 12 20:17:56 +0000 2024,1823091572193239178,exact,στην μαχη με την φωτια......που ειναι οι εταιρειες με  πυροσβεστηρες,0,0
Mon Aug 12 20:17:54 +0000 2024,1823091563452354622,exact,@user @user Μας συγκίνησε ο μαλ@@user με την ευαισθησία του #φωτια #νδ_σιχαματα,0,0
Mon Aug 12 20:17:46 +0000 2024,1823091529902178466,exact,"Δείτε το θετικα. Από του χρόνου δε θα χρειαζόμαστε πυροσβέστες , έτσι θα μπορεί η κυβέρνηση να τους απολύσει όλους αφού φωτιά δε θα μπορεί να υπάρξει μιας και τα έκαψαν όλα και έτσι θα μπορούμε να πληρώνουμε παραπάνω την αγαπημένη μας κυβέρνηση να μας κοροϊδεύει κατάμουτρα #φωτια",11,1
Mon Aug 12 20:17:29 +0000 2024,1823091455910359254,exact,@user Ποτε θα καταλαβουμε επιτελους οτι το θεμα ειναι να μην ξεκινησει μια φωτιά? Υπερδυναμεις οπως η Αμερικη ΔΕΝ μπορουν να σβησουν τις φωτιες με αποτελεσμα εκατομμύρια στρ. καμμένα... Και καποτε πρεπει να δουμε και τους νομους για ολο αυτο...,0,0
Mon Aug 12 20:17:24 +0000 2024,1823091438327894285,exact,@user Εσύ ρε ξευτιλισμενε που καίγεται η χώρα κ παρατηρείς αυτό μήπως κ πειράξουν το βρωμερό κουλη σου τι είσαι;,1,0
Mon Aug 12 20:17:23 +0000 2024,1823091430979772552,exact,"Να μην ξεχάσετε να προσλάβετε μπατσους, παπάδες και δημοσιογράφους ,για να σας γλείφουν όλοι μαζί τα παπάρια σας. #φωτιά",2,0
Mon Aug 12 20:17:22 +0000 2024,1823091429016494347,exact,Πόσους βαθμους λέτε να ανεβεί η μέση θερμοκρασία στην Αττική μετά την πυρκαγιά;,2,1
Mon Aug 12 20:17:21 +0000 2024,1823091424234991878,exact,"Με κάνα πας, με καμιά μοριοδοτηση στο δημόσιο θα ξεχαστεί και αυτή η καταστροφή  Θα ξαναψηφισετε αυτήν την κυβέρνηση - μαφία  Και ίσως καλά να πάθετε  Γιατί δεν μαθαίνετε  #πυρκαγια #Πεντελη",2,0
Mon Aug 12 20:17:17 +0000 2024,1823091408313405599,exact,Ανακοίνωση από ΑΒ Βασιλόπουλος Ανοικτό όλη τη νύχτα 20ο χλμ Εθνικής Οδού Αθηνών-Λαμίας #Φωτια_τωρα #φωτιατωρα #φωτια #πυρκαγια https://t.co/hMi2BVgdgC,7,4
Mon Aug 12 20:17:16 +0000 2024,1823091402433044547,exact,"🔥 Όποιος είπε στον Κασσελάκη «πήγαινε στη φωτιά, στάσου δίπλα σε ανθρώπους που προσπαθούν να τη σβήσουν και κοίτα τους ατσαλάκωτος σαν απόμαχος ναυτικός που βλέπει τη θάλασσα», πρέπει να απολυθεί.  #κασσελάκης | #πυρκαγιά | #ΣΥΡΙΖΑ | #φωτιά | #φωτιά_τώρα  https://t.co/tToa7j41Fy",77,12
Mon Aug 12 20:17:10 +0000 2024,1823091375656591519,exact,Συνελήφθησαν οι νεαροί εμπρηστές που έβαλαν τη #φωτια στη Γλυφάδα  #φωτιες #πυρκαγιας #Φωτια_τωρα #φωτιατωρα,29,4
Mon Aug 12 20:17:02 +0000 2024,1823091345646313649,exact,"@user Δεν έχω λόγια για σας. Ο,τι σας έρχεται γράφετε. Καίγεται η μισή Αθήνα. Το είδατε ; Ντροπή.",0,0
Mon Aug 12 20:16:49 +0000 2024,1823091288280862991,exact,"Ευτυχώς που έρχονται 35 Σέρβοι και 44 Ρουμάνοι πυροσβέστες με υδροφόρα οχήματα, να μας σβήσουν μια αποθήκη και ένα εργοστάσιο ξυλείας στον Γέρακα. Ρε μλκς πως την έχετε καταντήσει έτσι την πυροσβεστική μας; Την έχετε ξεφτιλίσει πια 🥸🖐️",74,19
Mon Aug 12 20:16:42 +0000 2024,1823091259570786684,exact,Σημάδια βελτίωσης στην πυρκαγιά στην Αττική - Κρίσιμη νύχτα για να τεθεί υπό έλεγχο (βίντεο) https://t.co/PxgEdLWWF8 https://t.co/P5t0vtxL5J,0,0
Mon Aug 12 20:16:40 +0000 2024,1823091251433898067,exact,"@user Θα διακήρητα τη φωτιά ως φασιστική,  θα καλούσα τους πολίτες για αλληλεγγύη και θα πήγαινα για μπάνιο στην πισίνα. 😝😂😂🤣🤣🤣😅😅😆",6,0
Mon Aug 12 20:16:26 +0000 2024,1823091192709427424,exact,"@user Μπορεί να ξεκινήσει μια πυρκαγιά από αμέλεια. 5-6 μέτωπα ταυτόχρονα, όχι. Συλλήψεις πρέπει.",2,0
Mon Aug 12 20:16:26 +0000 2024,1823091192084549840,exact,καίγεται το 41% της Αττικής 😢πού κρύβεται ο Κυριάκος #Μητσοτάκης;   @user #plefsieleftherias @user @user #φωτιές #αττική #Πυρκαγιά https://t.co/6OW4c6g2nY,31,4
Mon Aug 12 20:16:16 +0000 2024,1823091150020108531,exact,"@user τα 8 Μποφώρ τα ""ειδες""από τα κανάλια (είσαι βλάκας και το πίστεψες και μάλιστα εγκληματικά αφού το αναπαράγεις). Αν έχεις μια πυροσβεστική, όχι την καλύτερη, απλά στοιχειωδώς στελεχωμένη, η φωτιά θα είχε περιοριστεί σε πολύ μικρή κλίμακα.  (Η άλλη καίει δάσος ένα μήνα τώρα)",1,0
Mon Aug 12 20:16:13 +0000 2024,1823091139437580708,exact,"πάντως, όταν καίγεται το σύμπαν ΔΕΝ είναι δυνατόν η πρώτη-ενστικτώδης αντίδραση σου να είναι καίγονται και αλλού ή δεν φταίει ο Κυριάκος. Εκτός και αν είσαι κομματόσκυλο, τότε όλα είναι δυνατά!👍",5,1
Mon Aug 12 20:16:08 +0000 2024,1823091116427837555,exact,@user Για κάτι τέτοιους παρακαλώ από το πρωί να φτάσει η φωτιά γραμμή μέχρι το δημαρχείο.,0,0
Mon Aug 12 20:15:58 +0000 2024,1823091074098766103,exact,@user Εχει ήδη φωτιά. Καίγονται οι παγη!!11!!1!!!!1 https://t.co/39xdmpABOd,1,0
Mon Aug 12 20:15:56 +0000 2024,1823091067472007612,exact,"@user @user Συμφωνώ αλλά χρειάζεται δασοπυροσβέστες οι οποίο γνωρίζουν που, πως, να κινηθούν. Η πυροσβεστική γνωρίζει τον αστικό ιστό. Η δασοπυρόσβεση μπορεί να κατέβει από Ε/Π.",2,0
Mon Aug 12 20:15:46 +0000 2024,1823091024677220839,exact,Φωτιά στην Αττική - Άνω Σούλι: Η πυροσβεστική δημιουργεί αντιπυρικές ζώνες https://t.co/Lq7XuU8Jam,0,0
Mon Aug 12 20:15:38 +0000 2024,1823090992011985161,exact,Φωτιά στην Αττική: Ενεργό μέτωπο στην Πεντέλη – Στις φλόγες επιχείρηση ξυλείας δίπλα στο δασαρχείο https://t.co/rpLRC0sBhj,0,0
Mon Aug 12 20:15:37 +0000 2024,1823090989017297156,exact,@user Το απίστευτο ρε χαζό Αθηναίοι. Νομίζετε ότι η φωτιά και οι καταστροφές κάνουν διακρίσεις; Δεν θα ερχόταν σε εσάς; Στον Έβρο πέρσι ήταν δυνατό κ στην Αθήνα φέτος απίστευτο;,0,0
Mon Aug 12 20:15:34 +0000 2024,1823090976577192442,exact,Κάηκε στην Πεντέλη το σπίτι του ανθρώπου που ξεκίνησε τη φωτιά στο Μάτι,0,0
Mon Aug 12 20:15:31 +0000 2024,1823090962748305843,exact,"@user Αφιερωμένο!Κ ο πρώτος διδάξας στο να γουστάρει νεκρούς ήταν το κόμμα σου κ ο ΜΛΚΣ ο αρχηγός του!Που μας ζάλιζε τα @@ με το Μάτι κ 2 μόλις μήνες μετά, αφού έγινε πρωθυπουργός, δήλωνε στον ΟΗΕ ότι η φωτιά στο Μάτι οφειλόταν στην κλιματική αλλαγή!Τα 💩 είναι στο κεφάλι του 41%! https://t.co/Aw1yLMiavZ",0,0
Mon Aug 12 20:15:29 +0000 2024,1823090954439704997,exact,Τα iq παντόφλας δείχνουν αυτή την εικόνα πως είναι κάποιος που έβαλε τη φωτιά και έφυγε επειδή φοραει μαντήλι και καλύπτει στόμα και μύτη. Εν τω μεταξύ από πίσω φαίνεται ντουμάνι από φωτιά που προφανώς ήταν εκεί η φωτιά πριν από αυτόν https://t.co/CFiBsT35Ee,4,1
Mon Aug 12 20:15:27 +0000 2024,1823090945618833412,exact,@user @user Η φωτιά μπήκε στην πόλη. Άκου συγχαρητήρια...,0,0
Mon Aug 12 20:15:16 +0000 2024,1823090900450287781,exact,"Φωτιά στο Μάτι: Ο @user πηγαίνει στην Περιφέρεια να ενημερωθεί ενώ επικοινωνεί με αρμόδιους υπουργούς Φωτιές 2021: Ο ίδιος ζητά βοήθεια από τον🇺🇸στρατό,το υπεξ των ΗΠΑ σε συμμάχους ""Στηρίξτε την Ελλάδα"", ενώ το ίδιο ζητά και ο Μενέντεζ Σήμερα η Πρεσβεία απλά αυτό👇",43,14
Mon Aug 12 20:15:06 +0000 2024,1823090856221618664,exact,Βουπρασία: Νυχτερινή πυρκαγιά στη Λάμια - Καίγεται ξανά το έλος https://t.co/cJRrazUlk3 https://t.co/aTw2R8MtqQ,0,0
Mon Aug 12 20:15:01 +0000 2024,1823090834855678232,exact,Φωτιά στην Αττική: Το πύρινο μέτωπο σε νέο χάρτη της NASA https://t.co/c1ZLSJHhPu,1,0
Mon Aug 12 20:14:57 +0000 2024,1823090821828088181,exact,@user Θεέ μου! Κινδυνεύει από πυρκαγιά η ανταρκτική. Αν επεκταθεί στον πάγο η πυρκαγιά θα μιλάμε για οικολογική καταστροφή που δεν έχουμε ξαναδεί https://t.co/dLtrrfGvb3,0,0
Mon Aug 12 20:14:35 +0000 2024,1823090727288549661,exact,@user Κιάμος - Φωτιά με Φωτιά Σαμίου - Εκεί που καίγομαι πολύ  Κουκα - Ρίξε στο κορμί μου σπίρτο Αντζελα -Φωτιά στα Σαββατοβραδα ΛεΠα- Καίγομαι Καίγομαι  😬😬😬,1,0
Mon Aug 12 20:14:32 +0000 2024,1823090713795363262,exact,Για να μην καίγεται η χώρα πρέπει να πουληθεί όλη στην οικογένεια Μητσοτάκη.  #φωτιες,0,0
Mon Aug 12 20:14:28 +0000 2024,1823090696242258244,exact,@user Έγιναν όλα όπως πρέπει. Επιμένετε στο αφήγημα παρά τα επιχειρήματα. Για αυτόν που ψάχνουν που έβαλε τη φωτιά στο αστεροσκοπείο ξέρει κανεις κάτι; Ή μήπως κ αυτόν να μην τον βγάζουμε γιατί σπέρνουμε διχόνοια. Τον γνωρίζετε; https://t.co/1YyLvWoS7d,0,0
Mon Aug 12 20:14:24 +0000 2024,1823090680165441821,exact,Νέα ενημέρωση της Πυροσβεστικής: Χωρίς ενιαίο μέτωπο η φωτιά - Πολλές ενεργές εστίες https://t.co/Xci7IcmTsz #Ant1news #φωτιες #Αττικη https://t.co/sjznx0NPt2,2,0
Mon Aug 12 20:14:20 +0000 2024,1823090664231305413,exact,@user Δηλαδή η φωτιά έφταιγε στο μάτι εε;;Δεν έφταιγε ο Τσίπρας η Δουρου οι δήμαρχοι κανείς εε;;,0,0
Mon Aug 12 20:13:57 +0000 2024,1823090568605626713,exact,"@user Το κακό σας το καιρό άχρηστοι όλοι σας, χρόνια τώρα καίγεται η Ελλάδα κ δεν υπάρχει πρόληψη, σχέδιο αντιμετώπισης, πυροσβεστικα μέσα. Ανίκανοι Έλληνες πολιτικοι μόνο για μεγάλους μισθούς κ μίζες είστε.",0,0
Mon Aug 12 20:13:56 +0000 2024,1823090564818202631,exact,"Όταν θα καίγεται το σπίτι σου κομπλεξική πουτάνα,εγώ θα γελάω πάντως. https://t.co/Otbjt8FazW",1,0
Mon Aug 12 20:13:43 +0000 2024,1823090508509446417,exact,Το φαινόμενο της πεταλούδας.  Μια φωτιά στον Βαρνάβα μπορεί να προκαλέσει καψιμο σπιτιών στο χαλανδρι.,23,9
Mon Aug 12 20:13:33 +0000 2024,1823090466104959122,exact,Ρε μαλακες τελικά #staycation θα κάνουμε ή εκκένωση; Εχω μπερδευτεί πια. #φωτια #φωτιες #φωτια_πεντελη,1,0
Mon Aug 12 20:13:29 +0000 2024,1823090452158886160,exact,@user Εγώ λέω να ρωτήσεις τους δεξιούς που θα έσβηναν την φωτιά στο μάτι σε 20 λεπτα,1,0
Mon Aug 12 20:13:26 +0000 2024,1823090438800105486,exact,🔥 Βελτιώνεται η εικόνα της #φωτιάς στην Βορειοανατολική #Αττική- Η Πυροσβεστική δεν έλαβε κλήσεις για αγνοούμενο 📸 https://t.co/vrZ7sqQ7Lc,1,0
Mon Aug 12 20:13:22 +0000 2024,1823090421934801373,exact,"Χαλάνδρι: «Ο μόνος που ήρθες μέχρι εδώ», είπαν κάτοικοι στον Κασσελάκη που πήγε στην πυρκαγιά (Video)   https://t.co/E0trVIx1jb",121,20
Mon Aug 12 20:13:20 +0000 2024,1823090413114462673,exact,"Φωτιά στην Τερψιθέα: «Δύο νέα παιδιά έβαλαν τη φωτιά, έχουμε στοιχεία», δηλώνει ο δήμαρχος Γλυφάδας [βίντεο] https://t.co/9dA7nAccMR",1,1
Mon Aug 12 20:12:55 +0000 2024,1823090308978254267,exact,Γιατί δεν έχουν στο χάρτη την Ανταρκτική? Μήπως καίγεται και μας το κρύβουν?,8,3
Mon Aug 12 20:12:50 +0000 2024,1823090287243046990,exact,"@user Άντε και γαμησου , καήκαμε , δεν έμεινε τίποτα όρθιο από όπου πέρασε η φωτιά επειδή δεν ήρθε ούτε ένα πυροσβεστικό  στη νέα Πεντέλη μέχρι τις 7 το απόγευμα και μιλάς ρε σκουπίδι.",0,0
Mon Aug 12 20:12:46 +0000 2024,1823090271619555563,exact,@user @user Γιατί δεν έχουν στο χάρτη την Ανταρκτική? Μήπως καίγεται και μας το κρύβουν?,0,0
Mon Aug 12 20:12:31 +0000 2024,1823090209543561465,exact,Συ είπας  #φωτιά  #ΝΔκοπρίτες  #Φωτια_τωρα  #φωτια_πεντελη  #φωτιατωρα  #Βαρνάβας,5,0
Mon Aug 12 20:12:31 +0000 2024,1823090208134529401,exact,@user Άρα συμφωνείς να δώσει όλα τα δεδομένα για ιπτάμενα κ επίγεια μέσα η πυροσβεστική από το engage της να δούμε τι πετούσε κ που ήταν κάθε όχημα κάθε στιγμή..τι λες; Πάει;;,1,0
Mon Aug 12 20:12:30 +0000 2024,1823090202082001074,exact,"Καλησπέρα κ. Μητσοτάκη @user  ""Επιτέλους""!!!.... κατάφερες το ακατόρθωτο..... καίγεται η πρωτεύουσα της Ελλάδας,  η Α Θ Η Ν Α!!!!!  ""Τα σέβη μου""..... https://t.co/j6p3LCpSc3",21,5
Mon Aug 12 20:12:29 +0000 2024,1823090200639082943,exact,@user εκανε μια βολτα η @user μεσα στο δασος και πηρε φωτια η πλαση ολη...,1,0
Mon Aug 12 20:12:17 +0000 2024,1823090147514290586,exact,Μιλάνε για φυσιολατρια τα ζώα που πάνε για κάμπινγκ λόγω φτώχειας κ γεμίζουν με σκατο όλα τα πεύκα που είναι γύρω.Μιλανε κι αυτοί που αν δεν κάνουν ντους με ζεστό νερό σε δωμάτιο των 150€ δεν καταλαβαίνουν διακοπές.Καντε μας τη χάρη κι αφήστε τη φύση σ αυτούς που σέβονται #φωτια,0,0
Mon Aug 12 20:12:14 +0000 2024,1823090135761903960,exact,@user Αυτοί θα πληρώσουν τώρα και για την άλλη πυρκαγιά,0,0
Mon Aug 12 20:12:10 +0000 2024,1823090120523743345,exact,@user «Αφήστε τη μιζέρια για τη φωτιά»;; Κυρία μου θέλετε ψυχίατρο αν αυτό ήταν που θέλατε να γράψετε τέτοιες ώρες. 🤮🤮🤮🤮🤮,0,0
Mon Aug 12 20:12:03 +0000 2024,1823090089032835386,exact,@user Για να σβήσεις/αντιμετωπίσεις μια πυρκαγιά θέλεις 3 πράγματα . 1. Μείωση της θερμοκρασίας της καιόμενης ύλης 2. Αποκοπή φλογας 3. Αποστερηση οξυγόνου. Με λίγη στοιχειώδη αντίληψη καταλαβαίνει κάποιος πως και γιατί κάποια εναέρια (Ε/Κ-air TRAC-CL) είναι καλύτερα από άλλα (beriev),1,0
Mon Aug 12 20:11:54 +0000 2024,1823090054140428499,exact,@user Εσείς γαμιεστε που περιμένετε να ξεφύγει μια φωτιά για να πέσετε σαν τα κοράκια. Σκατανθρωποι.,1,0
Mon Aug 12 20:11:53 +0000 2024,1823090047161376785,exact,"Για δώσε Λίνκ Η φωτό που ""καίγεται η Λ.Πεντελης"";",7,1
Mon Aug 12 20:11:52 +0000 2024,1823090045026238876,exact,#πυρκαγια αριστερά τρολ κ πολιτικοί στο άκουσμα ότι σταμάτησαν την φωτια https://t.co/7LPiF6RhvE,0,0
Mon Aug 12 20:11:49 +0000 2024,1823090030002233824,exact,"""Οι κάτοικοι των γύρω περιοχών να παραμείνουν σε εσωτερικούς κλιματιζόμενους χώρους με τα παράθυρα και τις πόρτες κλειστά. Ισχυρή σύσταση να αποφεύγονται οι άσκοπες μετακινήσεις""  Πυρκαγιά στον Βαρνάβα: Τι συνιστά η Ένωση Πνευμονολόγων Ελλάδας https://t.co/We6mO1WwgL",6,2
Mon Aug 12 20:11:41 +0000 2024,1823089998129664346,exact,Παράλληλα πρέπει να έχουμε το νου μας και σε τυχόν μουνόπανα που θα έρθουν να κλέψουν. Ελάτε και θα γαμηθειτε .. τουλάχιστον βοηθάει και σε κάτι η ύπαρξη τόσης αστυνομίας #Πυρκαγια,0,0
Mon Aug 12 20:11:40 +0000 2024,1823089991733395722,exact,Άλλοι τα κάνουν μόνοι τους   Και μπορεί και να κάνουν καλά   https://t.co/5SeMPn6qpk  #φωτια,0,0
Mon Aug 12 20:11:34 +0000 2024,1823089967800995874,exact,"Κάπου εδώ και αφού γίνεται παρέλαση απ' τα τρολ του Άδωνι...ας θυμίσουμε τι έλεγαν οι υπουργοί της ΝΔ για τα ""άχρηστα και ακατάλληλα"" Berief το 2021. Ευχαριστώ τον @user   #φωτια #ΝΔ_ΣΥΜΜΟΡΙΑ https://t.co/nnrGHolyvO",14,4
Mon Aug 12 20:11:30 +0000 2024,1823089951984251081,exact,Συνελήφθησαν 2 νεαροί που έβαλαν τη φωτιά στην #Τερψιθέα. ΤΣΟΓΛΑΝΙΑ!  #Γλυφάδα #φωτια #πυρκαγιά,75,9
Mon Aug 12 20:11:24 +0000 2024,1823089925169823942,exact,Φωτιά στην Αττική: Ιερέας «πυροσβέστης» στον αγώνα με την πύρινη λαίλαπα https://t.co/JdPxRzH9sk,7,0
Mon Aug 12 20:11:20 +0000 2024,1823089910888403204,exact,Εχουμε κανενα νεο απ τις φωτιες?  Τι γινεται? Οι κρισεις πανικου βαρανε η μια μετα την αλλη.😞 #φωτια,0,0
Mon Aug 12 20:11:17 +0000 2024,1823089897294729295,exact,@user @user η χαρά της ξυνής γειτόνισσας όταν μου καίγεται το φαγητό  Η τοξικότητα σε όλο της το μεγαλείο  #φωτια,0,0
Mon Aug 12 20:11:14 +0000 2024,1823089883742658612,exact,@user @user Εδώ καίγεται το Εδιμβούργο.,0,0
Mon Aug 12 20:10:59 +0000 2024,1823089819934937161,exact,"@user @user Μια εταιρεία σε όλο τον κόσμο παράγει πυροσβεστικά αεροπλάνα; Μου θυμίζεις τους νενεκους που κυβερνούν τη χώρα και δεν τολμούν, προκειμένου να μην θίξουν το ΝΑΤΟ, την ώρα που καίγεται η χώρα να ζητήσουν την συνδρομή των πολύ αποτελεσματικών ρωσικών πυροσβεστικών αεροπλάνων.",1,0
Mon Aug 12 20:10:44 +0000 2024,1823089758127501377,exact,"Μετά από 2 εβδομάδες διακοπές στο χωριό επέστρεψα και το τιελ μου γέμισε από αναρτήσεις κομματόσκυλων εκ δεξιών να δικαιολογούν τα αδικαιολόγητα και εξ αριστερών το χαβά τους, πάλι προσλήψεις έκανε το Μαξίμου … ρε μαλάκες για το θεό βρείτε μια κανονική δουλειά #φωτια #πυρκαγιά",1,0
Mon Aug 12 20:10:40 +0000 2024,1823089742696628301,exact,"Έχω ένα πρώην που στέλνει οποτε θυμηθεί να δει τι κάνω... την 1η φορά έστειλε την μέρα που ξέσπασε η φωτιά στο Ματι,  την 2η φορά την μέρα που ξέσπασε στην Εύβοια και παιδιά μαντέψτε... ΕΣΤΕΙΛΕ ΧΘΕΣ... Τρέχω να σωθω, ο άνθρωπος είναι γκαντέμης, θα μας πεθάνει ΟΛΟΥΣ",168,21
Mon Aug 12 20:10:23 +0000 2024,1823089670835573227,exact,ΑΔΜΗΕ για φωτιά στη ΒΑ Αττική: Έχουν επηρεαστεί σημαντικά κυκλώματα υπερυψηλής τάσης https://t.co/I7n62uGe3x,0,0
Mon Aug 12 20:10:05 +0000 2024,1823089595103498728,exact,Συνελήφθησαν δύο άτομα για τη φωτιά στην Άνω Γλυφάδα #ΦΩΤΙΑ #ΦΩΤΙΑ_ΤΩΡΑ https://t.co/nQsdVFcPWb,1,0
Mon Aug 12 20:10:00 +0000 2024,1823089573247037467,exact,"Κάηκε λέει το σπίτι αυτού που ήταν υπεύθυνος για τη φωτιά στο Μάτι... Συγνώμη, αυτός κυκλοφορούσε ελεύθερος; #φωτια",3,1
Mon Aug 12 20:09:59 +0000 2024,1823089568842744287,exact,"@user Άξιος της 107η θέσης! Αλλά τέτοιο προπαγανδιστικό φασιστοειδές, που να συγκρίνει εκκένωση ανθρώπων (ούτε έκαψε ζωντανούς 102+ ούτε έπνιξε 30) με καμένες εκτάσεις, δεν υπάρχει. Υγ επί κυβέρνησης ΣΥΡΙΖΑ υπήρχαν 22.000+ νεκροί εκτός ΜΕΘ και μάλιστα χωρίς πανδημία!",2,0
Mon Aug 12 20:09:57 +0000 2024,1823089560181432624,exact,Η μόνη εκκένωση που θα έσωζε και τους ανθρώπους και τα δέντρα είναι η εκκένωση του Μαξίμου.,420,83
Mon Aug 12 20:09:55 +0000 2024,1823089555098210317,exact,Σε λίγο η φωτιά θα φτάσει στην πλατεία συντάγματος και την Ομονοία.. Αδέλφια ώρα να πάρουμε τους δρόμους,2,1
Mon Aug 12 20:09:52 +0000 2024,1823089539545538599,exact,"@user Δεν αποκάλεσα άρρωστο κάποιον που του καίγεται το σπίτι. Αποκάλεσα άρρωστο κάποιον που, την ώρα που καίγεται το σπίτι του έχει έγνοια να βρισει τον Μητσοτάκη/Τσίπρα/οποιονδήποτε.",9,2
Mon Aug 12 20:09:42 +0000 2024,1823089497346642042,exact,"Σχετικά με τη φωτιά στην Ανω Γλυφάδα, έχω τρομερό ενδιαφέρον να δω τα αίτια. Γιατί αν ήταν εμπρησμός, που δεν μπορώ να σκεφτώ κάτι άλλο, αυτό θα έγινε απέναντι από δεκάδες μπαλκόνια, ώρα που πολύς κόσμος θα μπορούσε να το αντιληφθεί. Και πρόλαβαν να επιχειρήσουν ελικόπτερα.",1,0
Mon Aug 12 20:09:40 +0000 2024,1823089490723790865,exact,Εκπρόσωπος Τύπου του Π.Σ: Βελτίωση παρουσιάζει η πυρκαγιά στην βορειοανατολική Αττική https://t.co/jszaNyxT58,2,2
Mon Aug 12 20:09:37 +0000 2024,1823089478820610463,exact,@user Γιατί είναι γνωστό ότι με καπέλο αντιφά σβήνει η φωτιά πιο εύκολα 🤡,3,0
Mon Aug 12 20:09:34 +0000 2024,1823089464589328721,exact,Βελτιώνεται η εικόνα της φωτιάς στην Βορειοανατολική Αττική- Η Πυροσβεστική δεν έλαβε κλήσεις για αγνοούμενο https://t.co/1OA6hRjCgg,0,0
Mon Aug 12 20:09:34 +0000 2024,1823089464157278518,exact,🔥 Ψυχή μου όμορφη… 🐕 Όσο υπάρχουν άνθρωποι…  #πυρκαγιά | #φωτιά | #φωτιά_τώρα https://t.co/gtOYIRhCeg,175,14
Mon Aug 12 20:09:33 +0000 2024,1823089461246533950,exact,ΑΔΜΗΕ: Έχουν επηρεαστεί γραμμές μεταφοράς από την φωτιά στην Αττική – Μέσω εναλλακτικών κυκλωμάτων η ηλεκτροδότηση https://t.co/OY9uHKGSWf,0,0
Mon Aug 12 20:09:25 +0000 2024,1823089429126193358,exact,Συνολάκη λείπεις ή μήπως θα σε επιστρατεύσουν after για να μας πεις κι συ το δικό σου ποίημα για τη φωτιά στην Αττική; Κι anyway αν οι εικόνες στην Αττική δεν είναι αιτία παραίτησης τότε τι είναι; https://t.co/h8qktfPy4O,0,0
Mon Aug 12 20:09:17 +0000 2024,1823089394728755349,exact,Ρεπόρτερ σβήνει φωτιά με λάστιχο στο Πάτημα Χαλανδρίου κατά τη διάρκεια ζωντανής σύνδεσης (βίντεο) https://t.co/fdf5CXXWXt,0,0
Mon Aug 12 20:09:13 +0000 2024,1823089379096818108,exact,"#φωτια μπράβο στην πυροσβεστική   , μπράβο στην αστυνομία , τεράστιο μπράβο στους εθελοντές , σταμάτησαν την φωτια . Άθλος !!!",1,0
Mon Aug 12 20:09:11 +0000 2024,1823089369722548230,exact,Συνολάκη λείπεις ή μήπως θα σε επιστρατεύσουν after για να μας πεις κι συ το δικό σου ποίημα για τη φωτιά στην Αττική; Κι anyway αν οι εικόνες στην Αττική δεν είναι αιτία παραίτησης τότε τι είναι; https://t.co/KRqtMH2qnN,1,0
Mon Aug 12 20:09:11 +0000 2024,1823089367449317713,exact,@user Τελικά καμία φωτιά δεν μπήκε από την κλιματική κρίση;;,1,0
Mon Aug 12 20:09:03 +0000 2024,1823089334959972514,exact,Συνολάκη λείπεις ή μήπως θα σε επιστρατεύσουν after για να μας πεις κι συ το δικό σου ποίημα για τη φωτιά στην Αττική; Κι anyway αν οι εικόνες στην Αττική δεν είναι αιτία παραίτησης τότε τι είναι; https://t.co/tktWwg0Zkv,43,6
Mon Aug 12 20:08:55 +0000 2024,1823089299916492926,exact,@user Το τη πέρασες τη φωτιά αδερφέ. Μόνο οι άλλοι νομίζεις καίγονται; Τα Βριλήσσια δεν καίγονται;,0,0
Mon Aug 12 20:08:39 +0000 2024,1823089233671692435,exact,"Όταν η #φωτιά φτάνει μέσα στα #Βριλήσσια, το Πάτημα Χαλανδρίου και  το #Γέρακα για δεύτερη φορά μέσα σε δύο χρόνια, ένα πράγμα ισχύει!  Δεν είναι η κλιματική αλλαγή!  ΕΙΝΑΙ Η ΑΝΙΚΑΝΟΤΗΤΑ ΤΟΥΣ. https://t.co/nlw023bqCc",26,6
Mon Aug 12 20:08:27 +0000 2024,1823089184581824607,exact,"@user Τι σχέση έχει αυτό; Εδώ αποδοκιμάζω τη θεωρία ότι τη φωτιά την έβαλαν ""οι εχθροί"".",0,0
Mon Aug 12 20:08:26 +0000 2024,1823089179711934517,exact,@user Όλη η Ελλάδα μια μαφία Ελλάδα 2.0 ακόμα κ στη φωτιά,24,1
Mon Aug 12 20:08:23 +0000 2024,1823089168005652963,exact,"Ο Πρόεδρος του ΣΥΡΙΖΑ – ΠΣ, @user στο συντονιστικό της Πολιτικής Προστασίας - https://t.co/orctC4z5kN  Στο συντονιστικό της Πολιτικής Προστασίας βρέθηκε, λίγο μετά της οκτώ, ο Πρόεδρος του ΣΥΡΙΖΑ – ΠΣ, Στέφανος Κασσελάκης, συνοδευόμενους από τους κ. Γιώργο Καραμέρο, https://t.co/t8nQKwBB2x",171,43
Mon Aug 12 20:08:15 +0000 2024,1823089132459208754,exact,Καίγεται η λεωφόρος Πεντέλης. Η λεωφόρος Πεντέλης δεν έχει δάσος! Τι καίγεται γαμω την τρέλα μου !!!!!  #Φωτια_τωρα #φωτια #φωτιατωρα #φωτια_πεντελη #φωτιες,8,1
Mon Aug 12 20:08:05 +0000 2024,1823089093607039405,exact,"Κραυγή αγωνίας για τη φωτιά στον Όρβηλο – Καίει για 26η μέρα, δεν πετούν πλέον εναέρια μέσα https://t.co/P64SegCo4E",0,0
Mon Aug 12 20:07:56 +0000 2024,1823089055854194976,exact,"@user @user Προβλέπεται στον Ν. 4662/2020 για την διαχείριση κρίσεων. Σε κάθε μεγάλη πυρκαγιά λέει συστήνεται τριμελής επιτροπή δασολόγων κ συμβουλεύει τον υπεύθυνο για την εξέλιξη, πορεία κλπ της πυρκαγιάς. Πρέπει βέβαια να το ζητήσει ο ιδιος από το εσκεδικ",1,0
Mon Aug 12 20:07:48 +0000 2024,1823089021180080455,exact,Φωτιά στην Αττική: Ιερέας ρίχτηκε στη μάχη με τις φλόγες – «Να σώσουμε την πατρίδα μας» – ΒΙΝΤΕΟ https://t.co/lq8NRsWeKz,17,2
Mon Aug 12 20:07:45 +0000 2024,1823089009351884952,exact,100.000 στρεματα μεχρι τωρα καηκαν στην Αττικη. Για να εχετε μια αισθηση τι εγινε στον Εβρο περσι  #φωτιά https://t.co/9913tC6Ts7,9,1
Mon Aug 12 20:07:35 +0000 2024,1823088963902709770,exact,ΑΔΜΗΕ- Πυρκαγιά στην Αττική: Σημαντικές επιπτώσεις στα κυκλώματα υπερυψηλής τάσης https://t.co/buL8iAPmV3 https://t.co/FI45b9gl8w,0,0
Mon Aug 12 20:07:33 +0000 2024,1823088959515197545,exact,"Με το πέρασμα των χρόνων έχουμε γίνει σοφότεροι στα αίτια κ την καταπολέμηση των πυρκαγιών.Παλιότερα μάθαμε τον ""στρατηγό άνεμο"". Σήμερα τις...""χαοτικές κηλιδώσεις"". Σε 10 χρόνια ""Τι είναι φλόγα κ πως δημιουργεί μια πυρκαγια"". Σε 20 χρόνια ""Λόλα,να ένα μήλο""#φωτιά #πυρκαγιά #ΑΡΔ",7,2
Mon Aug 12 20:07:25 +0000 2024,1823088924668961189,exact,@user Από την φωτιά που εξαφάνισε τους δεινόσαυρους. 🪄🧐,0,0
Mon Aug 12 20:07:22 +0000 2024,1823088911083585652,exact,"Θα βγει αξύριστος και μαυροφορεμένοι, θα κάνει σύγκριση με το Μάτι, θα δώσει και κάνα pass και θα ξεχαστεί και αυτή η #φωτιά. Εδώ ξεχάστηκαν τα Τέμπη.",143,29
Mon Aug 12 20:07:17 +0000 2024,1823088891970375807,exact,Φωτιά στην Αττική: Ξυπνούν εφιαλτικές μνήμες – Οι φλόγες φτάνουν ... https://t.co/QlWxRrIpEe https://t.co/YEKrxVD8hg,0,0
Mon Aug 12 20:07:00 +0000 2024,1823088818746282278,exact,@user Στο Ματι είχαν καεί όλα σε 2 ώρες και το βράδυ  έπαιζε θέατρο ο Αλέξης στην πυροσβεστική με σοβαρές αξιώσεις για Όσκαρ. Οι άνθρωποι ήταν στη θάλασσα και τους έβγαλαν οι ψαράδες. Μια μάνα εγκατέλειψε το αγόρι της πνιγμένο και μιλάτε;,9,0
Mon Aug 12 20:06:58 +0000 2024,1823088809036411323,exact,Φωτιά στην Αττική – Αναζωπύρωση και στο Γραμματικό – Αντιπυρικές ζώνες δημιουργεί η πυροσβεστική προς τον Μαραθώνα https://t.co/QoV7PgwCjy #Αττικη #φωτια #Γραμματικο #αναζωπυρωση https://t.co/OaXWWc0qRS,1,2
Mon Aug 12 20:06:48 +0000 2024,1823088770431824160,exact,"Έχω βαρεθεί να βλέπω στον ΣΚΑΙ για τον Πυρακανθο , και πως η φωτιά ""θα εξαπλωθεί στα διπλανά σπίτια"". Ρε που τα βρίσκετε αυτά ;  #φωτια https://t.co/vinadLV6a7",1,0
Mon Aug 12 20:06:43 +0000 2024,1823088748092948490,exact,Χωρίς ενεργό μέτωπο η πυρκαγιά νότια του Μενοικίου (Δαφνούδι)- Σε επιφυλακή οι δυνάμεις  #πυρκαγιά #Μενοίκιο #Δαφνούδι #φωτιά #πυροσβεστική #Δήμος_Εμμανουήλ_Παππά #Serres https://t.co/l0N1NbXuw9,1,0
Mon Aug 12 20:06:38 +0000 2024,1823088728832626802,exact,@user Λυπάμαι πολύ!Εμάς περυσι στο Λαγονήσι το έγλυψε η φωτιά και την γλιτώσαμε καταλαβαίνω πόσο δύσκολο είναι να καίγεται κάτι που αγαπάς τόσο άδικα!Κουράγιο!,1,0
Mon Aug 12 20:06:20 +0000 2024,1823088652848710029,exact,@user Αυτοί μην πλησιάζουν πολύ στη φωτιά γιατί είναι ζωσμένοι με εκρηκτικά συνήθως.,1,0
Mon Aug 12 20:06:13 +0000 2024,1823088621374648354,exact,"@user Και η απάντηση του δημοσιογράφου ""και αυτό είναι το λιγότερο"". Μετάφραση: Ασχολεισου με την φωτιά και ξέχνα αυτά που βλέπεις "".",5,1
Mon Aug 12 20:05:52 +0000 2024,1823088534644764832,exact,Σωστότατος είσαι Κουρέτα ! Μπράβο που δεν θες γλέντια και χαβαλέδες όταν καίγεται και υποφέρει ο κόσμος ! Η Παναγιά μαζί σου !  https://t.co/8DlRgol9pQ,0,0
Mon Aug 12 20:05:43 +0000 2024,1823088496426504550,exact,@user Εξακολουθείς να βρίζεις και τώρα προχώρησες και σε απειλές. Πάντα ΑΝΩΝΥΜΑ και χωρίς να φαίνονται τα μούτρα σου. Να είσαι σίγουρος ότι αν έμενα Αθήνα δεν θα είχα χρόνο να γράφω στο x. Θα ήμουν στην φωτιά.,0,0
Mon Aug 12 20:05:32 +0000 2024,1823088449819451745,exact,"Ξέσπασε σε υψόμετρο 1.600μ.. Καίει ξερά φύλλα κάτω στο έδαφος, και σπάνια τυλίγεται στις φλόγες κάποιο δέντρο. Δεν υπάρχει φόβος για να εισχωρήσουν φλόγες σε κάποιο χωριό, υπάρχουν αντιπυρικές ζώνες.  #πυρκαγιά #φωτια #Κικιλιας #Μητσοτακης #Ορβηλος",2,1
Mon Aug 12 20:05:31 +0000 2024,1823088446325596403,exact,"Πριν από μια ώρα η φωτιά στα Βριλήσσια οπως την έβλεπα από το παράθυρο μου ήταν έτσι, 👇αυτή τη φωτογραφία την ποσταρα και στο φμπ. Τώρα φλόγες δεν φαίνονται αλλά ψιλοφυσαει. Βέβαια εδώ που είμαι ΠΑΝΤΑ φυσάει. Ας ελπίσουμε ότι δεν θα αναζωπυρωθεί https://t.co/HZuPmAF63E",10,0
Mon Aug 12 20:05:21 +0000 2024,1823088403790889123,exact,@user @user Η δε Ιταλία όχι απλά καίγεται Αιματοκυλίστηκε,1,0
Mon Aug 12 20:05:05 +0000 2024,1823088336954855650,exact,"Φωτιά στην Αττική: Δεν έχουμε μέτωπο, αλλά πολλές ενεργές εστίες σε Πεντέλη και Μαραθώνα #ΦΩΤΙΑ_ΤΩΡΑ #ΦΩΤΙΑ_ΑΤΤΙΚΗ https://t.co/i86gPQyr4Q",0,0
Mon Aug 12 20:05:01 +0000 2024,1823088321519570997,exact,Καταγγέλουν τα κοράκια αλλά δεν μας λένε αφού έχουν τις λύσεις γιατί επι των ημερών τους κάηκαν τόσοι άνθρωποι; Γιατί δεν μας λένε τι θα έκαναν σήμερα διαφορετικό; Θα αμολούσαν  κλανιες να σβήσει η φωτιά; Άι σιχτιρ πια. https://t.co/xKUDUNnC04,1,0
Mon Aug 12 20:04:35 +0000 2024,1823088209699446892,exact,@user Φύγε ρε αλήτη εδώ. Καίγεται η Ελλάδα και εσύ λες άλλα..,0,0
Mon Aug 12 20:04:19 +0000 2024,1823088145929580727,exact,@user Σβήνει η φωτιά άχρηστοι όλοι.  δε σβήνει η φωτιά σκουπίδια και άχρηστοι όλοι.  Συνεχίστε μλκς και ο Κουλης θα πάει άλλα 10 χρόνια.,1,0
Mon Aug 12 20:04:17 +0000 2024,1823088135779021306,exact,ΑΔΜΗΕ: Από τη φωτιά στη ΒΑ Αττική έχουν επηρεαστεί σημαντικά κυκλώματα υπερυψηλής τάσης #moneyreview https://t.co/Abmn4CRXhj,0,0
Mon Aug 12 20:04:13 +0000 2024,1823088120016904469,exact,Να τετραπλασιαστεί η φωτιά και να πάει όλη σε αυτό το γαμωπλοιο,2,0
Mon Aug 12 20:04:01 +0000 2024,1823088066858483725,exact,Τι περνάνε αυτοί οι άνθρωποι 😔 Οι σκέψεις μας είναι μαζί τους 🙏 Ήρωες 🙏 #φωτιά,8,0
Mon Aug 12 20:03:57 +0000 2024,1823088051930951938,exact,"Στέλνουν βοήθεια Σερβία, Ρουμανία και Τουρκία για τη φωτιά στην Αττική https://t.co/dVDL5GSlDb #OknewsGr μέσω @user",0,0
Mon Aug 12 20:03:42 +0000 2024,1823087987640389809,exact,"@user Σακί με σκατα, αντί να κρύβεσαι στο καταφύγιο επειδή δέχεσαι τουρκική επίθεση, σύρε να βοηθήσεις σε καμία πυρκαγιά ρε μοσχαρι",0,0
Mon Aug 12 20:03:39 +0000 2024,1823087977674719288,exact,@user @user Όντως ηγέτης! Μόνο 40 χιλιόμετρα διένυσε η φωτιά και γύρισε να επιβλέψει το...έργο του. Ντροπή να λέγεστε Έλληνες!,0,0
Mon Aug 12 20:03:36 +0000 2024,1823087965309960254,exact,Όταν το σπίτι μου καεί επειδή έκανα μ@user ή μπήκε φωτιά δίπλα μου οκ το καταλαβαίνω ..... Όταν το σπίτι μου καεί από μια φωτιά 40χιλ μακριά τότε πρέπει να το πληρώσει ο Κικίλιας από την τσέπη του και να κάνει και μεροκάματα μέχρι να το χτισει .,221,43
Mon Aug 12 20:03:36 +0000 2024,1823087964827631772,exact,"@user Τον εξέθεσε ο Ξυπολητας. Είπε στον αέρα ότι με το που έπιασε η φωτιά στο Τρίστρατο ""πήρα τον Υπουργό κι έστειλε 3 ελικόπτερα"". Που στην Νέα Πεντέλη είδαμε ένα κι αυτό έριξε μια κι έφυγε",0,0
Mon Aug 12 20:03:35 +0000 2024,1823087957693124964,exact,@user Μην συντονίζετε τόσο πολύ και με τόση επιτυχία τις επιχειρήσεις γιατί η φωτιά θα φτάσει στο Κολωνάκι σε λίγο.,0,0
Mon Aug 12 20:03:17 +0000 2024,1823087884439584981,exact,Εν τω μεταξύ θέλουμε εκατομμύρια επισκέπτες και ρεκόρ τουρισμού κάθε χρόνο και δεν μπορούμε καν να τους δεσμευτούμε ότι δεν θα καεί η Ακρόπολη ξέρω γω  #Φωτια_τωρα #φωτια #φωτιατωρα #φωτια_πεντελη #φωτιες,5,3
Mon Aug 12 20:03:12 +0000 2024,1823087861861650570,exact,Πάντως εγώ άναψα ένα σπίρτο και με έσπασε στο ξύλο. Μωρ' καλά τα λένε ότι είναι επιθετικές οι φωτιές. #Πυρκαγια #φωτια #Πεντελη,4,1
Mon Aug 12 20:03:10 +0000 2024,1823087855079461324,exact,@user @user Επειδη κανω δουλειες κηφισια αν παρει πχ φωτια  ο κοκκιναρας ή το αλσος κεφαλαριου χωρις επαγγελματικα οχηματα πυροσβεστικης με αυτα πουχουν οι εθελοντες δουλεια δεν γινεται. Δεν συζητω καν για Εκαλη πουναι κανονικοτατο δασος,2,0
Mon Aug 12 20:03:10 +0000 2024,1823087854769062153,exact,@user @user Μπράβο στον δήμαρχο @user για την ανθρωπιά του.👏👏Κυβέρνηση κ περιφέρεια αγνοούνται .. #Φωτια_τωρα,5,1
Mon Aug 12 20:03:08 +0000 2024,1823087845281816835,exact,Να μπει η φωτιά στο Σύνταγμα Μάρθα? Ξύπνα ορνιο  #ΝΔ #Πυρκαγιες https://t.co/P7BwggY5XL,0,0
Mon Aug 12 20:03:07 +0000 2024,1823087843884830794,exact,"@user Για αυτό δεν το ακούς: ""Η φωτιά, καίει ξερά φύλλα κάτω στο έδαφος, και σπάνια βλέπουμε να τυλίγεται στις φλόγες κάποιος δέντρο. Δεν υπάρχει φόβος για να εισχωρήσουν φλόγες σε κάποιο χωριό, αφού έχουμε δημιουργήσει και αντιπυρικές ζώνες."" Ξέσπασε σε υψόμετρο 1.600μ.",0,0
Mon Aug 12 20:03:03 +0000 2024,1823087826873016427,exact,25 μέρες καίγεται το βουνό στις Σέρρες. Τέλεια τα πάει  ο Κικίλιας για το κουλοσκυλο.,12,1
Mon Aug 12 20:03:01 +0000 2024,1823087815917228353,exact,@user Φίλε Στάθη ποτέ δεν θα μπορεί να είναι έτοιμος ο κρατικός μηχανισμός. Σε καμία χώρα οχι μόνο εδώ. Δεν μπορείς να νικήσεις αυτό το πράγμα. Δεν μιλάμε για τη φωτιά μόνο αλλά τη συντήρηση της. Εκεί που περιορίζεις το ένα μέρος βγαίνουν αλλά 5,6,0
Mon Aug 12 20:02:59 +0000 2024,1823087808174764475,exact,"@user Με ταγκ στην αστυνομία. Δεν ξέρω αν σας είναι αρκετά αξιοπρεπές ή αν δε σας κα τον και επώνυμες καταγγελίες με φωτογραφίες δραστών. Πείτε μου για το κακό στη χώρα, που έχουν πετάξει από τη χαρά τους ορισμένοι που καίγεται https://t.co/CzzguMuyKA",1,0
Mon Aug 12 20:02:47 +0000 2024,1823087759961276454,exact,@user 2 ερωτήματα: 1. Υπάρχει παλαιστινιακό κράτος; 2. Πώς θα βοηθήσει; Θα ρίξει η Χαμάς τα εκρηκτικά στη φωτιά για γίνει έκρηξη και να της στερήσει το οξυγόνο;,34,1
Mon Aug 12 20:02:45 +0000 2024,1823087750628671809,exact,@user @user Και τι είναι ρε φίλε τα στήθη του; Στέρνες γάλακτος και θα σβήσει τη φωτιά;,0,0
Mon Aug 12 20:02:41 +0000 2024,1823087730856718797,exact,Έκτακτη νεότερη ενημέρωση για την πυρκαγιά στο Βαρνάβα Αττικής πραγματοποίησε ο Εκπρόσωπος Τύπου του Πυροσβεστικού Σώματος: https://t.co/VT27ezAwem https://t.co/7DV7ZoP9eA,57,20
Mon Aug 12 20:02:38 +0000 2024,1823087720001868264,exact,"Φωτιά στην Αττική: Νέες ενισχύσεις από Σερβία, Ρουμανία και Τουρκία https://t.co/6gWdY54Mki",0,0
Mon Aug 12 20:02:35 +0000 2024,1823087706823401645,exact,"@user γλίτωσε, αλλά δεν ξέρω αν έχεις πάει, είναι απίστευτο να έχει φτάσει εκεί η φωτιά",0,0
Mon Aug 12 20:02:30 +0000 2024,1823087685151469919,exact,"Στον Βρανά και τον Ερυθρό στην περιοχή του Μαραθώνα παρακαλάει ο κόσμος απο το μεσημέρι την ΠΥ να σβήσει την φωτιά που καίει. Καμία ανταπόκριση, μόνο αγωνία.",3,0
Mon Aug 12 20:02:29 +0000 2024,1823087680667734350,exact,"@user Σύνταγμα-Πεντέλη=15, 5 χιλ. Σύνταγμα-Βριλλήσια=11.4 Άρα αν μιλάμε για Πεντέλη είναι σαν να είναι η φωτιά στη Θέρμη και αν μιλάμε για βριλλήσια αντίστοιχα λιγο πάνω απο το Πανόραμα.",1,0
Mon Aug 12 20:02:20 +0000 2024,1823087643002822726,exact,Η ουσία της όλης κατάστασης #πυρκαγιά,2,0
Mon Aug 12 20:02:16 +0000 2024,1823087626838040920,exact,@user Καίγεται καποια πρωτεύουσα χώρας?,10,0
Mon Aug 12 20:02:13 +0000 2024,1823087613642690959,exact,12/08/24 - 2η μέρα του πύρινου μετώπου και σύμφωνα με το FIRMS NASA η #φωτιά πλέον απλώνεται σε μια περιοχή περίπου 180 τ. χλμ. Από αύριο το πρωί αυξάνεται πάλι η ένταση του ανέμου. #Βαρνάβας https://t.co/BfdgxFvlHV,3,1
Mon Aug 12 20:02:10 +0000 2024,1823087602355806260,exact,"Σε εμπρησμό οφείλεται η πυρκαγιά που εκδηλώθηκε λίγο πριν από τις 8 το βράδυ σε δύσβατη περιοχή, πίσω από το γήπεδο ποδοσφαίρου της Τερψιθέας. Δύο νεαροί εθεάθησαν «επί το έργον», κυνηγήθηκαν από κατοίκους, αναγνωρίστηκαν και συνελήφθησαν από το Τμήμα Ασφαλείας Γλυφάδας #φωτια https://t.co/GBzIA3p2Y9",22,16
Mon Aug 12 20:02:09 +0000 2024,1823087596882612506,exact,@user Δεν είδες τον χάρτη που καίγεται κατ'αυτούς η Αφρική από άκρη σε άκρη; Για δες το ρτ που έκανα με το χάρτη να δεις τι δικαιολογία βγάλαν.. 🪄🍻,0,0
Mon Aug 12 20:02:07 +0000 2024,1823087588724420673,exact,@user Μυρίζει τη φωτιά όπως ο Σαμαράς τις εκλογές,1,0
Mon Aug 12 20:02:02 +0000 2024,1823087570982408508,exact,Ευτυχώς ημασταν έτοιμοι άλλη μια χρόνια #φωτια #πυρκαγιά,6,1
Mon Aug 12 20:01:59 +0000 2024,1823087555476099133,exact,Φωτιά στην Αττική: Μάχη με τις φλόγες για δεύτερο 24ωρο – Ανυπολόγιστη καταστροφή -  https://t.co/bYqH0THywf https://t.co/4IQ91NpoZM,0,0
Mon Aug 12 20:01:54 +0000 2024,1823087537792929881,exact,Φωτιά και φεγγάρι 😥😥 https://t.co/O67gkXkZH4,0,0
Mon Aug 12 20:01:53 +0000 2024,1823087531174269318,exact,@user Λες να φτάσει η φωτιά μέχρι αύριο Σύνταγμα ?,1,0
Mon Aug 12 20:01:52 +0000 2024,1823087528955805871,exact,@user Μέχρι αύριο η φωτιά θα έχει φτάσει κ στο Σύνταγμα!,0,0
Mon Aug 12 20:01:46 +0000 2024,1823087503114719256,exact,Φωτιά – Παλαιστινιακές ομάδες Πολιτικής Προστασίας έτοιμες να συνδράμουν στην Ελλάδα https://t.co/0zpnhlEPsj https://t.co/nSUqU2kUfl,1,0
Mon Aug 12 20:01:41 +0000 2024,1823087482738557343,exact,"@user Οι Ολυμπιακοί ολοκληρώθηκαν, ξεπέρασέ το. Εδώ ο κόσμος καίγεται και εσύ καταπιάνεσαι με βλακείες. Στο κάτω, κάτω, τι σε νοιάζει; Από εσένα στέρησε μετάλλιο; Έλεος...",0,0
Mon Aug 12 20:01:33 +0000 2024,1823087446113857945,exact,#φωτια #πυρκαγιά την δάμασαν την φωτια . Ξενερωσαν οι αριστεροί,1,0
Mon Aug 12 20:01:25 +0000 2024,1823087414182597005,exact,"Διάσπαρτες εστίες στην Αττική, με τη φωτιά να αφήνει πίσω της καμένα σπίτια στην Πεντέλη https://t.co/4ZceBTzuUH",0,0
Mon Aug 12 20:01:23 +0000 2024,1823087406209462356,exact,"@user Εδώ κάηκε η Εύβοια απο Ευβοϊκό ως Αιγαίο...σα να ξεκινάς από βόρεια Εύβοια να πας Χαλκίδα,που κανεις 2ωρες...εντάξει;και να βλέπεις μόνο φωτιά!φανταστείτε το...",1,0
Mon Aug 12 20:01:15 +0000 2024,1823087373703401726,exact,Τα video της ΝΤΡΟΠΗΣ και της ΞΕΦΤΙΛΑΣ από την μεγάλη φωτιά   Βοήθεια από πουθενά.  Τους beggers δεν τους υπολογίζει κανείς. Κατάντια. https://t.co/8pis4MqX2l via @user,0,0
Mon Aug 12 20:01:15 +0000 2024,1823087372377973169,exact,"Σχεδόν 10 ώρες μετάδοση στο @user. Με σπουδαίους συναδέλφους δημοσιογράφους και τεχνικούς μέσα στη φωτιά. Και ταυτόχρονα την αγωνία για το σπίτι μας στο Π. Χαλανδρίου και στα Βριλήσσια, για τους ανθρώπους μας που ήταν εκεί. Αύριο μια άλλη μέρα, αλλά είμαστε οκ για σήμερα",148,7
Mon Aug 12 20:01:04 +0000 2024,1823087327536656548,exact,μαθαίνουμε λέει ο άλλος από την φωτιά και τα φαινόμενα που επικρατούν ούτως ώστε να είμαστε ετοιμοπόλεμοι για την επόμενη  καταρχάς δεν έμεινε τίποτα άλλο για να καεί και κατά δεύτερον δεν έμεινε τίποτα άλλο για να καεί  ΓΜΤΣΠ σας για υπεύθυνοι,5,7
Mon Aug 12 20:01:02 +0000 2024,1823087315532538347,exact,Φωτης Κοσμιδης - Καλη Δυναμη σε Εθελοντες και Πυροσβεστες #φωτιά #youtub... https://t.co/tYWnwJuQTo μέσω @user,4,1
Mon Aug 12 20:01:00 +0000 2024,1823087310025507060,exact,"Η φωτιά από το Βαρνάβα στα Μελίσσια,40 περίπου χιλιόμετρα,έφτασε σε πάνω από 24 ώρες. Ούτε 2χιλ την ώρα. Στο Μάτι σε 1 ώρα διάνυσε περίπου 15 χιλ. Και υπάρχουν άνθρωποι που συγκρίνουν τις δύο πυρκαγιές. Και περιμένετε καλύτερες μέρες. Μη φάτε, έχουμε πατσοπόδαρα στο φούρνο.",14,9
Mon Aug 12 20:00:55 +0000 2024,1823087287283974198,exact,Εν τω μεταξύ ήταν απλά απορία γιατί δεν θυμάμαι να κρατάνε τόσες μέρες οι φωτιές ούτε να καίγεται η Αθήνα 2 φορές το χρόνο..   Αλλά βγάλε άκρη με τα γουφ..,1,0
Mon Aug 12 20:00:52 +0000 2024,1823087274625483145,exact,Ελπίζουμε οι κάτοικοι Παλαιού Φαλήρου  να έχουν καθαρίσει τα οικόπεδα τους απο τα ξερόχορτα μήπως και καταφέρει  να σβήσει η φωτιά μόνη της στην θάλασσα. 🤡 #ενα_μπουρδέλο_είμαστε   #φωτιά #Χαλανδρι #Πεντελη https://t.co/Os7lJupLBu,12,3
Mon Aug 12 20:00:45 +0000 2024,1823087244313231604,exact,Αναρχικό σκουλήκι που το ψάχνει η ασφάλεια για τη φωτιά στο Αστεροσκοπείο είναι. Άρχισε να σβήνεις επαφές από το τηλέφωνό...,1,0
Mon Aug 12 20:00:30 +0000 2024,1823087182686347733,exact,@user Μπράβο για την προσπάθεια σου! Το γεγονός ότι πέρασε η φωτιά σε αστικό ιστό.....είναι τεράστιο λάθος!!!,1,0
Mon Aug 12 20:00:22 +0000 2024,1823087150012957092,exact,Φωτιά στην Αττική: Σώθηκε τελευταία στιγμή το Αστεροσκοπείο Πεντέλης (Βίντεο)  #φωτια #Αττικη  https://t.co/gjQmSITzvp,2,0
Mon Aug 12 20:00:08 +0000 2024,1823087092102271433,exact,Φωτιά στην Αττική: Από την πυρκαγιά του 2009 στο χάος του 2024 https://t.co/5nemxOfawq #olympia,1,3
Mon Aug 12 20:00:05 +0000 2024,1823087079003128051,exact,"Φωτιά στο Χαλάνδρι εγραφε, στη Χαλκιδική διάβασα 😨",1,0
Mon Aug 12 20:00:01 +0000 2024,1823087059751387628,exact,Φωτιά στην Αττική: Ποιες περιοχές έχουν επιβαρυνθεί πιο πολύ από τους καπνούς και τις στάχτες  https://t.co/qfXNzXTc4y,0,0
Mon Aug 12 19:59:12 +0000 2024,1823086856566616443,exact,Συνελήφθησαν οι νεαροί που έβαλαν τη φωτιά στη Γλυφάδα #φωτια #φωτιες #πυρκαγια #πυρκαγιες https://t.co/UIoMz6w0K2,45,17
Mon Aug 12 19:59:07 +0000 2024,1823086834227757237,exact,"@user Αντε βλε βλακα, κάθε χρόνο λένε του χρόνου θα είναι έτοιμοι κ κάθε χρόνο καίγεται η χώρα... Τα canadair τα πήρε σπίτι του??",0,0
Mon Aug 12 19:59:06 +0000 2024,1823086832948498714,exact,"@user @user @user Αγαπητέ εάν υπήρχε το μοντέρνο δυναμικό, εάν δεν υπήρχαν τα 4.500 οργανικα κενά στην ΠΥ, αυτη η φωτιά δεν θα έφτανε νι γίνει αυτό που έγινε. Μέσα σε πολύ μικρό χρονικό διάστημα θα ειχε σβήσει, από επίγειες δυνάμεις και μόνο.",0,0
Mon Aug 12 19:59:03 +0000 2024,1823086817186320494,exact,@user Καίγεται η περιοχή μου και όλες οι γύρω και με κρατάνε μέσα στο στρατοπεδο άλλου νόμου που υπηρετώ και ως επι το πλείστον όλη μέρα φτιάχνω τριάδες κάτω από τον ηλιο και βαράω προσοχές. Λίγη προτεραιοποιηση αναγκών δε βλάπτει.. προφανώς πρέπει να μάθω να τελειοποιώ τριάδες.,0,0
Mon Aug 12 19:58:49 +0000 2024,1823086760110469397,exact,"Τα «41% θέλατε», «Κούλη θέλατε», «καλά να πάθετε» είναι το τέλειο άλλοθι προκειμένου να μην έχεις ΚΑΜΙΑ δράση όταν ο λαός καίγεται... Ντάξει παιδιά καταλάβαμε ο συσχετισμός είναι αρνητικός αλλά η διαπίστωση δε σβήνει τις φωτιές ούτε ριζοσπαστικοποιεί. #φωτια #Πεντελη #Πυρκαγιες",16,2
Mon Aug 12 19:58:46 +0000 2024,1823086746659156150,exact,@user Μα για αυτό καίγεται η Ελλάδα.  Διχασμένοι έκτοτε ποτέ δεν αποκτήσαμε ενότητα. Και άρα θα είμαστε έρμαιο του καθενός.  Κουφιοι κενοί οπαδοί ιδεολογιών.  Καμία λογική στο μικρό τους κεφάλι παρά μόνο το οπαδιλίκι τους.  Έχουμε τελειώσει αγαπητέ,5,0
Mon Aug 12 19:58:46 +0000 2024,1823086745644073035,exact,@user Ότι η Αθήνα είναι 6εκ δεν το έχετε σκεφτεί χωρίς υποδομές και διαφυγή και όλα αυτά με μια πυρκαγιά αν ήταν χειμώνας θα είχαμε νεκρούς παντού επειδή επικρατούσε πανικός ; Η Αθήνα θέλει εθνικό σχέδιο για το πόσο όγκο μπορεί να σηκώσει από κει κ πέρα ψηφίζεις όσους θα στο προσφέρουν,0,0
Mon Aug 12 19:58:42 +0000 2024,1823086731677040907,exact,@user Και άφησαν την φωτιά να ξεφύγει ΚΑΙ είναι άχρηστοι. Γκεγκε κομματόσκυλο;,1,0
Mon Aug 12 19:58:42 +0000 2024,1823086728770445744,exact,Αναζωπύρωση και στο #Γραμματικο  – Σκληρή μάχη δίνουν 100 #πυροσβέστες στην περιοχή του Άνω Σουλίου https://t.co/mn3S4QXWm0 via @user,1,0
Mon Aug 12 19:58:37 +0000 2024,1823086707664724451,exact,αύριο το πρωί κήρυξη αναδασωτέων εκτάσεων  άμεσα αύριο το πρωί  θα γίνει η καταπάτηση του αιώνα  #φωτιά,10,5
Mon Aug 12 19:58:27 +0000 2024,1823086669144494241,exact,@user Εδώ ο κόσμος καίγεται και το…..,0,0
Mon Aug 12 19:58:25 +0000 2024,1823086661011472840,exact,Συνελήφθησαν οι νεαροί που έβαλαν τη φωτιά στη Γλυφάδα | https://t.co/S18PpKysLu #φωτια #φωτιες #πυρκαγια #πυρκαγιες https://t.co/0JPNcqa2Mf,75,26
Mon Aug 12 19:58:10 +0000 2024,1823086595202855227,exact,"Το #rescEU πρέπει να βελτιωθεί πολύ σε μέγεθος δυνάμεων και σε ταχύτητα αντίδρασης. Πρέπει να μπορεί να λειτουργεί με αίσθηση επείγοντος. Εχθές, όταν ήρθε ο Κυριάκος Αθήνα, ταυτόχρονα θα έπρεπε να είχαν έρθει μεγάλες ενισχύσεις από το #rescEU, ώστε να μην επεκτεινόταν η πυρκαγιά.",9,1
Mon Aug 12 19:58:01 +0000 2024,1823086559773524354,exact,"Έτσι που το πάει το πράμα ο Κικίλιας, η φωτιά θα σβήσει στα Γαϊδουρονήσια",5,1
Mon Aug 12 19:58:00 +0000 2024,1823086553973035221,exact,Κάηκε στην Πεντέλη το σπίτι αυτού που κατηγορήθηκε για την φωτιά στο Μάτι.,0,0
Mon Aug 12 19:57:59 +0000 2024,1823086549367722287,exact,"@user Άλλο παράδειγμα. Καίγεται το νότιο ημισφαίριο μες το καταχείμωνο.  Αλήθεια σου λέω, άμα βλέπεις πολλά σημαιάκια, τερματικά ηλίθιος.   https://t.co/XJigHX1S5B",0,0
Mon Aug 12 19:57:55 +0000 2024,1823086531625828832,exact,@user @user Σιγά μην υπάρχει. Έχεις ξαναδεί φωτιά  να έχει περάσει τόσες κατοικημένες περιοχές?,0,0
Mon Aug 12 19:57:30 +0000 2024,1823086427204096455,exact,"Το λές και ""κάρμα"". #φωτιά #Πεντέλη #Μάτι https://t.co/nnE0TvJ2mH",1,0
Mon Aug 12 19:57:19 +0000 2024,1823086382014943443,exact,"Δεν είναι η ανικανότητα της κυβέρνησης μονο, ειναι και η ανικανότητα της κοινωνιας ξυπνήστε λίγο. #φωτιά #Πυρκαγιες",2,0
Mon Aug 12 19:57:18 +0000 2024,1823086376973119873,exact,"Πρόκειται περί παρατραγουδων κανονικών   Αντί να μυρίζεις τα νύχια σου εντατικά για να βρεις εμπρηστη, διάβασε λίγο μαθηματικά ότι όταν καίει μια φωτιά σε νόμο που είναι στο κοκκινο στατιστικά κάπου θα ξεσπασει και άλλη",6,0
Mon Aug 12 19:57:12 +0000 2024,1823086351287193769,exact,@user Είναι γνωστό... Οι εμπρηστές βάζουν φωτιά με το διαβατήριο στο. Στόμα... Ρε γιδια,0,0
Mon Aug 12 19:57:11 +0000 2024,1823086347474633046,exact,ΑΔΜΗΕ για τη φωτιά ΤΩΡΑ στην Αττική: Έχουν επηρεαστεί γραμμές μεταφοράς https://t.co/O2mOXGAt1w,0,0
Mon Aug 12 19:57:07 +0000 2024,1823086333000302659,exact,"Δήμαρχος Γλυφάδας: «Από ανθρώπινο χέρι η φωτιά στην Τερψιθέα, ξέρουμε ποιοι είναι» https://t.co/Ijva6lavVV #pontosnews",3,3
Mon Aug 12 19:57:02 +0000 2024,1823086312200573119,exact,@user Με Σόιμπλε θα είχε σβήσει η φωτιά απ τον φόβο της,0,0
Mon Aug 12 19:56:44 +0000 2024,1823086233880309976,exact,Φωτιά στην Αττική: Μάχη με τις φλόγες για δεύτερο 24ωρο – Ανυπολόγιστη καταστροφή -  https://t.co/pGl8bOhUnE https://t.co/YOSQDIl8zJ,0,0
Mon Aug 12 19:56:31 +0000 2024,1823086180402905128,exact,@user @user Αν είναι Clacton-on-Sea μάλλον πέταξε ο Φάρεϊτζ τη γόπα του κι έπιασαν φωτιά κάτι ακροδεξιά κούτσουρα.,2,0
Mon Aug 12 19:56:18 +0000 2024,1823086124748947552,exact,"@user Όταν πάλι καίγεται όλη η Αττική και η έγνοια σου είναι να γλείψεις τον κώλο του Μητσοτάκη, δεν είσαι άρρωστος, είσαι απλά ηλίθιος.",3,0
Mon Aug 12 19:56:15 +0000 2024,1823086112065135099,exact,@user Σε σπίτι φίλης στην Σαλαμίνα είδα ένα τεράστιο  πεύκο.Της λέω είναι επικίνδυνο για πυρκαγιά αλλά σε αυτήν άρεσε ...Ε φέτος έπιασε φωτιά  στην περιοχή της δεν ξέρω τι έγινε .,5,0
Mon Aug 12 19:56:12 +0000 2024,1823086103349383503,exact,"Την Αττική δν τη συμπάθησα ποτέ, ζω αναγκαστικά εκεί λόγω εργασίας. Αλλά κάθε φορά που καίγεται νιώθω να ματώνει η καρδιά μου για όλα αυτά τα δάση, όλα αυτά τα ζώα, όλα αυτά τα σπίτια και όλους τους ανθρώπους που βλέπουν την κόλαση μπροστά τους #Φωτια_τωρα",0,0
Mon Aug 12 19:55:50 +0000 2024,1823086009229431107,exact,"@user Αν ήθελε να κάνει το καλό, σίγουρα. Δεν υπάρχει βούληση. Αδυνατώ να πιστέψω ότι είναι τόσο άχρηστοι. Μα τόσα χρόνια μια αντιπυρική σε Βαρνάβα, Γραμματικό, Σταμάτα ? Ένα σχέδιο να σταματάνε τη φωτιά στην Διονύσου? Παλιά με λιγότερα μέσα τις σβηνανε. Στο ίδια μέρη",0,0
Mon Aug 12 19:55:45 +0000 2024,1823085990103461920,exact,@user Τι άλλο να κάνει ο άνθρωπος δεν είδατε πως την άγριο κοίταξε τη φωτιά ;,0,0
Mon Aug 12 19:55:42 +0000 2024,1823085973741228342,exact,"@user Ρε καραγκιόζη στοχεύεις ένα άνθρωπο σε ανοιχτό χώρο ότι έβαλε φωτιά και φεύγει, θες να μου δείξεις τη φωτιά ή τον καπνό ή το μουνι της μάνας σου;  Μαλακα ε μαλακα",4,0
Mon Aug 12 19:55:38 +0000 2024,1823085959677718958,exact,#Φωτια_τωρα #φωτια  Εδώ δεν μπορείτε να σβήσετε μια φωτιά που έφτασε μέχρι και το  κέντρο της Αθήνας   και Θες να πολεμήσεις και τους Τούρκους   Μεγάλε υπερδυναμε  #Μητσοτακης,9,1
Mon Aug 12 19:55:29 +0000 2024,1823085921995981005,exact,"@user @user @user Δηλαδή, δεν πετάμε με τις μάνικες καλά το νερό οι πυροσβέστες ή μήπως δεν βρίσκουν στοχο οι πιλότοι; Αγαπητέ έτσι και ανάψει η φωτιά και ειδικά με τόσο αερα ασ' το να πάει στα διαλα. Το θέμα είναι από πλευράς πρόληψης τι γίνεται; 0 (μηδέν ολογράφως) εις το πηλίκον",1,0
Mon Aug 12 19:55:15 +0000 2024,1823085861338243560,exact,"Δώσε μου την φωτιά σου. Να κάψουμε ένα τσιγαρακι,στην μοναξιά.",12,16
Mon Aug 12 19:55:04 +0000 2024,1823085814596735446,exact,"ξήλωμα όλη η ιεραρχία της πολιτικής προστασίας, πυροσβεστική κτλ  μπροστά στα μάτια μας, μέσα στην Αττική με όλα τα υπουργεία και τα αρχηγεία η φωτιά περπάτησε από το Βαρνάβα και το Μαραθώνα μέχρι την Κλεισθένους στο Γέρακα κατακαίοντας την Πεντέλη, τι άλλο να πούμε;  #φωτιά",3,4
Mon Aug 12 19:54:46 +0000 2024,1823085741120905698,exact,"@user Εδώ πάλι από την πλατεία Δροσιάς, η πίσω πλευρά της Πεντέλης, φαίνονται φλόγες (!) από την φωτιά στην Νέα Πεντέλη και πέρα https://t.co/OGUhVP24Nb",0,0
Mon Aug 12 19:54:43 +0000 2024,1823085729062289564,exact,"Ευθύνες για την τραγωδία που ζούμε με τις πυρκαγιές δεν έχει μόνο η κυβέρνηση Μητσοτάκη, αλλά και ο λαός που την ψήφισε με 41% #φωτιά",7,0
Mon Aug 12 19:54:41 +0000 2024,1823085721395040471,exact,"@user @user Δεν είναι Γιάννης, είναι Γιαννάκης. Αλλά οκ, θέλετε να αναδιατυπώσω; Συγχαρητήρια που ολοκληρώσατε με απόλυτη ασφάλεια την εκκένωση ενός νοσοκομείου μέσα στον αστικό ιστό επειδή κινδύνευσαν οι ασθενείς λόγω δύσπνοιας από τη φωτιάς που ξέσπασε από χθες στον Βαρνάβα. 🤝",0,0
Mon Aug 12 19:54:40 +0000 2024,1823085715074191604,exact,Φωτιά στην Γλυφάδα πάνω από το γήπεδο της Τερψιθέας την κατέγραψε στην εκδήλωση της η κάμερα μας από την Αργυρούπολη και σπεύδουμε να βοηθήσουμε.  Ένα μεγάλο ευχαριστώ στους εθελοντές μας που θυσίασαν διακοπές και παραλίες για να είναι εδώ και να φυλάνε 24ωρες το 24ωρο Θερμοπύλες https://t.co/QKMyQwijFN,35,9
Mon Aug 12 19:54:36 +0000 2024,1823085698821530024,exact,@user Αντε γαμηθειτε ρε με την παραπληροφόρηση την φωτιά έσβηνε,2,0
Mon Aug 12 19:54:32 +0000 2024,1823085682555781614,exact,"@user Μαύρη προπαγάνδα. Μονοι και αβοήθητοι οι κάτοικοι . Είναι ασέβεια προς τους πυροσβέστες, που δίνουν τη ζωή τους και θα πρέπει να ντρέπεστε...🤮 #φωτιά #Πυρκαγια https://t.co/8uSJY6JcrI",4,1
Mon Aug 12 19:54:32 +0000 2024,1823085680244756579,exact,Εθελοντές Ρουβίκωνα στην φωτιά.....δεν θα το δείτε πουθενά στα πετσωμενα https://t.co/RBwEff5p0t,1092,308
Mon Aug 12 19:54:30 +0000 2024,1823085673458413928,exact,"Έλεος ρ μλκες εκεί στον ΣΚΑΙ....  Βλέπουμε την φωτιά όλη μέρα, βάλτε κάτι άλλο να ξεχαστεί ο κόσμος.  #poweroflovegr https://t.co/umB5FpNwhl",146,5
Mon Aug 12 19:54:30 +0000 2024,1823085671692501500,exact,"@user Η λύση είναι μία κι αυτή είναι η... (δικό σας). 'Οποιος γενετικά ηλίθιος πιστεύει ότι η απόλυτη τυραννία της μειοψηφίας θα πέσει με την... ψήφο, του αξίζει μόνο ψόφος. ""Φωτιά και τσεκούρι στους προσκυνημένους"". Καθίστε και κοιτάτε τους. Και μην ξεχνάς.Πληρωμή μόνο με κάρτα παντού",1,0
Mon Aug 12 19:54:29 +0000 2024,1823085669410918499,exact,@user @user 146. Ξέχασες τη φωτιά στα μπατζάκια σου.,1,0
Mon Aug 12 19:54:22 +0000 2024,1823085639191114104,exact,@user Άσε τα κομματικά ρε βλάκα κ εσυ! Εδώ καίγεται ο τόπος και βρήκες να πεις εσυ για τον Πυρρο που τουλάχιστον πρόσφερε κάτι σε εμάς σαν λαό !χαμογελα ! Αν σε καεί τόσο πολύ να σχολιάσεις κάτι άνοιξε το παράθυρο σου κ δες τι γίνεται έξω ! Η μπορείς να δεις κ τον καθρέφτη σου!,3,0
Mon Aug 12 19:54:05 +0000 2024,1823085569984889209,exact,Ολονύχτια μάχη με τις φλόγες στην Αττική #Αττική #πυρκαγιά   https://t.co/948ilZuEUg,0,0
Mon Aug 12 19:53:56 +0000 2024,1823085529946054682,exact,"Ο Διαχειριστής βρίσκεται σε συνεχή επικοινωνία με την Πυροσβεστική Υπηρεσία για την κατάσβεση εστιών σε περιοχές όπου διέρχονται γραμμές μεταφοράς, προκειμένου να επανέλθουν το συντομότερο σε λειτουργία https://t.co/bewzAjJTDC",0,0
Mon Aug 12 19:53:55 +0000 2024,1823085528499253334,exact,"@user Όταν έγραφα το τουητ έβλεπα κυρίως Άλφα και ΑΝΤ1. Εκεί δεν ειπώθηκε ποτέ τίποτα, ενώ αντιθέτως έλεγαν κάθε λίγο και λιγάκι ότι κοντεύει μια μέρα η φωτιά στην Αθήνα, με ολοένα πιο δραματικό τόνο 🤮🤮🤮",2,0
Mon Aug 12 19:53:53 +0000 2024,1823085517086290316,exact,"Γαβ ,γαβ, τα μπλέ, πράσινα , ροζ , κόκκινα τσοπανόσκυλα , μπεεε και τα αντίστοιχων χρωμάτων πρόβατα. Εδώ έρχεται και κουμπώνει ακριβώς η παροιμία: ΕΔΏ Ο ΚΌΣΜΟΣ ΚΑΊΓΕΤΑΙ ΚΑΙ ΤΟ Μ...Ί ΧΤΈΝΙΖΕΤΑΙ!!!🏴🏴🏴",2,0
Mon Aug 12 19:53:44 +0000 2024,1823085481309122564,exact,@user Περιμένω να δω ποιος είναι! Είναι του ΣΥΡΙΖΑ όπως λες η όχι; Γτ είστε κολλημένοι οι μεν κ οι δε .. όποτε ειναι κυβέρνηση ο ένας λέει η αντιπολίτευση έβαλε φωτιά ότι ναναι.. περιμένω να δω όπως λες ότι είναι ΣΥΡΙΖΑ αυτός,3,0
Mon Aug 12 19:53:42 +0000 2024,1823085470626283978,exact,"@user Ένα, θα σε βάζαμε μέσα και θα σε πετάγαμε στη φωτιά. Ο στόκος σβήνει τη φωτιά.",1,0
Mon Aug 12 19:53:23 +0000 2024,1823085392473497962,exact,"🔥 #Φωτιά στην #Αττική: Στέλνουν βοήθεια Σερβία, Ρουμανία και #Τουρκία https://t.co/Jux5bxIiM6  #Flashnews",1,1
Mon Aug 12 19:53:20 +0000 2024,1823085380918260095,exact,Στο ΠΑΛΑΙ Γαλατσιου ανάγκη για crates @user  #φωτια #πυρκαγιά #Βαρναβα #Πεντελη #Πατημα_Χαλανδριου https://t.co/7vHBIbrlMO,4,5
Mon Aug 12 19:53:01 +0000 2024,1823085299989139786,exact,"Ένα μεγάλο μπράβο στους ένστολους και όλους όσοι βοήθησαν να σβήσει η φωτιά. Ο συντονισμός απέδωσε αν και λόγω του ότι εχθές η εκδήλωση έγινε αργά, το βράδυ και οι άνεμοι της έδωσαν απίστευτες διαστάσεις. Σας είμαστε ευγνώμονες https://t.co/BBsI8ckTHN",1,0
Mon Aug 12 19:53:01 +0000 2024,1823085298617884760,exact,@user @user Ακριβώς αυτό είπα γέλια πράγματα από γελοίους ανθρώπους έχω έναν κόμπο καί μια μεγάλη στενοχώρια..... καίγεται ό κόσμος καί κανένα από τα σπίτια των πολιτών... Είμαστε άξιοι για αυτούς που νομίζαμε ότι θά μας προστατέψουν......,1,0
Mon Aug 12 19:53:01 +0000 2024,1823085298487644191,exact,"""Εντοπίστηκαν, τους κυνηγήσαν, έχουμε τα πλήρη στοιχεία τους και είναι θέμα χρόνου η σύλληψή τους», είπε ο δημαρχος Γλυφαδας κ.Παπανικολάου.  Φωτιά στην Τερψιθέα Γλυφάδας: Θέμα χρόνου η σύλληψη των δύο εμπρηστών λέει ο δήμαρχος https://t.co/QJep9XeQjj",24,10
Mon Aug 12 19:53:00 +0000 2024,1823085296801521847,exact,@user Προφανώς αυτοί που άφησαν υποστελεχομένη την πυροσβεστική.,0,0
Mon Aug 12 19:52:54 +0000 2024,1823085270801031347,exact,Μυρίζει για να καταλάβει από που έρχεται η φωτιά!,0,0
Mon Aug 12 19:52:49 +0000 2024,1823085249376506143,exact,Η Ακρόπολη τυλιγμένη στους καπνούς από τη μεγάλη φωτιά σε δημοσίευμα του CNNi - https://t.co/mhHYiLGihA,0,0
Mon Aug 12 19:52:42 +0000 2024,1823085221530526205,exact,MΗ ΤΣΟ ΤΑ ΚΑ ΡΟΣ!   Μονο! Αυτος σας αξιζει!   #πυρκαγια #πυρκαγιά #πυρκαγιές #φωτια,2,1
Mon Aug 12 19:52:41 +0000 2024,1823085218091180039,exact,@user @user Αυτό. Δεν είχαμε καμία πυρκαγιά που να αναφέρθηκε στις ειδήσεις ως κρίσιμη.,1,0
Mon Aug 12 19:52:40 +0000 2024,1823085212655403055,exact,"@user Βάζει λίγο αέρα κ αντί να χαιρόμαστε που μπορεί να δροσίσει λίγο, φοβάσαι πού θα πιάσει φωτιά. Συνέχεια στον φόβο.",1,0
Mon Aug 12 19:52:14 +0000 2024,1823085103284715949,exact,Πιστεύετε στο  ΚΑΡΜΑ ??? Μόλις μάθαμε στις ειδήσεις ότι  Κάηκε το σπίτι εκείνου που ξεκίνησε η φωτιά το :'18  &amp; κάηκαν ζωντανοί  104  άνθρωποι ζώα περιουσίες κλπ  Συμβάλλοντας μ  επιτυχία κ η τότε Κυβέρνηση με την ασχετοσυνη της https://t.co/MZ0ja8Io6P,4,4
Mon Aug 12 19:51:59 +0000 2024,1823085039392894994,exact,@user Μονο επανάληψη της μεγαλύτερης Εκκένωση μετά από αυτή της Δουνκέρκης και έδεσε το γλυκό,0,0
Mon Aug 12 19:51:59 +0000 2024,1823085038952448243,exact,Έχουμε ο ένας τον άλλον. #φωτια #Πεντελη #Βαρβαβας #Βριλήσσια Πυρκαγιά στη ΒΑ Αττική  Aris Oikonomou/ SOOC https://t.co/bSDm2VIELm,47,16
Mon Aug 12 19:51:56 +0000 2024,1823085028504727995,exact,"Η φωτιά καίει σπίτια και φωνάζουν, καλά να πάθουν οι δεξιοί, τι σκατόψυχοι μαλάκες είστε μωρέ",3,0
Mon Aug 12 19:51:54 +0000 2024,1823085017557524595,exact,"@user Οι φαντάροι δεν είναι πυροσβέστες. Η φωτιά θέλει εξιδεικευμένο εξοπλισμό  Απλά αν θυμάστε ο αλήτης, 2 χρόνια πριν είχε βάλει την αστυνομία να σαπίσει στο ξύλο τους πυροσβέτες...",10,0
Mon Aug 12 19:51:52 +0000 2024,1823085011702038714,exact,"@user τώρα που η χώρα  καίγεται, βυθίζεται στην φτώχεια και την εξαθλίωση,παρακολουθείτε από την ΕΥΠ, η δημόσια υγεία παρακμάζει και η δημόσια παιδεία βρικολακιαζει, καταλαβαίνεις γιατί πρέπει να φτιάξουμε ένα κοινό όραμα αξιοπρέπειας για την Ελλάδα και τους ανθρώπους της;",1,1
Mon Aug 12 19:51:42 +0000 2024,1823084969759056088,exact,"εχουμε φτασει στο αμην ,ξεκατινιαζομαστε στα σοσιαλ για την ιμαν, για τους ολυμπιακους, για τους γκευ, για τους λοατκι, για το κρεβατι του κασελ , για οτιδηποτε ασημαντο αλλα για τα σοβαρα, κουβεντα, ""δεν υπαρχει αλλος"", ε καλα να παθουμε τοτε #φωτια",4,1
Mon Aug 12 19:51:41 +0000 2024,1823084963505332701,exact,@user ρε βλαμενο μενω στα α.πατησια και ακουω οτι η φωτια ειναι στο Χαλανδρι αυτο εχει κατεβει απο Πεντελη,1,0
Mon Aug 12 19:51:40 +0000 2024,1823084959340634542,exact,@user ΘΑ ΠΡΕΠΕΙ ΠΡΩΤΙΣΤΟΣ ΝΑ ΓΝΩΡΙΖΕΙΣ ΤΟ ΠΟΣΟ ΣΗΜΑΝΤΙΚΟ ΕΙΝΑΙ ΤΟ ΠΟΙΟΣ ΚΡΑΤΑ ΤΗ ΣΗΜΑΙΑ Κ ΠΟΥ ΤΗ ΠΑΡΑΔΙΔΕΙ.ΠΑΜΕ ΠΑΛΙ.ΕΝΑ ΠΕΡΙΕΡΓΟ ΑΝΘΡΩΠΑΚΙ ΜΕΣΑ ΣΕ ΚΑΠΝΟΥΣ(η ΕΛΛΑΣ ΚΑΙΓΕΤΑΙ) ΠΑΡΑΔΙΔΕΙ ΤΗΝ ΕΛΛΗΝΙΚΗ ΣΗΜΑΙΑ ΣΤΟ ΧΑΡΟ Κ ΑΥΤΟΣ ΣΕ ΜΙΑ ΚΙΤΡΙΝΗ ΚΑΤΣΑΡΙΔΑ...ΕΙΣΑΙ ΠΟΛΥ ΨΗΛΑ ΠΗΔΑ,0,0
Mon Aug 12 19:51:39 +0000 2024,1823084954714259457,exact,Αριστερά Ουκρανία δεξιά η Αττική. Ελλάδα 2.0  2024 #φωτια https://t.co/1NDIMVEk3U,11,1
Mon Aug 12 19:51:36 +0000 2024,1823084944651845787,exact,"ΜΟΝΟ Ο ΛΑΟΣ ΣΩΖΕΙ ΤΟΝ ΛΑΟ. Με την αλληλεγγύη του, με τους αγώνες του, για ζωή, υγεία, ελευθερία, αξιοπρέπεια. Δύναμη σε πυροσβέστες, εθελοντές. Βοηθάμε με κάθε τρόπο. Ενάντια στην πολιτική κυβέρνησης, κεφαλαίου. #antireport #Βριλήσσια #φωτια #πυρκαγιά #Αττική #Μάτι #Χαλανδρι https://t.co/6fRhSmxFlg",921,215
Mon Aug 12 19:51:33 +0000 2024,1823084931787940079,exact,@user Γεια σου ρε Λάζο ! Καλά τα λες αφού καίγεται η υφήλιος εμείς γιατί να πάμε  πίσω .. ας κάψουμε την Αττική λοιπόν .. έχουμε ακόμα πολλές ανεμογεννήτριες στην αναμονή #φωτια,1,0
Mon Aug 12 19:51:29 +0000 2024,1823084916336218176,exact,Φωτιά στην Αττική: Απόκοσμες εικόνες από τις καταστροφές που έχει αφήσει πίσω της η πύρινη λαίλαπα – ΦΩΤΟ https://t.co/7006VypZXd,4,2
Mon Aug 12 19:51:29 +0000 2024,1823084914943897982,exact,Ολικό μπάχαλο στην πυρκαγιά της Αττικής: Τεράστιες οι κυβερνητικές ευθύνες για τη φωτιά που καίει σχεδόν μέσα στην πόλη (Photos - Video) - Documento https://t.co/XWMHjzdnCQ,6,4
Mon Aug 12 19:51:24 +0000 2024,1823084891333881994,exact,Το πυρηνικό εργοστάσιο υπάρχει ακόμα στα σχέδια; #φωτια,7,2
Mon Aug 12 19:51:21 +0000 2024,1823084879908671788,exact,"@user @user Κ εσείς σκοτώσατε 36χιλ απο τον κοβιτ,57 στα Τέμπη κ άλλους 87 στην πυρκαγιά της Ηλείας με τον...στρατηγό άνεμο, έχετε το θράσος να μιλάτε κ να κουνάτε κ το δάχτυλο ρε καθυστερημένα όντα της δεξιας,άντε κ στο διάολο καίγονται σπίτια,δάση,χιλιάδες ζώα, ηλίθιεέεεεεε",0,0
Mon Aug 12 19:51:18 +0000 2024,1823084867317285008,exact,Φωτιά στην Αττική: Τραυματίστηκε πυροσβέστης – Μεταφέρεται στο νοσοκομείο https://t.co/McPhqQquq5,4,4
Mon Aug 12 19:51:17 +0000 2024,1823084863660146838,exact,"Βαθρακογιάννης για φωτιές στην Αττική: Δεν έχουμε ενιαίο μέτωπο, αλλά πολλές ενεργές εστίες Οι εστίες εντοπίζονται στο όρος Πεντέλη και γύρω από τη Λίμνη του Μαραθώνα. #φωτια",6,3
Mon Aug 12 19:51:14 +0000 2024,1823084850552737988,exact,Το άχρηστοι είναι πολύ λίγο για τους κυβερνώντες. Η Ελλάδα πεθαίνει καίγεται πλημμυρίζει πτωχεύει χάνει εθνικό έδαφος. Διώξτε τους σήμερα!!!,3,3
Mon Aug 12 19:51:14 +0000 2024,1823084849491857813,exact,@user ΟΡΓΗ ΘΕΟΥ ΕΠΙ ΤΟΥΣ ΚΑΤΟΙΚΟΥΝΤΕΣ ΣΤΗΝ ΑΓΙΟΤΟΚΟ ΕΛΛΑΔΑ ΤΗΝ ΟΠΟΙΑ ΕΣΥ ΚΑΙ Ο ΣΥΡΦΕΤΟΣ ΜΟΛΥΝΕΤΕ.  Ο ΑΓ. ΠΑΪΣΙΟΣ ΕΛΕΓΕ ΌΤΙ ΦΩΤΙΑ ΜΕΣΑ ΣΤΟ 15ΓΟΥΣΤΟ ΕΙΝΑΙ ΣΚΑΜΠΙΛΙ ΑΠΟ ΤΗΝ ΠΑΝΑΓΙΑ. ΥΒΡΙΣΑΤΕ ΤΟ ΝΟΜΟΘΕΤΗ ΤΟΥ ΣΥΜΠΑΝΤΟΣ ΜΕ ΤΑ ΝΟΜΟΣΧΕΔΙΑ ΤΗΣ ΑΝΩΜΑΛΙΑΣ. ΚΑΤΑΡΑΜΕΝΟΙ. #φωτιες,1,0
Mon Aug 12 19:51:03 +0000 2024,1823084807032902083,exact,Έχει πάρει φωτιά ο κωλος σας. Καιρός να αρχίσουν οι φάπες.,2,0
Mon Aug 12 19:50:53 +0000 2024,1823084762832965995,exact,"@user @user Βασικά είναι Fire and thermal anomalies, της NASA. Το θέμα είναι πως μπορεί να ήταν και μια φωτιά σε ένα χωράφι που καίγανε κλαριά όταν περνούσε ο δορυφόρος ξέρω γω. Πχ στην γειτονιά σου αν ζουμάρεις καλά θα δεις αυτό. https://t.co/CHTemhFNWJ",2,0
Mon Aug 12 19:50:52 +0000 2024,1823084758479589386,exact,"@user Αν φτάσει η φωτιά Συνταγμα,, θα μας ειδοποιήσετε?????χαχαχα😂😂😂",0,0
Mon Aug 12 19:50:45 +0000 2024,1823084728213221743,exact,@user Εται οπως το λες ειναι λες καο μάθανε οι φωτιές από τα λάθη τους και γίνανε καλύτερες...  Στην πραγματικότητα απλά έχουμε καταστρέψει την πυροσβεστική..,10,0
Mon Aug 12 19:50:44 +0000 2024,1823084725180719420,exact,Φωτιά στην Αττική: Ρεπόρτερ έσωσε σκύλο από την πύρινη κόλαση στη Νέα Πεντέλη (βίντεο) -  https://t.co/80Ojnyr8QL https://t.co/UsMLDOjUHY,0,0
Mon Aug 12 19:50:31 +0000 2024,1823084670466105622,exact,"το # φωτιά είναι για ενημέρωση όχι για να γράφει το κάθε κατακαϊμενο κομματικές προπαγάνδες,ρε πουστη μου δλδ ούτε στη πιο δύσκολη ώρα λίγη αλληλεγγύη κ ενσυναισθηση. μη γράψεις τίποτα το χριστο σου ή μη βάζεις χαςταγκ που αυτή τη στιγμή είναι ζωτικό να έχει ενημέρωσεις.",10,2
Mon Aug 12 19:50:30 +0000 2024,1823084665613492667,exact,Γιατί θα έρθουν όλοι αυτοί από το εξωτερικό για βοήθεια μιας και ηρέμησε η φωτιά; Έχετε σκοπό να κάψετε κάτι άλλο ;,0,0
Mon Aug 12 19:50:29 +0000 2024,1823084662631117120,exact,"Πάντως η κυβέρνηση σας έχει προτείνει δολοφονία με τρένο, δολοφονία από πυρκαγιά δάσους σε Πάρνηθα, Πεντέλη, Εύβοια, Ροδόπη, δολοφονία από πνιγμό, δολοφονία από πανούκλα και όλα αυτά μέσα σε δυο χρόνια.  Γιατί είστε αχάριστοι;  #φωτια #φωτιες #Φωτια_τωρα #πυρκαγιά",57,21
Mon Aug 12 19:50:29 +0000 2024,1823084661599244567,exact,ΜΉΝΥΜΑ ΠΟΛΙΤΙΚΗΣ ΠΡΟΣΤΑΣΊΑΣ...  ΕΚΚΕΝΩΣΤΕ ΤΗ ΧΩΡΑ! ΓΙΑ ΤΗΝ ΑΚΡΙΒΕΙΑ ΕΚΚΕΝΩΣΤΕ ΤΟ ΠΛΑΝΗΤΗ!  #φωτιά #πυρκαγιά https://t.co/v4AlH96iT4,5,1
Mon Aug 12 19:50:24 +0000 2024,1823084640766148910,exact,Φωτιά στην Αττική: Τραυματίστηκε πυροσβέστης – Μεταφέρεται στο νοσοκομείο https://t.co/HnJfNZZemY,0,0
Mon Aug 12 19:50:14 +0000 2024,1823084598965756118,exact,"Κεντρώα ανθρωπιά   Τον γαμας που τον γαμας τον στρατιώτη με πάρεργα   Πασοκ τους έστειλε με λιακάδα κέντρο Κηφισιάς καθάριζαν του παγους, οι μουνιτσες χαχαχα χουχουχου  Αυτοι καίγεται το πελεκουδι, καθάρισε χόρτα στην Πεντέλη, τίγκα στις γριές   Τομάρια 😂",8,1
Mon Aug 12 19:50:14 +0000 2024,1823084598097494175,exact,"@user @user Πες μου ότι δε διάβασες το άρθρο χωρίς να μου το πείς είναι η φάση. Ο τίτλος άκυρος με το περιεχόμενο του. Ο κασελλακης δεν είπε τίποτα. Που να έλεγε ότι τον ενοχλεί η φωτιά που καίει τη χώρα μας. Θα τον έλεγες προδότη, ανθελληνα και ότι πρέπει να καίει το φως της Ελλάδας;",0,0
Mon Aug 12 19:50:13 +0000 2024,1823084596860215722,exact,"Φωτιά Αττική: Στην Αθήνα έφτασαν τα μέλη της ελληνικής Ολυμπιακής αποστολής , ανάμεσα στους οποίους o Μίλτος Τεντόγλου, και ο Εμμανουήλ Καραλής οι οποίοι δεν πίστευαν ό,τι συμβαίνει στην Αττική με τη φωτιά...   https://t.co/WN4u4Orsjt",0,0
Mon Aug 12 19:49:58 +0000 2024,1823084532289175944,exact,Α ωραία μια τάξη μια αλφαδιά όλα καλά κοιμηθείτε θα στείλει ..... για εκκένωση  #φωτια,2,0
Mon Aug 12 19:49:51 +0000 2024,1823084502991638906,exact,"Στη φωτιά να ρίχνουν να τους πείτε, μη μπερδευτούν και αρχίσουν και ρίχνουν στους πυροσβέστες. #Πυρκαγια https://t.co/O4DkXfqL4p",487,120
Mon Aug 12 19:49:39 +0000 2024,1823084453268205687,exact,"#φωτια #πυρκαγιά οι εμπρηστές να δίνονται για τιμωρία σε όσους κάηκαν Τα σπίτια , αυτοκίνητα , επιχειρήσεις η όσων κινδύνευσαν οι ζωες .",3,0
Mon Aug 12 19:49:37 +0000 2024,1823084446394020152,exact,@user @user Τάσο φύγε από τα rt μου ρε τσατσε που με κυνηγάς σαν την φωτιά τον μπάτσο,1,0
Mon Aug 12 19:49:30 +0000 2024,1823084415058141566,exact,"Ε ναι, γιατί φωτιά χωρίς αποθήκη πυρομαχικών, δεν είναι φωτιά",1,0
Mon Aug 12 19:49:26 +0000 2024,1823084399564657010,exact,Καθαρός εμπρησμος στο Βαρνάβα. Το λένε ίδιοι κάτικοι της περιοχής. Ειναι ντροπή η χώρα να καίγεται για πολιτικές.σκοπιμότητες #Ντροπή_ντροπή_ντροπή. #Μόνο τυχαία δεν ήταν η πυρκαγια. #Ντροπή_ντροπή!!!!,1,1
Mon Aug 12 19:49:22 +0000 2024,1823084382393156076,exact,@user Μάλλον γλίτωσε γιατί πέρασε η φωτιά από διπλανά οικόπεδα. Όμως η περιοχή από καταπράσινη έγινε κατάμαυρη.,1,0
Mon Aug 12 19:49:10 +0000 2024,1823084331633725461,exact,Πολύ υψηλός κίνδυνος πυρκαγιάς και αύριο – Σε συναγερμό η πυροσβεστική https://t.co/Pcw405HS8g #Thessaloniki #skg #TheOpinion,0,2
Mon Aug 12 19:49:08 +0000 2024,1823084320900133096,exact,@user Ρε τομάρια καίγεται η Αττική κι σεις για να καλύψετε το ανύπαρκτο κράτος ασχολείστε με τους ζαιους? πραγματικά είστε μεγάλα σιχαματα,2,0
Mon Aug 12 19:49:03 +0000 2024,1823084300205466020,exact,"@user @user #Στη Β. Ηπειρο καίγονται χωριά στους Αγ. Σαράντα, μετά τα χωριά της Δερόπολης, εδώ καίγεται η Αττική!!..",1,0
Mon Aug 12 19:48:50 +0000 2024,1823084249034940509,exact,Φωτιά στην Αττική: Συγκίνησε ο ρεπόρτερ του Star - Αποχώρησε από τις πυρκαγιές αγκαλιά με το τρομαγμένο σκυλάκι https://t.co/dghSJBMFmp https://t.co/Gxuayo1IDM,3,0
Mon Aug 12 19:48:41 +0000 2024,1823084209453617506,exact,Ε τώρα πείτε μου ποιος ο λόγος να βλέπουμε 3 ώρες τη φωτιά; #PowerofLoveGR,30,1
Mon Aug 12 19:48:34 +0000 2024,1823084181372440635,exact,#Πυρκαγια #πεντελη #φωτιά Εννοείται ότι λυπάμαι για τις φωτιές αλλα ρε κοπρόσκ#λα εσείς οι μεγάλοι στείλτε κ Σέρρες τίποτα που καίγονται πόσες μέρες έλεος,7,1
Mon Aug 12 19:48:32 +0000 2024,1823084171188707607,exact,@user Ας μου πει κάποιος λες και η φωτιά ξεχωρίζει πρωθυπουργους η κόμματα!! Ο αέρας μας κατάστρεψε!! Και εμείς ψάχνουμε το ποιος φταίει όχι ποιος έβαλε τη φωτιά🔥🔥🔥 ..έλεος!!,0,0
Mon Aug 12 19:48:26 +0000 2024,1823084146668749014,exact,Μήπως ξέρει κάποιος στην Νέα Πεντέλη στην περιοχή Άγιος Γεώργιος αν κάηκαν σπίτια; Κοντά στην οδο Στρατονίκης;  #πυρκαγιά #φωτια #Πεντελη #Νέα_Πεντέλη,0,0
Mon Aug 12 19:48:25 +0000 2024,1823084143678472255,exact,"Ρε παιδιά, αυτή η ρεπόρτερ βρήκε σε live μετάδοση, πλαστά διαβατήρια και άλλα έγγραφα κι αντί να τα μαζέψει κ να τα παραδόσει στην αστυνομία συνέχισε το ρεπορτάζ για τη #φωτιά? Τι κάνει το @user καλύπτει άτομα και καταστάσεις?  Η @user το είδε αυτό?",6,2
Mon Aug 12 19:48:14 +0000 2024,1823084098103198063,exact,"@user @user Ρε σούργελο, το μέτωπο οριζεται από το σημείο που αρχικά ξεκινάει η φωτιά και επεκτείνεται. Όχι τελικα σε πόση απόσταση θα φτάσει. Από χτες το βράδυ μέχρι σήμερα  έχει παντού 4-5 μποφόρ. Σταματήστε τα ψέματα, κουλοφανς",5,0
Mon Aug 12 19:48:14 +0000 2024,1823084095708246188,exact,"Τα σπίτια ξαναγίνονται, η χειρότερη πυρκαγιά των τελευταίων 35 αιώνων κι ο γάιδαρος πετάει",5,3
Mon Aug 12 19:48:06 +0000 2024,1823084062078390359,exact,"@user Από τύχη κ προετοιμασία (νερό, αντλίες, λάστιχα κλπ) τη γλυτώσαμε πριν 10 χρόνια από τροχαίο που έριξε κολόνα κ ξεκίνησε φωτιά.  Κάποιοι γείτονες δεν ήταν τυχεροί.",1,0
Mon Aug 12 19:48:05 +0000 2024,1823084059821519302,exact,@user Εδώ ρε μαλακα καίγεται η Ιρλανδία!,2,0
Mon Aug 12 19:48:04 +0000 2024,1823084052863131680,exact,"#φωτιά #πυρκαγιά #Αττική #Βριλήσσια #Χαλάνδρι #Γέρακας Ασυγχώρητο έγκλημα – Παρανάλωμα πυρός η Αττική, μέτωπα σε Πεντέλη, Μαραθώνα, Διόνυσο, Βριλήσσια – Tέραστιες ευθύνες https://t.co/EuNTxCNTrN via @user",4,1
Mon Aug 12 19:48:00 +0000 2024,1823084037776495063,exact,Ο βόθρος δεν ενδιαφέρεται γιατί δε μπορεί να τεθεί υπό έλεγχο μια φωτιά μέσα στη γαμημενη την πρωτεύουσα μιας Ευρωπαϊκής (γελάμε) χώρας αλλά ποιος βάζει τις φωτιές.   Γιατί πάντα πρέπει να αναζητήσουν ευθύνες κάπου αλλού. Κάποιος άλλος φταίει. Αυτοί οι άχρηστοι ποτέ.,3,2
Mon Aug 12 19:47:58 +0000 2024,1823084031245791607,exact,"@user Ενα σοφό υπουργείο είπε μια σοφή κουβέντα: ""Σύμφωνα με νεωτέρα ανακοίνωση του υπουργείου πολιτικής προστασίας, ο λόγος που δεν έχει σβήσει ακόμη η φωτιά στην Πεντέλη είναι η απόσταση της από τις ακτές του Ευβοϊκού και του Σαρωνικού"".",0,0
Mon Aug 12 19:47:58 +0000 2024,1823084027206594583,exact,@user το είδα δυστυχώς υπάρχουν και αυτά τα ΄΄μυαλά΄΄ 🤨  να καίγονται δάση καλλιέργειες κλπ  είναι απαράδεκτο γτ σημαίνει αμέλεια  να φτάνει η φωτιά στην πόλη στην όποια πόλη είναι σοκαριστικο αλλά το καλά να πάθετε είναι ΞΕΦΤΙΛΑ τουλάχιστον .,0,0
Mon Aug 12 19:47:40 +0000 2024,1823083954393776560,exact,Ο Πρωθυπουργός @user όλα καλά; Καίγεται η Αττική και κάποιοι κρύβονται… Έχει βγει ο κάθε εθελοντής να κάνει τη δύσκολη δουλειά στην πρώτη γραμμή με τρεις - πέντε πυροσβέστες που έχουν απομείνει σε αυτή τη χώρα… #φωτιες #Αττικη,2,0
Mon Aug 12 19:47:40 +0000 2024,1823083954158629132,exact,🔥 Η #πυρκαγιά όπως φαίνεται τώρα από την παραλία του #Μαραθώνα  Φωτό : Elvina Kas https://t.co/oA8FMslMu5,57,42
Mon Aug 12 19:47:34 +0000 2024,1823083928950841527,exact,"@user πιστεύεις ότι αν ήταν ο συριζα στην εξουσία, θα αντιμετώπιζε την φωτιά πιο αποτελεσματικά; δεν ειμαι νδ, απλά επιχειρήματα θέλω να ακούσω",3,0
Mon Aug 12 19:47:26 +0000 2024,1823083895149249005,exact,"@user Με αποτέλεσμα ο #Μητσοτακης ν' αναβαθμίσει τους αξιωματικούς από την #φωτια στο #Ματι, ένας εκ των οποίων είναι ακόμη στο κέντρο επιχειρήσεων! Αλήθεια, πόσος είναι ο μισθός για το επάγγελμα του Πιστού Κυνός στη #ΝΔ_εγκληματικη_εργανωση; Σας κολλάνε και βαρέων;",8,0
Mon Aug 12 19:47:25 +0000 2024,1823083889369198690,exact,Μήπως φυτρώνουν περισσότερα δέντρα απο οσα χρειαζόμαστε? #Πυρκαγια,2,1
Mon Aug 12 19:47:24 +0000 2024,1823083886844481921,exact,"@user Δείξε μας ένα ποστ που το λέει αυτό, γιατί εγώ έχω την εντύπωση ότι από μόνος σου κάνεις πολιτική την ώρα που καίγεται η Αθήνα. Τόσο καθικαρας είσαι.",0,0
Mon Aug 12 19:47:20 +0000 2024,1823083871442743431,exact,Εξαιρετικό θρεντ! Διαβάστε το! #ζωα_σε_κινδυνο #ζωασεαναγκη #ζωα_φωτια #φωτια #Φωτια_τωρα #Πυρκαγια,4,0
Mon Aug 12 19:47:19 +0000 2024,1823083865943982437,exact,ολα καλα εφτασε τσιμεντο κοιμηθειτε ησυχα #φωτια #πυρκαγια https://t.co/d700EdUeMY,7,0
Mon Aug 12 19:47:15 +0000 2024,1823083849129087342,exact,@user Mακαρι η #φωτια αυτή να έχει έστω ένα αποτέλεσμα. Να κάψει την #κυβερνηση_Μητσοτακη !,4,0
Mon Aug 12 19:47:13 +0000 2024,1823083841676100058,exact,Ναι η Αθήνα καίγεται 🤷🏻‍♂️,0,0
Mon Aug 12 19:47:08 +0000 2024,1823083819773132954,exact,"@user Τριάντα Ααααα και εφυγε η φωτιά από Βαρνάβα και περνωντας δυο βουνά έφτασε Βριλήσσια... ρε σταματήστε την ""πρεζα""....",0,0
Mon Aug 12 19:47:08 +0000 2024,1823083819215597824,exact,Εν τω μεταξύ η #φωτια σε λίγο θα φτάσει Σύνταγμα και τα τηλεοπτικά τσουτσεκια θα επιμένουν να μας λένε για τίποτα πυροστρόβιλους που δημιουργεί το μικροκλίμα της πλατείας Εξαρχειων,2,0
Mon Aug 12 19:47:04 +0000 2024,1823083804413886495,exact,Κάηκε στην Πεντέλη το σπίτι του 65χρονου που καταδικάστηκε για τη φωτιά στο Μάτι https://t.co/m7r0nch3aq,0,0
Mon Aug 12 19:47:00 +0000 2024,1823083784863924308,exact,Ζείτε σε τραγική χώρα. Η κυβέρνηση μιλάει ήδη για εμπρησμό (και δείχνει μετανάστες) και η αντιπολίτευση για τον Ρουβίκωνα. Πέστε στη #φωτιά όλοι σας να σώσεται το μέλλον αυτης της χώρας,3,0
Mon Aug 12 19:47:00 +0000 2024,1823083784243196143,exact,Το χρυσό μαλακό-μετάλλιο της σημερινής ημέρας πάει στα δύο μαλακισμένα που πήγαν και έβαλαν φωτιά έτσι για πλάκα(έτσι είπαν)στη Τερψιθέα της Γλυφάδας.  Το γράφω με κάθε επιφύλαξη αλλά το λένε εδώ και καμία ώρα ντόπιοι. Δεν πάμε καλά.,12,1
Mon Aug 12 19:46:59 +0000 2024,1823083780900569128,exact,@user Κωστακη η Αττική καίγεται κι εσυ κάνεις σπέκουλα  Θα σε θυμόμαστε γι αυτό και θα έρθει η ώρα που θα γελάμε όταν θα βάζεις λουκέτο στον οίκο με το κόκκινο φωτάκι,1,0
Mon Aug 12 19:46:58 +0000 2024,1823083779319046391,exact,"@user βάλε κι άλλο Μάτι μπας και σωθείτε!  αντί να τουιταρεις πληροφορίες για τη φωτιά αγκομαχάς να σώσεις την καρέκλα...  αυτό σας νοιάζει μόνο, γι' αυτό πεθαίνουμε....μουνόσκυλα",1,0
Mon Aug 12 19:46:56 +0000 2024,1823083768619336036,exact,Αν συνεχιστεί έτσι η κατάσταση ο Μητσοτάκης θα καταντήσει πρωθυπουργός σε ανύπαρκτη χώρα #φωτια,1,0
Mon Aug 12 19:46:50 +0000 2024,1823083745781469660,exact,Ο Πυραρχος Πατατας Ελευσινιωτης εχει τοποθετηθει για την #φωτια;,11,6
Mon Aug 12 19:46:50 +0000 2024,1823083743755514016,exact,"Δεν είναι τούβλα και σοβάδες. Είναι κόπος, στερήσεις, ιδρώτας, αγωνία, δάκρυα...#φωτια",3,2
Mon Aug 12 19:46:49 +0000 2024,1823083738340737463,exact,"Δε μπορεί να δέσει ούτε τα κορδόνια του χωρίς τον Γκρήνμπεργκ, δε μπορεί να κυβερνήσει ούτε μια μέρα χωρίς σπρώξιμο απο όλο το μιντιακό σύστημα, δε μπορεί να σβήσει μια #φωτιά, αλλά κάνει πόλεμο στη Ρωσία η μαριονέτα της Ούρσουλας και δίνει απο τους φόρους μας δίς στον Ζελένσκι https://t.co/OdcRENI4EI",26,3
Mon Aug 12 19:46:41 +0000 2024,1823083706833080462,exact,Στο γράψε σβήσε οι επικοινωνιολόγοι #φωτια,4,0
Mon Aug 12 19:46:40 +0000 2024,1823083702320271784,exact,ΑΝΤΑΡΣΥΑ Σερρών: Ενώ η φωτιά στο όρος Όρβηλος καίει για 26η μέρα απέσυραν τα εναέρια μέσα! via @user://twitter.com/PRINgr https://t.co/FDhcZOrUHR,0,0
Mon Aug 12 19:46:32 +0000 2024,1823083666790097005,exact,@user @user Α το ότι βρίζει τον Μητσοτάκη σημαίνει ότι δεν σβήνει τη φωτιά. Δηλαδή την παράτησε τη φωτιά είπε δε γαμιέται πάω να βρίσω τον Μητσοτάκη. Ρε πόσο μαλάκας είσαι;,100,1
Mon Aug 12 19:46:17 +0000 2024,1823083605129884030,exact,"Τα «επιθετικά πεύκα» φταίνε για τη φωτιά μέσα στο Χαλάνδρι,  Η «επιθετική σφαλιάρα», ποτέ θα πέσει ; Γιατί ελλείψει δέντρων, του χρόνου τα Ερικσον θα σβήνουν  ζαρντινιέρες. #φωτια_πεντελη #φωτια #Πυρκαγιες #Χαλανδρι",5,1
Mon Aug 12 19:46:13 +0000 2024,1823083589539602836,exact,https://t.co/3JNiqitKtB  Πολύ σωστά τα λέει. Να είμαστε δίκαιοι.   #φωτιά #φωτιες #Φωτια_τωρα #ΝΔ_ΣΥΜΜΟΡΙΑ #ΝΔ_Ξεφτίλες #φωτιατωρα,1,0
Mon Aug 12 19:46:05 +0000 2024,1823083555393790399,exact,@user Να ρωτήσω που είναι η φωτιά η να την φανταστώ όπως εσύ;,2,0
Mon Aug 12 19:45:50 +0000 2024,1823083490713223592,exact,"@user τέλος  η Αττική τελείωσε  μπροστά στα μάτια μας, με όλα τα υπουργεία και τα αρχηγεία στα τρία τέταρτα η φωτιά περπάτησε σε 2 μέρες 40 χλμ και εφτασε απο το Μαραθώνα στο Γέρακα  ντροπή στους διοικούντες  #φωτιά",14,0
Mon Aug 12 19:45:44 +0000 2024,1823083467476758863,exact,Θα βγαίναμε στα μπαλκόνια να χειροκροτήσουμε αλλά μας πνιγεί η κάπνα που καίγεται η χώρα μας,1,1
Mon Aug 12 19:45:32 +0000 2024,1823083417732321518,exact,"@user έπρεπε να απαγορευονται τα πεύκα μεσε σε κατοικημένες περιοχές κ 300 μετρα μακριά από τελευταίο σπίτι, κόψιμο όλα τα πεύκα σε κατοικημένες περιοχές  κ να φυτευτούν μουριές ελιές λεμονιές, η δεντρα που δεν χαλάνε πεζοδρόμια  κ ακίνδυνα από φωτιά, κάποιοι εξουσιαστές είναι ηλίθιοι,",1,0
Mon Aug 12 19:45:28 +0000 2024,1823083398191001979,exact,Και στη Ν.Πεντέλη εμπρηστές αλλοδαποί με πεταμένα διαβατήρια ..Κατά τα άλλα απο τον Βαρνάβα έφτασε η φωτιά στο Χαλάνδρι πετώντας 50χιλ.,165,35
Mon Aug 12 19:45:26 +0000 2024,1823083393367896221,exact,"Η Ελλαδα χιλιαδες χρονια πριν κατοικηθει, ηταν ενας βραχος και μια ελια..εε, ετσι θα καταντησει παλι...χωρις την ελια!!!#φωτια ,#φωτιές ,#Βαρναβα ,#Γραμματικό ,#εκκένωση ,#Πυρκαγιες",4,0
Mon Aug 12 19:45:20 +0000 2024,1823083366855627113,exact,"Oι εργαζόμενοι στο Κόκκινο 105.5 διέκοψαν την απεργία τους και καλύπτουν ειδησεογραφικά σε συνεχή ροή την πυρκαγιά, με ρεπορτάζ και συνεντεύξεις κατοίκων κτλ.  Από Σεπτέμβριο τέτοια πολύτιμη παρέμβαση δεν  θα είναι δυνατή, τουλάχιστον μετά το μεσημέρι.",20,9
Mon Aug 12 19:45:14 +0000 2024,1823083339688841714,exact,Μαλάκα μου βγαίνουν οι ψηφοφόροι Μητσοτάκη τώρα που καίγεται το σπίτι τους και ρωτάνε που είναι το κράτος. Είναι για γέλια.,2,0
Mon Aug 12 19:45:00 +0000 2024,1823083281472012479,exact,"Όρος Όρβηλος: Για 26η μέρα καίει η φωτιά - «Δεν επιχειρούν εναέρια μέσα», λέει ο δήμαρχος https://t.co/6WuihdaheB",1,2
Mon Aug 12 19:44:50 +0000 2024,1823083241752216032,exact,"@user @user Έχετε δίκιο, βρίσκεται λίγο πιο μακριά στην Μιλτιάδου &amp; Γαργηττού, αλλά δεν παύει να είναι πολύ κοντινό σημείο στην φωτιά.",1,0
Mon Aug 12 19:44:29 +0000 2024,1823083153872810060,exact,"🔥 Ολονύχτια μάχη με τις φλόγες θα δώσουν πυροσβέστες, εθελοντές και κάτοικοι.Μεγάλη επιχείρηση για να περιοριστεί η φωτιά στην επιχείρηση ξυλείας στον Γέρακα . Τις δραματικές εξελίξεις καταγράφει λεπτό προς λεπτό το in 👇🔗 https://t.co/30sNrZHLsJ https://t.co/iv0xlfMg6O",2,0
Mon Aug 12 19:44:10 +0000 2024,1823083073455509785,exact,"Ότι έκανε το καθεστώς Μητσοτάκη στα δάση, μη στηρίζοντας την πυροσβεστική, το ίδιο κάνει στην υγεία, μη στηρίζοντας το Ε.Σ.Υ, το ίδιο κάνει στην παιδεία, σακατευοντας τα σχολεία και τα πανεπιστήμια.",2,1
Mon Aug 12 19:44:08 +0000 2024,1823083065276559770,exact,Φωτιά στην Αττική: Γιγαντιαία επιχείρηση εναέριων &amp; επιγείων δυνάμεων -  https://t.co/d9hm1Za5Dd https://t.co/xoxBgKeu5q,0,0
Mon Aug 12 19:44:02 +0000 2024,1823083038340952139,exact,Φωτιά στην Αττική: Ολονύχτια μάχη στην Πεντέλη – Συνεχείς αναζωπυρώσεις δημιουργούν νέες εστίες #moneyreview https://t.co/HxT7niMoxd,0,0
Mon Aug 12 19:43:58 +0000 2024,1823083021077197044,exact,#Φωτιά στην #Αττική / Συγκλονίζουν οι μαρτυρίες κατοίκων - «Δεν μπορούσες να αναπνεύσεις» https://t.co/RZu4Ea9yWq,11,3
Mon Aug 12 19:43:56 +0000 2024,1823083013720158350,exact,"Υπό έλεγχο η #φωτιά στην #Τερψιθέα: Εμπρησμό καταγγέλλει ο δήμαρχος Γλυφάδας (ΒΙΝΤΕΟ)  🗣️ Γ. Παπανικολάου: «Έχουμε κατηγορηματικά στοιχεία, δύο νεαροί έβαλαν τη φωτιά, τους κυνηγήσαμε κιόλας»  https://t.co/y4ul2O1bRc",1,1
Mon Aug 12 19:43:49 +0000 2024,1823082984926237074,exact,Όταν καίγεται ολη η Αττικη αλλα εσένα η έγνοια σου ειναι να καλύψεις τον κώλο του Μητσοτάκη τότε είσαι τρελός. Όχι χαχα τρελέ μου. Κανονικός τρελός του γιατρού. #πυρκαγια #φωτια #αττικη,32,7
Mon Aug 12 19:43:35 +0000 2024,1823082927858540831,exact,"Δεν ξέρω τι θα συναντήσω στην Πεντέλη μόλις γυρίσω. Σίγουρα θα είναι ένα απέραντο μαύρο τοπίο που θα σε πιάνει η καρδιά σου.  Μετά την μεγάλη φωτιά του 2009 που είχε ξανακαεί το βουνό, πέρασαν 15 χρόνια για να αρχίσει να ξαναπρασινίζει κ τώρα πάλι κάρβουνο.   Μπουχέσας κ Κούλης.",33,9
Mon Aug 12 19:43:21 +0000 2024,1823082865745133635,exact,Να βγει το #41τακατο και να μας πει αν είναι δικαιωμένοι με την κατάσταση της χωρας #πυρκαγιά #ΝΔ_ΑΛΗΤΕΣ #μητσορακη_καθαρμα #φωτια https://t.co/ispJNYVFl1,3,0
Mon Aug 12 19:43:20 +0000 2024,1823082862330982571,exact,"@user @user βγήκες για σπεκουλα μωρή ρωσολαγνα λουγκρητια, βρε σαλτα κ Γαμησου αρχιδι, παρακαλάς για θύματα μουνοπανο, κάθε χρόνο τα ίδια λέτε σ κάθε φωτιά ξεκωλιαρη...ελληνική πλύση πλυντήρεξ 🤣🤣🤣🤣",0,0
Mon Aug 12 19:43:18 +0000 2024,1823082854781161540,exact,ΓΣΕΕ: Να ληφθούν μέτρα για όσους βρίσκονται ή εργάζονται στις περιοχές που πλήττονται από τη φωτιά https://t.co/wsakttMkQU μέσω @user ματιές,0,0
Mon Aug 12 19:42:54 +0000 2024,1823082754600222770,exact,"@user Δεν είναι γαμάτα τα συντροφιά;  Φωτιά Βαρνάβα πχ:  ""Η λύση βρίσκεται...""  Και πες ότι δεν κολλάει.  40 χρόνια το δούλευαν...",0,0
Mon Aug 12 19:42:51 +0000 2024,1823082743120498795,exact,@user Και οτι δεν κατέστρεφε η πυρα το κατέστρεφαν τα επιβραδυντικά που έριχναν για να σβησουν την φωτια.  Οπως λεν οτι αφήνει όρθιο η φωτια σ ενα σπιτι το αποτελειώνει η πυροσβεστική,1,0
Mon Aug 12 19:42:36 +0000 2024,1823082677014007957,exact,Την μισούν την Ελλαδίτσα μας #Πυρκαγία #φωτιά,5,0
Mon Aug 12 19:42:29 +0000 2024,1823082649587519972,exact,"@user @user Εχμ …μια και λες ‘εμάς’ , έπιασε φωτιά κοντά στην Ξάνθη . Αλλά εννοείται δεν θα το μάθετε",0,0
Mon Aug 12 19:42:09 +0000 2024,1823082566385094920,exact,ΑΔΜΗΕ για τις πυρκαγιές: Έχουν επηρεαστεί γραμμές μεταφοράς  #ΑΔΜΗΕ #φωτια #πυρκαγια #φωτιά #καπνός  #φωτιατωρα #φωτια_πεντελη #πυρκαγιά #Πεντέλη #Βαρναβας #Ραφηνα #Πεντέλη #Μαραθώνας  https://t.co/eicJLALLPy,0,0
Mon Aug 12 19:42:07 +0000 2024,1823082558814355669,exact,"@user Από χτες το βράδυ καίει η φωτιά, γιατί ψ@user όλη μέρα οι ενεργειακοί κ περίμεναν να φτάσει σήμερα 9 το βράδυ για να τη σβήσουν;",6,0
Mon Aug 12 19:41:55 +0000 2024,1823082506012262411,exact,@user @user Κλαίει για τη φωτιά και την ανάρτηση Πολάκη!,1,0
Mon Aug 12 19:41:54 +0000 2024,1823082503068098576,exact,Η Άννα Μαρία Λογοθέτη άφησε το X και έπιασε την μάνικα και εσείς ασχολείστε με τον Ρουβίκωνα; #φωτιά,2,0
Mon Aug 12 19:41:41 +0000 2024,1823082448080564708,exact,@user Σε κάθε φωτιά γίνεται. Μέχρι και στα χιόνια. Δεν είναι κάτι καινούριο,0,0
Mon Aug 12 19:41:38 +0000 2024,1823082434147094949,exact,Φωτιά στην Αττική: Αλυσίδα αλληλεγγύης με εθελοντές - Κρατούν ψηλά τη μάνικα για να διευκολύνουν την κατάσβεση https://t.co/XriqrORbSx,1,0
Mon Aug 12 19:41:35 +0000 2024,1823082420905898333,exact,Κασσελάκης για φωτιά στην Αττική: «Απίστευτο να συμβαίνει αυτό στην Αθήνα» https://t.co/CT7FqQuCp7,0,0
Mon Aug 12 19:41:18 +0000 2024,1823082353381564643,exact,#Βοήθεια Χαοτική Κουλήδωση😎  #Γερακας #Πεντελη #Αστεροσκοπείο #Μαραθώνας #Βριλήσσια #φωτια #Βαρναβας #πυρκαγιά #μεγαρα #ερετρια #Μητσοτακης #Κικίλιας https://t.co/1LRXI8thQI,5,0
Mon Aug 12 19:41:17 +0000 2024,1823082345953481051,exact,Η Ν.Δ το μόνο που ξέρει να κάνει είναι να ζητάει λεφτά. Πείτε μας κ. @user το Ε.Σ.Υ θα το στηρίξετε; την πυροσβεστική θα την ενισχύσετε; τα πανεπιστήμια;,3,1
Mon Aug 12 19:41:13 +0000 2024,1823082328622588144,exact,"Δεν μπορούμε να σβήσουμε τη φωτιά που καίει την Αττική, θες να στείλουμε δυνάμεις και στις Σέρρες; Τί άλλο να κάνουν σε αυτήν την κυβέρνηση; Σπαθιά να καταπιούν;",2,1
Mon Aug 12 19:41:06 +0000 2024,1823082302823604676,exact,Πυρκαγιά στην Αττική: Κάηκαν δύο πυροσβεστικά – Ένας τραυματίας https://t.co/PYDsRe52jQ https://t.co/9il53VbGKV,0,0
Mon Aug 12 19:41:04 +0000 2024,1823082294447399237,exact,Όλη η Ιταλία καίγεται 😂😂😂😂🖐️🖐️,9,2
Mon Aug 12 19:40:46 +0000 2024,1823082218014621837,exact,Ρε σεις τι φάση παίζει εδώ μέσα;  Υπάρχει φωτιά που κατακαίει τη Β.Α. Αττική ή  βουλευτικές εκλογές; Και μη μου πει κανείς ότι είναι αλληλένδετα γιατί θα τρώει ροχαλες απ' όλους.,0,0
Mon Aug 12 19:40:41 +0000 2024,1823082195080073681,exact,@user @user Δεν κάνει τίποτα 10-12 μέτρα ζώνη σε φωτιά σε πεύκα με 8 μποφόρ. Για πλάκα περνάει. Μόνο για την πρόσβαση εξυπηρετεί και τίποτα άλλο,1,0
Mon Aug 12 19:40:39 +0000 2024,1823082189195546951,exact,"#Φωτιά 🔥 #Βαρνάβα  #Διόνυσος  #Πεντέλη  #Μαραθώνα #Σταμάτα #Megatv Στον #Γέρακα,αποθήκη ξυλείας, καίγεται επι 12 ώρες Δίπλα,υπάρχει κτίριο που σπανε τα τζάμια κ τα AC του  Το κτίριο ανήκει στο Δασαρχείο!  Ειρωνία ,,,⁉️  RT",1,1
Mon Aug 12 19:40:34 +0000 2024,1823082165338608054,exact,#Φωτιά στην #Αττική: Ήρωας πυροσβέστης έσωσε γυναίκα από το φλεγόμενο σπίτι της https://t.co/Cuifoo3ccA,2,0
Mon Aug 12 19:40:33 +0000 2024,1823082163455111520,exact,@user Ποιον να βρίσει τον άνεμο;  Αντε γαμησου κι εσύ που θα κρίνεις άνθρωπο που καίγεται. Αντε γαμησου,0,0
Mon Aug 12 19:40:12 +0000 2024,1823082073894060114,exact,"@user Ρε Ζώον (για να μιλήσω στην γλώσσα σου) κρίνω κ κατακρίνω το γεγονός ότι φτάσαμε στο σημείο να προσπαθούν οι άνθρωποι  να σβήσουν φωτιά  μέσα στον αστικό ιστό, φωτιά που ήταν δασική! ΜΈΣΑ ΣΤΟΝ ΑΣΤΙΚΌ ΙΣΤΌ ΔΙΑΝΥΟΝΤΑΣ 20-30 ΧΙΛΙΌΜΕΤΡΑ!",60,0
Mon Aug 12 19:39:56 +0000 2024,1823082006630080896,exact,"@user Εσύ, προκειμένου να κλείσεις την τρύπα του αρχηγού σου, βάζεις φωτιά και στο δικό σου σπίτι.",0,0
Mon Aug 12 19:39:52 +0000 2024,1823081989068443800,exact,@user @user Η μεγαλύτερη εκκένωση έγινε στο μυαλό και στην καρδιά σου τότε που σε γεννήσανε,1,0
Mon Aug 12 19:39:44 +0000 2024,1823081955908628901,exact,Η φωτιά στη Κέα από το πλοίο https://t.co/xdXvk4TT8p,3,2
Mon Aug 12 19:39:11 +0000 2024,1823081819245556136,exact,Οι τουρκοζαιοι είναι οι μισοί στα social και οι άλλοι μισοί γυρνάνε με ένα αναπτήρα αγκαλιά. Η Ελλάδα μας δεν σας φοβάται. 🇬🇷 #φωτια_πεντελη #φωτια #πυρκαγιά #Φωτια_τωρα,20,1
Mon Aug 12 19:39:08 +0000 2024,1823081807417385324,exact,Φωτιά στην Αττική: Τιτάνια μάχη με τις φλόγες – Τεράστια καταστροφή -  https://t.co/vPgu2awig8 https://t.co/81v479nJC4,0,0
Mon Aug 12 19:39:07 +0000 2024,1823081804003479740,exact,@user Την τελευταία φορά πάντως που είχαμε αριστερό θυμάσαι τι είχε γίνει ή το έβαλες στον κόλο σου.  Επίσης γιατί να μην πούμε εσείς οι αριστεροί ή ακροδεξιοί  δεν βάζετε τις φωτιές αφού ξαφνικά εδώ και 5 χρόνια η Ελλάδα καίγεται κάθε καλοκαίρι πολύ συχνότερα σε σχέση με το παρελθόν;,0,0
Mon Aug 12 19:38:55 +0000 2024,1823081751515717781,exact,Εκκένωση Γέρακα.   Έχουμε μαζευτεί καμία δεκαριά και φυλάμε με βάρδιες τη νησίδα στην Καλλιρόης για καλό και για κακό #φωτια #φωτιες #Φωτια_τωρα,33,6
Mon Aug 12 19:38:54 +0000 2024,1823081746939965822,exact,@user Όταν κρίνεις τα λεγόμενα αγανάκτησης ενός ανθρώπου που καίγεται το σπίτι του δεν λέγεσαι και εντελώς καλά…,0,0
Mon Aug 12 19:38:54 +0000 2024,1823081745530683416,exact,@user @user Ναι ρε δεν βλέπετε. Πήρε φωτιά η έρημος Σαχάρα. 😛😜🤪😝🥳,1,0
Mon Aug 12 19:38:46 +0000 2024,1823081714547327107,exact,@user @user Έτσι είναι αν έτσι νομίζεις. Σ αφήνω στον βούρκο σου. Μπορείς να παρηγορήσεις τον αρχηγό σου που έσβησε η φωτιά χωρια θύματα,0,0
Mon Aug 12 19:38:34 +0000 2024,1823081662638604499,exact,Υπό έλεγχο η φωτιά κοντά στη Βόνιτσα https://t.co/ZunBjnHUSy,0,0
Mon Aug 12 19:38:18 +0000 2024,1823081597840613526,exact,#Πυρκαγιες #Πυρκαγια #φωτιά #πεντελη Αυτό 👇 https://t.co/FOcURHdxwd,7,0
Mon Aug 12 19:38:00 +0000 2024,1823081520799858824,exact,"@user Ναι.τα χωριά πάνω από Ιστιαία σταμάτησαν τη φωτιά.οι κάτοικοι.η πυροσβεστική...άπραγη.γιατι δε ρίχνετε νερό,ρωτούσαν οι άνθρωποι.εχουμε εντολές να μην επιχειρήσουμε,έλεγαν.ετσι σώθηκαν καματριδες,Γαλατάδες,καστανιωτισσα,κρυονεριτη και το μεγάλο δρύινο δάσος από πάνω μας.",3,2
Mon Aug 12 19:37:43 +0000 2024,1823081450696028274,exact,"Φωτιά στην Αττική: Ενισχύεται η συνδρομή προς την Ελλάδα με βοήθεια από Σερβία, Ρουμανία και Τουρκία #Greece #Ελλάδα https://t.co/EDTHEAzVQe https://t.co/Hb3V4DfWRN",1,0
Mon Aug 12 19:37:33 +0000 2024,1823081406945185857,exact,"Η φωτογραφία είναι από 12/8/21 . Θα μπορούσε να είναι και σημερινή . Επάνω , εθελοντές &amp; πυροσβέστες προσπαθούν να σβήσουν μιά φωτιά . Κάτω , ο χορός τού θανάτου από την Εβδομη Σφραγίδα τού Μπέργκμαν ! Τα σχόλια περιττεύουν . #φωτια https://t.co/J8HqGCndzD",13,4
Mon Aug 12 19:37:31 +0000 2024,1823081399941054615,exact,"@user Καίγεται το σύμπαν και η @user   Κάνει προπαγάνδα για το αφεντικό της το Κούλη . Βρε ξυπνά έχουν μπει η φλόγες μέσα σε πόλεις .. και ο κοσμάκης είναι σε απόγνωση . Τίποτα δεν σέβεσαι , ουστ κομματόσκυλα μισανθρωποι",11,2
Mon Aug 12 19:37:28 +0000 2024,1823081385504157875,exact,"#φωτιατωρα  Δεν τους ενδιαφέρει κανένας Γέρακας και καμία Γλυφάδα! Απλά είναι αντιπερισπασμός, γιατί θέλουν βάσει σχεδίου να καίει η φωτιά στα βόρεια από το Βαρνάβα για μέρες. Γιατί το κέρδος εκεί είναι. Το ποιο θα το μάθουμε μετά.",3,1
Mon Aug 12 19:37:21 +0000 2024,1823081358614262256,exact,"«Κράτος φωτιά,όλα στραβά» #φωτια #πυρκαγιές https://t.co/W6xx38XZZa",61,0
Mon Aug 12 19:37:21 +0000 2024,1823081357410501050,exact,Δεν ειναι της ωρας καθως ακομα καίει η φωτιά αλλα τωρα τα εχει προσφορα το jumbo. Θα τα χρειαστείτε σε 3 μηνες στην Κηφισίας. Εγω σας ενημερωσα... #φωτιά #πυρκαγια #πορτοσαλτε #ΣΚΑΙ https://t.co/WvLosNH9h6,6,0
Mon Aug 12 19:37:13 +0000 2024,1823081324783063304,exact,"@user Η φωτιά ήταν η απάντηση σε όσα λέω χρόνια τώρα ότι πρέπει να έχουμε πόλεις φρούρια "" οχυρό τεχνολογίας"" κάθε πόλη πρέπει να αντέχει τον όγκο που μπορεί μόνο με νομοθετικό πλαίσιο. Σκέψου σε μια κρίση να ξεσηκωθούν αλλοδαποί με όπλα τι θα κάνεις Αθηναίε μπαχαλοκαφεδακια;τι;",4,0
Mon Aug 12 19:37:05 +0000 2024,1823081291790885135,exact,Η Ακρόπολη τυλιγμένη στους καπνούς από τη μεγάλη φωτιά σε δημοσίευμα του CNNi https://t.co/indqYVVajI 👈 κλικ εδώ #newshubgr #crete #ellada #ενημέρωση #νέα https://t.co/fGytiuzSPo,0,0
Mon Aug 12 19:37:04 +0000 2024,1823081287587959154,exact,"Όλοι οι Έλληνες προσευχόμαστε απόψε να τα καταφέρουν οι ήρωες μας και να σβήσουν τις φωτιές, εκτός από ένα είκοσι τα εκατό ψεκασμένους Βελοζαίους που σαν τα όρνια περιμένουν τα χειρότερα…  #φωτιά #πυρκαγιά",2,0
Mon Aug 12 19:36:34 +0000 2024,1823081160051658842,exact,"@user Κάθε φορά που δεν μπορούν να σβήσουν μια φωτιά ανακαλύπτουν νέες λέξεις.Χαοτικές κυλινδρώσεις ,θερμική καμινάδα,πυροστρόβιλος κτλ.",0,0
Mon Aug 12 19:36:25 +0000 2024,1823081124119417155,exact,"Τεντόγλου – Καραλής για τη φωτιά στην Αττική: «Είμαστε αρκετά στεναχωρημένοι, ελπίζουμε όλα να πάνε καλά» – Βίντεο https://t.co/RmWlrCi6lq",8,3
Mon Aug 12 19:36:18 +0000 2024,1823081091411960207,exact,Κατηγορίας... «megafire» η πυρκαγιά στη βορειοανατολική Αττική https://t.co/9njfDUU9lK https://t.co/m9kO7MUNem,0,0
Mon Aug 12 19:36:14 +0000 2024,1823081074638966991,exact,"@user Βρε μαλάκα, ο Μητσοτάκης βάζει τις φωτιές ή πυροσβέστης είναι να τις σβήνει; Η φωτιά άναψε στις 12.00 και το πρώτο μέσο κατάσβεσης (ελικόπτερο) ήταν στις 12.06,  το ότι εξαπλώθηκε και ταυτόχρονα κάποιοι ""άρρωστοι"" δημιουργούν νέα μέτωπα ο Μητσοτάκης φταίει;",0,0
Mon Aug 12 19:36:11 +0000 2024,1823081065231401102,exact,@user Χαχαχα ανέκδοτα γράφεις  και μην τα γράφεις ενώ η φωτιά καεί ακομα,0,0
Mon Aug 12 19:36:09 +0000 2024,1823081054665666858,exact,"Όσο απίστευτο και να φαίνεται, η πυρκαγιά έφτασε αυτό το μέγεθος επειδή έχουμε πολλούς αλλοδαπούς.",10,0
Mon Aug 12 19:36:07 +0000 2024,1823081046579286440,exact,Εν τω μεταξύ η φωτιά στο παρθένο δάσος στον Όρβηλο καίει ακόμη για 26η μέρα με Κικίλια και Κούλη. Μα τι επιμονή.,12,10
Mon Aug 12 19:36:01 +0000 2024,1823081023116063172,exact,"Να φανταστώ δεν υπάρχουν κυβερνητικές ευθύνες, για ακόμα μια φορά. #φωτιά",2,0
Mon Aug 12 19:35:53 +0000 2024,1823080987456155761,exact,Ακόμα εκεί έχεις μείνει ρε παππού; Πάρε επικαιροποιημένο 12/7/2024 Πήραν φωτιά και οι έρημοι και η Γροιλανδία κι οι ωκεανοί ! #ΝΔ  #ΠΑΣΟΚ                      μαζέψτε τους 🤡σας #συριζα  #κκε https://t.co/6z9gSBwwdj,2,0
Mon Aug 12 19:35:52 +0000 2024,1823080982205116644,exact,"@user 3,5 εκατ καμμένα στρέμματα σε δύο χρόνια κ συνεχίζει φετος Σέρρες καίγεται 1 μήνα τώρα, όρος Φαλακρό 20 ημερες τίποτα σοβαρό  τα χάπια με τη ρεγουλα....",7,0
Mon Aug 12 19:35:45 +0000 2024,1823080953318961280,exact,Μια απέραντη μαυρίλα (στην ψυχή μας) πάνω από τη χώρα #Ysterografa #Υστερογραφα #Πυρκαγια #Πυρκαγιες #φωτια #φωτιες #Πεντελη #Χαλανδρι #Βριλησσια #Πατημα_Χαλανδριου #Βαρναβας #Μαραθωνας #Γραμματικό #Διονυσος #Διώνη #πυροσβέστες #Πυροσβεστική  https://t.co/xPqj4CauYQ,4,1
Mon Aug 12 19:35:44 +0000 2024,1823080951980978542,exact,Αυτός που έβαλε την φωτιά τωρα πίνει μπύρες στο καφενείο και βλέπει ειδήσεις... Είναι αυτός που έβαλε η αντιπολίτευση για να ριξει τον Μητσοτάκη.... Πάρτε το χαμπάρι δεν σας λογαριαζουν θέλουν να φάνε και αυτοί από το ψωμί που τρώει ο Μητσοτάκης. ΕΊΣΤΕ ΤΟ ΤΊΠΟΤΑ #ΠΥΡΚΑΓΙΑ #φωτια,1,0
Mon Aug 12 19:35:34 +0000 2024,1823080908330766381,exact,Φωτιά στην Αττική: Παπάς στην μάχη με τις φλόγες στον Γέρακα #ΦΩΤΙΑ_ΤΩΡΑ #ΦΩΤΙΑ_ΑΤΤΙΚΗ https://t.co/ZSa7KXinps,1,0
Mon Aug 12 19:35:33 +0000 2024,1823080905159925900,exact,Διεθνή ΜΜΕ για φωτιά: «Η Αττική φλέγεται - Είναι δύσκολο να αναπνεύσεις» #ΦΩΤΙΑ_ΑΤΤΙΚΗ #ΦΩΤΙΑ_ΤΩΡΑ https://t.co/pxHBefv2rS,0,0
Mon Aug 12 19:35:19 +0000 2024,1823080845940330930,exact,Φωτιά στην Αττική: Κάηκε το σπίτι του 65χρονου που καταδικάστηκε για το Μάτι https://t.co/sRoIIeXz9X,8,2
Mon Aug 12 19:35:16 +0000 2024,1823080832791109877,exact,"🇵🇸 Η Παλαιστίνη, η χώρα που το Ισραήλ θέλει να εξαφανίσει με τη σαφή υποστήριξη της κυβέρνησης του Κυριάκου Μητσοτάκη, προθυμοποιείται να μας στείλει βοήθεια για τις φωτιές. Αν σας ρωτήσουν τι σημαίνει «διεθνές ρεζιλίκι», δείξτε τους αυτό… 👇🏻   #πυρκαγιά | #φωτιά | #φωτιά_τώρα https://t.co/rprQWxHu03",74,16
Mon Aug 12 19:35:05 +0000 2024,1823080788767756558,exact,@user Μα αφού έχει προσλάβει τόσους αστυνομικούς...γιατί δεν πάνε να συλλάβουν τη φωτιά;;,0,0
Mon Aug 12 19:34:57 +0000 2024,1823080754198245641,exact,@user @user Εδώ ο κόσμος καίγεται και συζητάτε μαλακίες. Εγώ ξέρω οτι η Αττική ήταν απόλυτα προετοιμασμένη συμφωνα με τον Κικίλια. Είχαμε dronw καξ ο μηχανισμός ήταν πιο έτοιμος από ποτέ. Και κάηκαν περισσότερα σπίτια από ποτέ... Συνεχίστετη δουλειά σας.,0,0
Mon Aug 12 19:34:54 +0000 2024,1823080742366347667,exact,Να βάλουμε την Λινού να κλάψει να σβήσει η φωτιά .,0,0
Mon Aug 12 19:34:50 +0000 2024,1823080722774552823,exact,"Εξι χρόνια μετά τη φονική πυρκαγιά στο Μάτι, ο άνθρωπος στον οποίο αποδόθηκε το ξεκίνημα της πυρκαγιάς επειδή έβαζε φωτιά σε ξερόχορτα στην αυλή του σπιτιού του , έχασε το σπίτι του  σήμερα από τη φωτιά στο Νταού Πεντέλης. https://t.co/Gg7wsjCKey",4,1
Mon Aug 12 19:34:39 +0000 2024,1823080676670726166,exact,Δεν είναι και κανένας λοάτκι να τον κάνουν σημαία οι άπλυτοι σε κανενα πράιντ την ωρα που καίγεται η χώρα και να πνίγεται στην ακρίβεια.,0,0
Mon Aug 12 19:34:37 +0000 2024,1823080669549101234,exact,@user Έτρεμε η φωνή της μητέρα μου που ήρθε τόσο κοντά η φωτιά. Δεν έχει ρεύμα και νερό,1,0
Mon Aug 12 19:34:34 +0000 2024,1823080656257065384,exact,Εντοπίστηκε άγριο πτηνό που ξεκίνησε την φωτιά στον Βαρνάβα,5,0
Mon Aug 12 19:34:32 +0000 2024,1823080649558995220,exact,Φωτιά στην Αττική: Κάηκε το σπίτι του ανθρώπου που κατηγορήθηκε για την πυρκαγιά στο Μάτι https://t.co/GIL42J8ngC #Νεα,0,1
Mon Aug 12 19:34:28 +0000 2024,1823080632005669257,exact,"@user Καταφέρατε άχρηστα καθάρματα της δεξιάς μιας απλή αγροτική φωτιά, όχι αγροτοδασικη, αλλά απλή αγροτική να την χάσετε με τα βύσματα σας που ήταν εκεί κ να καίγεται η πρωτεύουσα...θέλει πολύ προσπάθεια αυτό",2,0
Mon Aug 12 19:34:27 +0000 2024,1823080626825621787,exact,Γιατί καίγεται πάλι η Πεντέλη: Η αναδάσωση - «άρπα κόλα» και το πόρισμα των Γάλλων το 2018 https://t.co/7gkyNYNQrV,2,0
Mon Aug 12 19:34:26 +0000 2024,1823080625336951235,exact,@user Και η θάλασσά σας καίγεται. Πρέπει να έχει ανεβάσει αισθητά τη θερμοκρασία της!😵‍💫,2,0
Mon Aug 12 19:34:20 +0000 2024,1823080596362449328,exact,@user @user Δεν θέλουν να την σβήσουν γιατί αυτοί την βάλανε την φωτιά.,0,0
Mon Aug 12 19:34:16 +0000 2024,1823080582189883531,exact,Δεύτερη σερί μέρα ο Αντ1 σταματάει την ενημέρωση ενω καίγεται όλη η Αττική για να βάλει Αλίκη Βουγιουκλάκη. Μιλάμε για μεγάλες λερες. #Φωτια #Πυρκαγια,4,0
Mon Aug 12 19:34:15 +0000 2024,1823080577584771168,exact,"πήγε να βοηθήσει τον ""εκλεκτό"" δήμαρχο??? Στη φωτιά στο Χαλάνδρι ο Στέφανος Κασσελάκης: «Απίστευτο να συμβαίνει αυτό στην Αθήνα» https://t.co/lto5i8xgyS",0,0
Mon Aug 12 19:34:09 +0000 2024,1823080552196661386,exact,"@user @user @user Οι ειδικοί του θέματος έχουν πει αρκετές φορές ότι σε πυρκαγιές τέτοιας έκτασης, δεν υφίσταται ο όρος αντιπυρική ζώνη. Η φωτιά τις προσπερνάει.",2,0
Mon Aug 12 19:33:46 +0000 2024,1823080455052419152,exact,@user @user Μακάρι μωρή πατσαβούρα να πάρει φωτιά το σπίτι σου και να μην έρχεται κανένας,3,0
Mon Aug 12 19:33:37 +0000 2024,1823080419174260788,exact,@user @user Το μουνι που σε πέταγε γαμημενε Ελα να δεις ρε μπινε φασιστα… φάγατε φάγατε φτάνει ρεεεε ούτε πυροσβεστική ούτε τίποτα δεν ήταν ρε πουτανας γιε,1,0
Mon Aug 12 19:33:33 +0000 2024,1823080401851842886,exact,ΔΕΝ ΑΦΗΝΟΥΜΕ ΚΑΝΕΝΑΝ ΠΙΣΩ 🙏  #φωτια #Φωτια_τωρα #φωτιατωρα #πυρκαγιά #ζωα_σε_κινδυνο #ζωασεαναγκη #ζωα_φωτια #εθελοντες #διασωση #βοηθεια #Χαθηκαν #ΧΑΘΗΚΕ #χαθηκε_πεντελη https://t.co/tG0QP0FKQR,18,9
Mon Aug 12 19:33:27 +0000 2024,1823080374332743960,exact,"@user @user @user Σωστός, τους δίνουμε λεφτά και αντί να κάνουν προσλήψεις και να πάρουν εξοπλισμό πάνε και τα κάνουν μπύρες και κοψίδια, τι λες ρε μπετόστοκε? Έφτασε 6 χλμ από την βουλή η φωτιά και φταίει όλο το σύμπαν αλλά όχι ο Κούλης.",1,0
Mon Aug 12 19:33:25 +0000 2024,1823080366858752375,exact,@user Ανέβασε και καμιά μπίρα τώρα που καίγεται ο κόσμος στην Αθήνα. Να τον κάνεις να νιώσει καλύτερα.,1,0
Mon Aug 12 19:33:18 +0000 2024,1823080338295275566,exact,Η Μπία Μπέκου θα την είχε σβήσει τη φωτιά,2,0
Mon Aug 12 19:33:10 +0000 2024,1823080302698512730,exact,"Σταματίνα Τσιμτσιλή: Η αγωνία της παρουσιάστριας για τη φωτιά στην Αττική - ""Μιλάμε με γείτονες, φίλους και προσευχόμαστε"" https://t.co/V7IX6wf0uJ",1,0
Mon Aug 12 19:32:59 +0000 2024,1823080257831706858,exact,"Χαοτική Κηλίδωση, ήταν εκείνη της Μόνικα Λεβίνσκι  Όλα τα άλλα είναι ανικανότητα του κρατικού μηχανισμού  #Φωτιά",22,9
Mon Aug 12 19:32:59 +0000 2024,1823080256883798408,exact,@user @user Α ναι; Που είσαι να έρθω να σου βάλω τα τσιγάρα στο στόμα να τα φας. 2 εκρήξεις ακούσαμε. Ο μαύρος καπνός που έβλεπες από τα τσιγάρα είναι; Σου είπαν τσιγάρα εσένα ε και θα κοιμηθείς ήσυχος ; Μην κάνεις τον έξυπνο βραδιάτικα. Σε παρακαλώ. Το σπίτι του βοσκού στο Τσακ το σώσανε οι https://t.co/7c1YCSfBOf,76,5
Mon Aug 12 19:32:57 +0000 2024,1823080249095287010,exact,@user συνεχώς έχουμε εκκενώσεις στις φωτιες απλώς γίνονταν με μεγάφωνα. Χώρια που είναι μες τα δάση έχουν άμεση εκκένωση. Η πιο διασημη πρόσφατη εκκένωση έγινε στην Κινέττα το '18 την ίδια μέρα που η ίδια εντολή που δεν δόθηκε στο Ματι δημιούργησε τη μεγαλύτερη τραγωδία,0,0
Mon Aug 12 19:32:50 +0000 2024,1823080222209769727,exact,"@user @user φωτιά,μπορεί να περιμένει!Μας περνούν για τόσο ηλίθιους!!!Σε λίγο καιρό η χώρα θα πλημμυρίσει -λογικό μετά την φωτιά-και μετά θα μιλήσουν για κλιματική αλλαγή ή θα μας φέρουν ιό παγωνοπαγκολίνο!Και δείτε και τι δύναμη έρχεται αύριο,φοβερή,τεράστια!Μας",0,0
Mon Aug 12 19:32:39 +0000 2024,1823080175614976309,exact,Οι αλλοι παραπονούνται πως δεν υπάρχει πυροσβεστική εμπρος απο καθε σπίτι σε ένα μέτωπο 40 χιλιομέτρων. Μη γινεις αριστερός παιδί μου. Είναι ξεφτίλα.,11,1
Mon Aug 12 19:32:35 +0000 2024,1823080158867095783,exact,@user Ε αει στα σκατα πια κομματοσκυλα του κέρατα. Καίγεται ο κόσμος τα δάση ζωα τ πάντα αυτή τη στιγμή κ συ πατάς πανω σε πτώματα για να μας πεις τι. Ολοι εσείς κ τα κόμματα σας είστε υπεύθυνοι γι αυτά τα χάλια.,0,0
Mon Aug 12 19:32:35 +0000 2024,1823080157785059789,exact,"Μλκ, έχει φωτιά στη γειτονιά μου στην Αγγλία.",37,12
Mon Aug 12 19:32:33 +0000 2024,1823080148754993263,exact,Ρε που ζούμε;; Η φωτιά που ήταν στον ΒΑΡΝΑΒΑ  είναι δυο τετράγωνα πάνω από το σπίτι μου. ΣΤΟΝ ΓΕΡΑΚΑ.  #φωτιατωρα,5,1
Mon Aug 12 19:32:32 +0000 2024,1823080145206284751,exact,Το 2018 η φωτιά σταμάτησε γιατί βρήκε θάλασσα. Το 2024 η φωτιά σταμάτησε γιατί βρήκε τσιμέντο. Goodnight and good luck... #Φωτια_τωρα #φωτια #φωτιατωρα #φωτια_πεντελη #φωτιες #Αττικη,4,1
Mon Aug 12 19:32:30 +0000 2024,1823080136972857624,exact,"@user @user Καμμένα διαβατήρια, φωτογραφίες από εμπρηστές και φωτιά στην Άνω Γλυφάδα. Ολοφάνερο",2,0
Mon Aug 12 19:32:29 +0000 2024,1823080133911064617,exact,@user Κανένας δε μπορεί να γνωρίζει τίποτα εγώ όμως λέω ότι η Αθήνα έχει μηδαμινές πιθανότητες να επιβιώσει σε μεγάλη πυρκαγιά. Είναι 6 εκ πληθυσμός ως πόλη και με μηδέν υποδομές αν επικρατήσει πανικός η διαφυγή των πολιτών θα είναι από πού κ πως; Αφού θα κλείσουν όλα λόγω όγκου.,0,0
Mon Aug 12 19:32:29 +0000 2024,1823080130870227157,exact,@user @user Μακάρι να πάρει φωτιά το σπίτι σου και να μην έρχεται κανένας,3,0
Mon Aug 12 19:32:19 +0000 2024,1823080090562904513,exact,"@user Χέρια υπάρχουν. Πυροσβεστικά μέσα δεν υπάρχουν. Χρειάζονται ειδικές στολές, αναπνευστικές συσκευές τυπου AGA, αντιφλας. Δεν μπαίνεις ετσι σε μια φωτιά. Έπρεπε από τον Μάρτιο/Απρίλιο να στηθεί μια επιχείρηση καθαρισμού των δρόμων και δημιουργία αντιπυρικων ζωνών. Τώρα είναι αργά",5,1
Mon Aug 12 19:32:09 +0000 2024,1823080048116773017,exact,@user Μετράει ο μαλακας τη θερμότητα που εκπέμπεται κ την πλασάρει για φωτιά για να δικαιολογήσουν ότι καιγόμαστε  Τι άλλο θα διαβάσουμε!,3,0
Mon Aug 12 19:31:54 +0000 2024,1823079987357909473,exact,"Δεν είναι φωτιά, είναι ai #φωτια #αίσχος",2,0
Mon Aug 12 19:31:47 +0000 2024,1823079956790055126,exact,Πύρινη κόλαση στην Αττική: Σχεδόν 100.000 στρέμματα έχει κάψει η φωτιά! (ΦΩΤΟ) https://t.co/HSEIKTuSKR,3,0
Mon Aug 12 19:31:40 +0000 2024,1823079925173379473,exact,Η τιμωρία του εγκλήματος της (εθνικής) παρακμής #Ysterografa #Υστερογραφα #φωτια #φωτια_πεντελη #φωτιά #φωτιές #Πεντελη #Διονυσος #Μαραθωνας #πυροσβεστες #Βαρναβας #ΝεαΜακρη  https://t.co/Q8rbou0Qbp,2,0
Mon Aug 12 19:31:35 +0000 2024,1823079906386833539,exact,"@user Εδώ ταιριάζει απίστευτα το  Εδώ ο κόσμος καίγεται και η Τάνα λούζεται   Αλλά για να πω και του στραβου το δίκιο δεν είναι όλοι οι δημοσιογράφοι για όλα καθένας με το θέμα του , τι να κάνουμε να κάτσουμε να μαλώνουμε δεν είναι η ώρα",0,0
Mon Aug 12 19:31:29 +0000 2024,1823079879643988097,exact,@user Εδώ και 3 ωρες μας δείχνουν ένα εργοστάσιο να καίγεται 🤷,6,0
Mon Aug 12 19:31:26 +0000 2024,1823079869137436744,exact,Megafire η πυρκαγιά της βορειοανατολικής Αττικής - Έχουν καεί πάνω από 100.000 στρέμματα,1,0
Mon Aug 12 19:31:25 +0000 2024,1823079863588126848,exact,Ας τους να εκτονωθούν μέσω σοσιαλ και σε τρεις μέρες θα έχουν ξεχάσει τα πάντα . Έχουν  εκπαιδευτεί σε αυτό άλλωστε #φωτιά,8,1
Mon Aug 12 19:31:21 +0000 2024,1823079846412722644,exact,@user Σαν να έχει φτάσει η φωτιά στην Πυλαία πάνω κάτω.,1,0
Mon Aug 12 19:31:19 +0000 2024,1823079840741777674,exact,@user Που έχει φωτιά στην Βρετανία βρε πανέξυπνε?,85,2
Mon Aug 12 19:31:10 +0000 2024,1823079802212868356,exact,@user Θυμάστε τι έγινε πέρυσι με την αποθήκη πυρομαχικών στην φωτιά στον Βόλο; Εεε νομιζω αυτό τα λέει όλα 🤭,5,0
Mon Aug 12 19:31:09 +0000 2024,1823079797993418764,exact,"@user Για δες ρε μια σύμπτωση… α, άκου ακόμα μια. Η πρώτη φωτιά μπήκε λίγες ώρες μετά την ανακοίνωση του κόκκινου συναγερμού. Φοβερό;;;",1,0
Mon Aug 12 19:31:07 +0000 2024,1823079787793121481,exact,Φωτιά στη ΒΑ Αττική: Διάσπαρτες εστίες στη Λ. Μαραθώνος – Η πυροσβεστική δημιουργεί αντιπυρικές ζώνες https://t.co/CrY0qb7emE https://t.co/AyZBmPb8cY,0,0
Mon Aug 12 19:31:07 +0000 2024,1823079787050799289,exact,Τεράστια αναζωπύρωση στο Άνω Σουλι #Μαραθωνας #φωτια https://t.co/SWhLwOVzil,4,10
Mon Aug 12 19:31:05 +0000 2024,1823079778632475110,exact,Φωτιά στην Αττική – Αναφορές για αγνοούμενη στα Βριλήσσια https://t.co/vRVfUIkeqm #Αττικη #φωτια #πυρκαγια #Βριλησσια #γυναικα https://t.co/pbPiisNtn4,2,0
Mon Aug 12 19:30:49 +0000 2024,1823079714036351325,exact,"@user Αυτός καταδικάστηκε για τη φωτιά στο Μάτι, και είναι έξω;;;;",5,0
Mon Aug 12 19:30:39 +0000 2024,1823079671829049755,exact,"@user Μικρό μέτωπο, με χαμηλής έντασης  ανέμους σε προσβάσιμη περιοχή.  Σε αντίθεση, δύσκολη φωτιά ήταν στην Εύβοια το 2021 με τεράστιο μέτωπο σε δύσβατες περιοχές",2,0
Mon Aug 12 19:30:39 +0000 2024,1823079669639295053,exact,@user Ξεκάθαρα! Μόνο με Μητσοτακη έχουμε εμπρησμούς.  Και μετά βγαίνουν να κάνουν πορείες οι πυροσβέστες για να φτιάξουν κλίμα και τον υποχρεώνουν να τους καταστείλει και να τους βρέχει για να φανεί ότι ολιγώρησε ενώ τα έχει κάνει όλα σωστά και θα βάλουν φωτιά και στον Εθνικό κήπο,1,0
Mon Aug 12 19:30:26 +0000 2024,1823079615851573359,exact,"- Είναι τραγικό αυτό που συνέβη, αλλά και μια ευκαιρία για να φτιάξουμε καλύτερα σπίτια.  - Ο ΠΘ δεν είχε λάβει καμία έρευνα που να λέει ότι ο άνθρωπος χρειάζεται οξυγόνο.  - Φταίει ξεκάθαρα η πυροσβεστική. Ο ΠΘ δεν γνώριζε ότι οι αστυνομικοί δεν ξέρουν να σβήνουν φωτιές.  #φωτια",4,0
Mon Aug 12 19:30:24 +0000 2024,1823079606435635686,exact,"Μπράβο στα 15χρονα παιδιά που δεν εκκενωσανε,αλλά παλεύουν με την φωτιά ολομοναχα.#φωτιά",7,0
Mon Aug 12 19:30:12 +0000 2024,1823079556682498252,exact,Οι 700 δασοκομαντος ρε παιδια που ειναι? Παίζει να εχω μετρησει περισσότερους δημοσιογράφους απο πυροσβεστες. Εκει στην πυροσβεστικη μιληστε ρε μαγκες οτι δεν εχετε τίποτα και σας στελνουν σαν ζωα σε σφαγη στην μαχη. Με γουρουνες ρε μαλακες? 🤣#φωτιά #πυρκαγια #βαρναβα https://t.co/LLFkJBhS01,3,1
Mon Aug 12 19:30:05 +0000 2024,1823079530703282201,exact,"#Φωτιά στην #Αττική: Ενισχύεται η συνδρομή προς την Ελλάδα με βοήθεια από Σερβία, Ρουμανία και Τουρκία https://t.co/ccG0ytMY2R",1,0
Mon Aug 12 19:29:54 +0000 2024,1823079481973875011,exact,@user @user Όσο και να τρέξει η πυροσβεστική δυστυχώς τρέχει πίσω από την φωτιά το θέμα είναι όπως σωστά τα λές να μην πάρει μετά.........,1,0
Mon Aug 12 19:29:45 +0000 2024,1823079442949812368,exact,Ένα «συγγνώμη» έστω εδώ ρε αλήτες ; #φωτια #Φωτια_τωρα #φωτια_πεντελη #φωτιά https://t.co/KX7NXUzt8Y,10,1
Mon Aug 12 19:29:41 +0000 2024,1823079427779297356,exact,"@user Ε αυτό έπρεπε να το πεις πρώτα στον ΜΛΚ τον αρχηγό σου που πάτησε επί πτωμάτων, πρόσβαλε νεκρούς, έπαιξε με τον πόνο των συγγενών, ζήτησε την παραίτηση του Τσίπρα κ 2 μόλις μήνες αφού έγινε πρωθυπουργός, δήλωνε στον ΟΗΕ ότι η φωτιά στο Μάτι ήταν αποτέλεσμα της κλιμ.αλλαγής!",0,0
Mon Aug 12 19:29:27 +0000 2024,1823079368215728415,exact,🔥 ⁉️ #Κασσελάκης για #φωτιά στην #Αττική: «Απίστευτο να συμβαίνει αυτό στην #Αθήνα» https://t.co/udNmbpxK2P,3,0
Mon Aug 12 19:29:26 +0000 2024,1823079367225852056,exact,"@user Κύριοι καλά τα αεροσκάφη αλλά αν δεν πατήσει αρβύλα στο έδαφος καμία φωτιά δεν σβήνει και αυτό χρειάζεται δρόμους, δεξαμενές νερού για αναπλήρωση τόσο στα εναέρια μέσα όσο και στα επίγεια επίσης χρειάζεται και το δάσος να είναι όσο το δυνατόν καθαρό αλλά μας έχει φάει η μαλάκια⬇️",3,0
Mon Aug 12 19:29:23 +0000 2024,1823079351799193994,exact,"-Κύριε Κικίλια, τι είναι αυτή η κηλίδωση; -Α είναι που χεστήκαμε  #φωτιά #πυρκαγια",1,0
Mon Aug 12 19:29:22 +0000 2024,1823079347537826267,exact,@user @user Με τα ίδια προσόντα που είχες στη φωτιά στο μάτι ρε άχρηστε,0,0
Mon Aug 12 19:29:20 +0000 2024,1823079342085165302,exact,Φωτιά στην Αττική: Δήμοι συγκεντρώνουν είδη πρώτης ανάγκης για τους πυρόπληκτους – Τι ζητάνε - https://t.co/wzSWbZ990L,0,0
Mon Aug 12 19:29:07 +0000 2024,1823079287408165318,exact,🔥Συγκλονιστικό βίντεο τώρα  από την λεωφόρο #Πεντέλης με τους Πυροσβέστες να θέτουν σε κίνδυνο την ζωή τους να καούν ζωντανοί προσπαθώντας  να θέσουν υπό έλεγχο την #πυρκαγιά.   Βίντεο :  Αντώνης Παπανίκου https://t.co/embEKXCq4Z,143,78
Mon Aug 12 19:29:03 +0000 2024,1823079267346915724,exact,Μέχρι και επίθεση από εξωγηινους θα επικαλεστούν για να καλύψουν την ανικανότητα του επιτελικού τους Κρατους...#φωτιά,4,0
Mon Aug 12 19:28:53 +0000 2024,1823079228646015369,exact,@user Εγώ γνωρίζω ότι υπάρχουν εκατοντάδες παιδιά που βοηθανε να  σβήσουν τη φωτιά για να μην καεί για 5η φορά το σπίτι σου στην Πεντέλη.  Εσυ πάλι κωλοβαρας και γράφεις στο τουιτερ,0,0
Mon Aug 12 19:28:53 +0000 2024,1823079227266113839,exact,Αν δεν είσαι δέντρο σπίτι ή άνθρωπος δεν έχεις λόγο να φοβάσαι την φωτιά. Γνώμη μου πάντα,6,4
Mon Aug 12 19:28:44 +0000 2024,1823079190612046152,exact,@user Εδώ ο κόσμος καίγεται και η Λίνα ακομα κάνει αντιπολίτευση στον Σύριζα...,0,0
Mon Aug 12 19:28:37 +0000 2024,1823079159146676487,exact,"@user @user Επί ""covid"" μας έκλεισαν όλους μέσα με την μία,στέλναμε sms  για να βγούμε από τα σπίτια μας,μην τυχόν και βήξουμε και κολλήσουμε κανα περιστέρι,τα ιπτάμενα ποντίκια.Η φωτιά καίει από χθες,θα πιάσει Σύνταγμα και μας λένε πως θα φθάσει βοήθεια αύριο,διότι η",0,0
Mon Aug 12 19:28:34 +0000 2024,1823079148425998803,exact,Επί 26 ημέρες (σε λίγες ώρες γίνονται 27 οι ημέρες) καίγεται ή περιοχή των Σερρών. Και το επιτελικό κράτος ανύπαρκτο. Πέφτω απο τα σύννεφα ρε...,18,9
Mon Aug 12 19:28:34 +0000 2024,1823079147599536511,exact,@user Τα πρώτα ελικόπτερα πήγαν 45 λεπτά μετά που είδαν την πυρκαγιά. Οπότε μάθε αριθμητική.,0,0
Mon Aug 12 19:28:25 +0000 2024,1823079108311716220,exact,Μας έσωσε ο Μπακογιάννης που δεν έφτασε η φωτιά στο Σύνταγμα   Εκανε αντιπυρικες ζώνες και εμείς τον χλευαζαμε.,0,0
Mon Aug 12 19:28:24 +0000 2024,1823079103173652928,exact,@user Θα βομβαρδίσουν τη φωτιά. Φωτιά με φωτιά που λέει και το άσμα😂,3,0
Mon Aug 12 19:28:20 +0000 2024,1823079089030492395,exact,Ε όχι και να τα βάζουμε με τους πυροσβέστες... Άλλο εάν δεν υπάρχει συντονισμός άνωθεν #φωτιά,1,0
Mon Aug 12 19:28:04 +0000 2024,1823079022114361457,exact,"Εγώ είδα 15χρονα παιδιά επί δύο ώρες να κρατάνε την φωτιά να μην βγει έξω από το εργοστάσιο ξυλειας.Και μετά ήρθαν οι πυροσβέστες και ο ερυθρός Σταυρός,ατσαλακωτοι,πεντακαθαροι να το παίξουν ήρωες μπροστά στην καμερα.#φωτιά",2,0
Mon Aug 12 19:28:03 +0000 2024,1823079015827095895,exact,@user Το ότι παινεύεσαι για εκκένωση νοσοκομείου δείχνει το ποσο πάτο έχουμε πιάσει,2,0
Mon Aug 12 19:27:59 +0000 2024,1823078999117254915,exact,Ανικανότητα διαχείρισης και τίποτα άλλο. Ας παραιτηθούν τώρα. Δεν μπορούν. #φωτιά,0,1
Mon Aug 12 19:27:55 +0000 2024,1823078982754967920,exact,"@user ...τα πυροσβεστικά αεροπλάνα μπορούν μόνο να σβήσουν φωτιά κι αυτό όχι πάντα... ...Δε μπορούν να συγκαλυψουν διαφθορά, έγκλημα, αναξιοκρατία,  οικογενειοκρατια και ανικανότητα. Επίσης δεν μπορούν να κάνουν χυδαία προπαγάνδα, αλλοιωνοντας την πραγματικότητα.   Άρα σαφώς υστερούν.",3,0
Mon Aug 12 19:27:55 +0000 2024,1823078982712955180,exact,"Φωτιά Αττική: Δύσκολες ώρες βιώνει η έγκυος, στο τρίτο της παιδί, Μαντώ Γαστεράτου η οποία μόλις πριν λίγα 24ωρα πήρε εξιτήριο από το μαιευτήριο όπου νοσηλευόταν  https://t.co/qgmRb9iKmC",2,0
Mon Aug 12 19:27:41 +0000 2024,1823078926199169521,exact,@user Να σου θυμίσω ότι όταν καίγεται η Τουρκία στέλνουμε κ εμείς πυροσβεστικά. Όταν έπεσε η Τουρκία από σεισμούς στείλαμε κ εμείς συνεργία. Κ τα όπλα θα τα αγοράσεις γιατί σε κατάσταση πολέμου όλα αυτά δεν παίζουν κανένα ρόλο!  Μπερδεύεσαι Νικόλα κ δεν κάνει!,4,0
Mon Aug 12 19:27:30 +0000 2024,1823078876987158878,exact,"Καίγεται ένας σκουπιδοτενεκές μετά απο μια πορεία:  Δεν πάει άλλο με την βία, η χώρα είναι ανοχύρωτη.  Καίγεται όλη η ΒΑ Αττική απο τις πυρκαγιές:  Δεν είναι ώρα τώρα για κριτική, η κυβέρνηση δεν έχει ευθύνη.",1063,365
Mon Aug 12 19:27:26 +0000 2024,1823078861027803545,exact,@user Εδώ το χωριό καίγεται και το .....,1,0
Mon Aug 12 19:27:22 +0000 2024,1823078847128158680,exact,"Τι κάνετε έτσι,άμα φτάσει Εκάλη η φωτιά τόσες πισίνες έχει θα σβήσει",9,4
Mon Aug 12 19:27:22 +0000 2024,1823078845940965634,exact,Δήμαρχος Πεντέλης: Αναζωπύρωση της φωτιάς και στο Αστεροσκοπείο https://t.co/Vf2QG1UBXy,1,0
Mon Aug 12 19:27:09 +0000 2024,1823078788726439953,exact,"@user Αν αυτή τη στιγμή το εργοστάσιο ξυλείας που καίγεται στην Πεντέλη είναι το δικό του, καλά να πάθει",7,0
Mon Aug 12 19:27:07 +0000 2024,1823078781432758673,exact,Πυροσβεστική: 44 αγροτοδασικές πυρκαγιές το τελευταίο 24ωρο στη χώρα https://t.co/WrCinjwlNL https://t.co/xxqA8jT3n8,1,1
Mon Aug 12 19:27:07 +0000 2024,1823078781281829306,exact,Φωτιά στη ΒΑ Αττική: Διάσπαρτες εστίες στη Λ. Μαραθώνος – Η πυροσβεστική δημιουργεί αντιπυρικές ζώνες https://t.co/WrIBEoyvcX 👈 κλικ εδώ #newshubgr #crete #ellada #ειδήσεις #εξελίξεις https://t.co/3Qc58vWMQk,0,0
Mon Aug 12 19:27:03 +0000 2024,1823078767105110509,exact,Υπό έλεγχο τέθηκε η φωτιά στην Τερψιθέα της Γλυφάδας - Εμπρησμό καταγγέλει ο δήμαρχος https://t.co/zGEebBR5yX,0,0
Mon Aug 12 19:27:03 +0000 2024,1823078767033516247,exact,@user Εγώ θα ήθελα να μου πουν αν έχει τύχει ποτέ να πιάσει φωτιά μέρος που έχουν σπίτια πρωθυπουργός και υπουργοί. Και να μου βρείτε κάποιο που καηκε,4,0
Mon Aug 12 19:26:51 +0000 2024,1823078716815155695,exact,"Με βάση τα όσα κάηκαν Αττική τα τελευταία χρόνια, συν τα τωρινά, δηλαδή όλα, είμαι απόλυτα βέβαιος ότι το 2025 η προετοιμασία της κυβέρνησης για την αντιμετώπιση της #φωτιά θα είναι απόλυτα επιτυχημένη. Καμιά #πυρκαγιά δε θα ξεσπάσει κοντα στην Αθήνα. Μια επιτυχία του Κυριάκου.",46,16
Mon Aug 12 19:26:45 +0000 2024,1823078688130302222,exact,Ο μόνος λόγος που παραμένουμε στην χώρα είναι γιατί όλοι θεωρουμε τους εαυτούς μας πιο άξιους από τον Κικίλια και ως εκ τούτου περιμένουμε την ώρα που θα υπουργοποιηθουμε....#φωτιά,5,1
Mon Aug 12 19:26:43 +0000 2024,1823078683453849955,exact,@user Βουλωστο το ρημάδι σου και μέχρι να σβήσει η φωτιά μην ξαναδώ κανένα ποστ.,1,0
Mon Aug 12 19:26:43 +0000 2024,1823078683143229761,exact,"@user @user Νομίζω η συγκεκριμένη πυρκαγιά θα βγάλει ειδήσεις μετά το τέλος της, τις οποίες ίσως να γνωρίζουν από τώρα αλλά δεν έχουν δημοσιοποιήσει ακόμα; Και λένε πως οι αρχές είναι σε επιφυλακή για όλη την Αττική σήμερα το βράδυ...",5,0
Mon Aug 12 19:26:33 +0000 2024,1823078640927887640,exact,@user Νίκο θέλω φωτογραφία από τα διόδια και από τα λιμάνια. Γαμησε τη φωτιά τώρα στα παπαρια μας. Πόσοι έφυγαν σήμερα για διακοπές αυτό μας καίει,0,0
Mon Aug 12 19:26:25 +0000 2024,1823078607620620620,exact,Φωτιά στην Αττική: Ενισχύεται η συνδρομή προς την Ελλάδα μέσω του Ευρωπαϊκού Μηχανισμού Πολιτικής Προστασίας https://t.co/mVkrvCU9ed,5,3
Mon Aug 12 19:26:17 +0000 2024,1823078572589781387,exact,Φωτιά στην Αττική: Συγκλονιστικό βίντεο από το Πάτημα Χαλανδρίου – Ρίψεις νερού από ελικόπτερο μέσα στον αστικό ιστό https://t.co/oJydEz8d0u,3,1
Mon Aug 12 19:26:09 +0000 2024,1823078537907015841,exact,"Θα έπρεπε να δοκιμάσουν στην αρχή που τα μέτωπα ήταν μικρά, να τα βομβαρδίσει η πολεμική αεροπορία και στο καπάκι να ρίξουν νερό τα πυροσβεστικά. Είναι γνωστό ότι η έκρηξη σβήνει προσωρινά μία μεγάλη φωτιά. ￼",0,0
Mon Aug 12 19:26:02 +0000 2024,1823078508932788569,exact,Φωτιά στην Αττική: Πύρινος ανεμοστρόβιλος σχηματίστηκε στο γήπεδο του Διονύσου (βίντεο) https://t.co/zWHWAjSksv,1,2
Mon Aug 12 19:25:51 +0000 2024,1823078465517527331,exact,Θέμα στα διεθνή ΜΜΕ η φωτιά στην Αττική: 'Χρώμα Αποκάλυψης - Εκκενώσεις κοντά στην Αθήνα' #missbloomgr https://t.co/Dm8lRCdtKZ,0,0
Mon Aug 12 19:25:36 +0000 2024,1823078402305175833,exact,"@user @user Ακριβώς!  Φυσικά η πρόληψη χρειάζεται ( σε αυτό έχει δίκιο ο φίλος μας) αλλά υπό τέτοιες συνθήκες ξηρασίας κ αέρα, άπαξ και ξεκινήσει η φωτιά, τελειώνει στη θάλασσα. Κι επειδή είμαι κάτοικος εδώ, η κινητοποίηση ήταν τεράστια. Έχει βελτιωθεί η πυροσβεστική",1,0
Mon Aug 12 19:25:32 +0000 2024,1823078383456018871,exact,Πως γίνεται να είναι απροετοίμαστος ο κρατικός μηχανισμός σε μια χώρα που καίγεται κάθε καλοκαίρι; #φωτια,930,206
Mon Aug 12 19:25:20 +0000 2024,1823078331975135459,exact,@user @user @user @user @user Και πέρυσι είχαμε την μεγαλύτερη φωτιά στην ιστορία της ΕΕ και φέτος την μεγαλύτερη στην Αθήνα  και τα προάστια της! Επειδή το επίπεδο οργάνωσης είναι αδιανόητο ( και της ανικανότητας),6,0
Mon Aug 12 19:25:06 +0000 2024,1823078274718990512,exact,#Φωτιά στην #Αττική: Αναφορές για αγνοούμενη στο Χαλάνδρι https://t.co/HjzGbzygKE,1,1
Mon Aug 12 19:25:05 +0000 2024,1823078268884693331,exact,Φωτιά στην Αττική: Από την πυρκαγιά του 2009 στο χάος του 2024 #ΦΩΤΙΑ_ΤΩΡΑ #ΦΩΤΙΑ_ΑΤΤΙΚΗ https://t.co/dJ5OwPhFLR,0,0
Mon Aug 12 19:25:04 +0000 2024,1823078266053562770,exact,Εν τω μεταξύ αν πήγαινε βόρεια δε θα φωτιά στην Αττική.,0,0
Mon Aug 12 19:25:02 +0000 2024,1823078259648872724,exact,Πυροσβεστική: Οι αναζωπυρώσεις δημιουργούν διαρκώς νέες εστίες που εξαπλώνονται αστραπιαία https://t.co/CH1wt6IlrC,0,0
Mon Aug 12 19:24:58 +0000 2024,1823078242829631791,exact,"@user Ίσα ρε Τάκη... Αν όμως τα έκοβε προληπτικά η Πυροσβεστική, και το είχε βιβτεοσκοπήσει κιόλας, θα μας είχατε ζαλίζει με τα: ""Κόβουν τα δέντρα γιατί δεν μπορούν να τα σώσουν."", ""Δεν τους νοιάζει η φύση μόνο η επικοινωνία."" και διάφορες τέτοιες επικολυρικές παπάντζες.",35,1
Mon Aug 12 19:24:55 +0000 2024,1823078227658571827,exact,Διάσπαρτες εστίες στη Λ. Μαραθώνος – Η πυροσβεστική δημιουργεί αντιπυρικές ζώνες https://t.co/lPbzMEsRlx,0,0
Mon Aug 12 19:24:37 +0000 2024,1823078153314500869,exact,"Γιάνναρος πυρομετεωρολογος στο ΣΚΑΪ τώρα: Φυσιολογική η εξάπλωση της πυρκαγιάς λόγω ανέμων,ευθύνες στον συντονισμό και την διαχείριση των πυροσβεστικών δυνάμεων.  #φωτιά",2,0
Mon Aug 12 19:24:34 +0000 2024,1823078140194812014,exact,"@user Λοιπόν. Τι μου έμαθε εθελοντής Δασοπροστασιας το 97 πριν καούμε. Μου είπε δείχνοντας μου την Νότια πλευρά της Πεντέλης κι ενώ η φωτιά έκαιγε πρωί στο Γραμματικό. Αν η φωτιά περάσει την Διονύσου με τέτοιο αέρα, θα καβαλήσει το βουνό. Κι αν φτάσει σε αυτή τη χαράδρα (αυτή που &gt;",9,2
Mon Aug 12 19:24:31 +0000 2024,1823078127704342761,exact,@user @user @user Να δημοσιεύσει η πυροσβεστική τότε όλα τα raw αρχεία από το engage που ήταν οι δυνάμεις κ να τα κάνουμε αντιπαραβολή με την κίνηση της φωτιάς κ αυτό να γίνει δημόσια προσβάσιμο..να δούμε κάτι λίγο..τι λετε; Συμφωνείτε δεξιά καθάρματα της ΝΔ;,0,0
Mon Aug 12 19:24:16 +0000 2024,1823078064638824453,exact,Αντιαθλητικό  Κοτζαμ φωτιά έφυγε από του διαολου την μανα κ πήγε στα Βριλήσσια   Καταρχάς   Ποιος και γιατί στην ευχή να πάει στα Βριλλησια?,5,0
Mon Aug 12 19:24:11 +0000 2024,1823078045508587603,exact,Φωτιά και στον Βόλο – στην Βιομηχανική Περιοχή https://t.co/6hry2gB5zj #Thessaloniki #skg #TheOpinion,0,2
Mon Aug 12 19:24:05 +0000 2024,1823078020132864339,exact,"Εσεις οι αγνοι την καρδιαν που πιστευετε στην κλιματικη αλλαγη ειστε τοσο πολυ τυχεροι  μεσα στους σκοτεινους καιρους που ζουμε ,σχεδον σας ζηλευω …. #φωτια_πεντελη https://t.co/sTcOj2hQWg",2,0
Mon Aug 12 19:24:02 +0000 2024,1823078005360751034,exact,@user @user @user Δεν ανάβει φωτιά από το τσιγάρο είναι γνωστό αυτό...,1,0
Mon Aug 12 19:24:01 +0000 2024,1823078001799725127,exact,Για όποιον χρειάζεται βοήθεια για τα ζωάκια του!  #Διασωσεις #ζωα_σε_κινδυνο  #Φωτια   Μόλις ανέβασε η #dogsvoice https://t.co/eGUQ85wC1j,37,119
Mon Aug 12 19:24:00 +0000 2024,1823077997370380634,exact,@user Κανείς κριτική ρε άχρηστο σκουπίδι σε άνθρωπο που καίγεται το σπιτι του; Ρε μαλακες τι έχετε μέσα στα κεφαλιάς σας; Εκτός από σκατα. Πάνε γλύψε την κ@user του κουλη ρε άχρηστε!,0,0
Mon Aug 12 19:23:55 +0000 2024,1823077977674183081,exact,αυτα ας τα βλεπουν και ο τιτανομεγιστος με 50 χρονια εμπειριας👠 και τα 3 ΤΣοκαρα!👄🤳💅🤑της παρεας...#φωτια #πατρα_δικη Α,3,0
Mon Aug 12 19:23:52 +0000 2024,1823077965841760593,exact,"Λοιπόν δεν το καταλαβαίνω. Στο Γέρακα έδειχναν τόση ώρα μόνο εθελοντές (και παιδιά αν είναι δυνατόν) και τους πυροσβέστες να μην κινούνται. Αλλάζει ο άνεμος, εξαπλώνεται η φωτιά και το Μεγκα μεταδίδει ότι ΤΩΡΑ μπήκαν οι πυροσβέστες. Κάτι δεν στέκει. #φωτιά",4,0
Mon Aug 12 19:23:40 +0000 2024,1823077912645394860,exact,"Με μια #φωτιά που ξεκίνησε 20 χιλιόμετρα μακριά, κατάφεραν να κάψουν: Πεντέλη ✔️ Κηφισιά ✔️ Βριλήσσια ✔️ Μελίσσια ✔️ Γέρακα ✔️ Χαλάνδρι ✔️  ΑΧΡΗΣΤΟΙ!!! https://t.co/zAkVMbEWEM",82,36
Mon Aug 12 19:23:37 +0000 2024,1823077903132692942,exact,@user @user @user δεν τα έμαθες; ακόμα φωτιά έχουμε 🖐️,1,0
Mon Aug 12 19:23:36 +0000 2024,1823077896715416008,exact,"Μπορεί να γυρίσει λίγο το πλάνο στους επαγγελματίες πυροσβέστες που βρίσκονται στο εργοστάσιο ξυλείας γιατί βλέπουμε μόνο εθελοντές, κατοίκους και παιδιά μόνο; #φωτια #Πυρκαγια",1,0
Mon Aug 12 19:23:36 +0000 2024,1823077895524298824,exact,Στις επόμενες εκλογές μην ξεχάσετε πάλι να κάνετε αποχή ναι?! #Φωτια_τωρα  #πυρκαγια #Πυρκαγιες #φωτια,6,0
Mon Aug 12 19:23:32 +0000 2024,1823077881666273597,exact,"Το #Μπαζωμα ,με οποιο μεσο, ειναι η ειδικοτητα της μαφιοπαρεας που μας κυβερνα. Θεατες η πολιτες ειμαστε?  #φωτια #φωτια_πεντελη #Αττικη",1,0
Mon Aug 12 19:23:27 +0000 2024,1823077858459123730,exact,"Επικίνδυνα πεύκα, φλογισμένα κουκουνάρια, πυρομανή πουλιά.  Αυτό δεν είναι χώρα, θρίλερ του Στίβεν Κινγκ είναι.   #φωτια #φωτιατωρα #φωτια_πεντελη",25,3
Mon Aug 12 19:23:23 +0000 2024,1823077843993047477,exact,Φωτιά στην Αττική: Σε ποιους δήμους γίνεται συγκέντρωση ειδών πρώτης ανάγκης https://t.co/Z0BKP2x4HW #Ant1news #φωτια #Αττικη https://t.co/oXKlqa3d8O,0,0
Mon Aug 12 19:23:23 +0000 2024,1823077842600562950,exact,"#πυρκαγια #φωτια Νέα μέτρα στήριξης από την κυβέρνηση. Ο πρωθυπουργός αποφάσισε την άμεση θέσπιση fire pass ύψους 2€ για κάθε πυρόπληκτο νοικοκυριό, το οποίο θα περιλαμβάνει ένα μπουκαλάκι νερό και ένα κρουασάν https://t.co/y6jBE4hi96",6,0
Mon Aug 12 19:23:11 +0000 2024,1823077791795196305,exact,Το ερώτημα είναι αν όλοι αυτοί που τους καίγονται σπίτια κι επιχειρήσεις είχαν εφαρμόσει τη νομοθεσία του 2023 περί πυροπροστασίας ακινήτων εντός ή πλησίων δασικών εκτάσεων.  Γιατί η κυβέρνηση μας είχε προνοήσει! Από το 2023. Αρκετά με τους ανέυθυνους πολίτες. #φωτια #Πυρκαγια,1,0
Mon Aug 12 19:23:10 +0000 2024,1823077786363289805,exact,"Εκεί έχουμε επενδύσεις, Ιδιωτική πρωτοβουλία, Ellinikon και δεν σημαδεύεται.... Δεν κάνουμε μαλακίες..... #Φωτια_τωρα #φωτια #φωτιατωρα #φωτια_πεντελη #φωτιες",6,0
Mon Aug 12 19:23:00 +0000 2024,1823077745582055523,exact,"Υπάρχει διασωστική ομάδα για τα ζώα στη #Νέα_Μάκρη και την ευρύτερη περιοχή, παρακαλώ κοινοποιείστε το τηλέφωνο 6985780089 #φωτια #Φωτια_τωρα #φωτιατωρα #πυρκαγιά #ζωα_σε_κινδυνο #ζωασεαναγκη #ζωα_φωτια #εθελοντες #διασωση #βοηθεια #ΝεαΜακρη",6,3
Mon Aug 12 19:22:57 +0000 2024,1823077732361625820,exact,Φωτιά στην Αττική: Τιτάνια μάχη με τις φλόγες – Τεράστια καταστροφή -  https://t.co/zhvyPNSF7r https://t.co/jsRLToNyA5,0,0
Mon Aug 12 19:22:53 +0000 2024,1823077716939149373,exact,"@user 🎵""Σε περιμένω να 'ρθεις και πάλι, φωτιά να βάλουμε την πιο μεγάλη""🎵",4,2
Mon Aug 12 19:22:53 +0000 2024,1823077716440023431,exact,Ρεπόρτερ του ALPHA σβήνει τη φωτιά με λάστιχο σπιτιού στο Πάτημα Χαλανδρίου: Εγκλωβίστηκε το συνεργείο (VIDEO) https://t.co/UP6CSNZ2lW,1,0
Mon Aug 12 19:22:52 +0000 2024,1823077714208727501,exact,Φωτιά στην Αττική: Γιγαντιαία επιχείρηση εναέριων &amp; επιγείων δυνάμεων -  https://t.co/wrYbEMprrw https://t.co/IrHgPiy27l,0,0
Mon Aug 12 19:22:39 +0000 2024,1823077658856390691,exact,@user Ξέχασες να αναφέρεις κ το πουλί που ευθύνεται για προηγούμενη φωτιά 🔥,0,0
Mon Aug 12 19:22:34 +0000 2024,1823077635896823914,exact,Απαξίωση ενός ολόκληρου νομού: Ενώ για 26η μέρα καίει η #φωτιά στο όρος Όρβηλος στο νομό Σερρών καίγοντας πάνω από 26.000 στρέμματα η κυβέρνηση απέσυρε τα εναέρια μέσα πυρόσβεσης!  https://t.co/D5tF8h5653,54,40
Mon Aug 12 19:22:28 +0000 2024,1823077613872562574,exact,"Φωτιά στην Αττική: Σερβία, Ρουμανία και Τουρκία στέλνουν βοήθεια για την αντιμετώπιση του μετώπου https://t.co/IlfGZkEmZn",0,0
Mon Aug 12 19:22:27 +0000 2024,1823077609288225216,exact,#Φωτιά στην #Αττική: Πληροφορίες για αγνοούμενη στα Βριλήσσια https://t.co/vRK89LHatI,0,0
Mon Aug 12 19:22:25 +0000 2024,1823077598576222402,exact,@user @user Το 2021 στην ίδια περιοχή μια χαρά την έσβησε την φωτιά,2,0
Mon Aug 12 19:22:19 +0000 2024,1823077574316052983,exact,"@user @user Δεξαμενές υπάρχουν στα δάση. Η αλήθεια είναι ότι πολλές είναι παρατημένες. Σχετικά με τις ζώνες, δεν είναι πανάκεια. &amp; εγώ έτσι νόμιζα μέχρι που είδα τη φωτιά να περνάει την εθνική οδό (6 λωρίδες δρόμο) επειδή ο αέρας μετέφερε τις καύτρες απέναντι. Πόσο πλατιές να είναι;",8,0
Mon Aug 12 19:22:18 +0000 2024,1823077569274445923,exact,Η Παλαιστίνη θέλει να μας βοηθήσει έμας τους #Ελληνες #Μητσοτακη_καθαρμα ακούς; #φωτιά #κυβερνηση_αχρηστων #Πυρκαγια #Palestine,5,1
Mon Aug 12 19:22:00 +0000 2024,1823077494226043051,exact,Σε παραφροσύνη τα ζαιοβελόπουλα καίγεται δυο μέρες η Αττική και δεν έχουμε ένα νεκρό;;πως θα ρίξουν την κυβέρνηση;,5,0
Mon Aug 12 19:21:54 +0000 2024,1823077469571723534,exact,@user @user Καλά να πάθει το κάθαρμα . Αυτόν τον ειδοποίησε να σταματήσει η αστυνομία και όταν έφυγε ξανάβαλε φωτιά και του έφυγε,1,0
Mon Aug 12 19:21:53 +0000 2024,1823077464219742638,exact,"@user Κωλοτρυπιδας. Βρήκε την στιγμή που καίγεται η Αττική, να ανεβάσει τέτοια φώτο...",1,0
Mon Aug 12 19:21:51 +0000 2024,1823077456745533764,exact,Εγκληματίες! Παράγγειλαν επιβραδυντικό υγρό για τον Σεπτέμβρη! Μισούν την Ελλάδα!  ΔΕΙΤΕ ΤΟ ΒΙΝΤΕΟ ΚΑΙ ΔΙΑΔΩΣΤΕ! #Βελόπουλος #Βελοπουλος #Ελληνική_Λύση #Ελλαδα #Ελλάδα #φωτιές #φωτιες #φωτια #πυρκαγιά #Μητσοτάκης #κυβερνηση_Μητσοτακη #Μητσοτακης https://t.co/HM1Im2eZYm,196,55
Mon Aug 12 19:21:48 +0000 2024,1823077445496422531,exact,Η φωτιά ξεκίνησε καμια 40αριά χιλιόμετρα μακριά  από την Αθήνα και σε λίγο θα φτάσει στο κέντρο!! Και το ζαβό μαζί με τα υπόλοιπα δεξιά τρολ θα πανηγυρίζουν που δεν έχουμε νεκρό!! #φωτιά,6,1
Mon Aug 12 19:21:36 +0000 2024,1823077394535821820,exact,@user Στρατιωτικός είμαι και ξέρω πολύ καλά ότι οι ειδικές δυνάμεις δεν έχουν ιδέα πως να σβήνουν φωτιά. Όπως και οι πυροσβέστες δεν έχουν ιδέα από στρατιωτικές επιχειρήσεις.,7,0
Mon Aug 12 19:21:29 +0000 2024,1823077362835107980,exact,Κούρασε η αξυρισιά των κυβερνητικών ….ειναι ξυρισμένοι οι πυροσβέστες και είναι αξύριστοι οι τεμπέληδες …. #φωτιά,5,0
Mon Aug 12 19:21:20 +0000 2024,1823077325212418064,exact,Ο κανονικός δημοσιογράφος κατανοεί ότι ένα εργοστάσιο χημικων που καίγεται μολύνει την ατμόσφαιρα κ μαζεύονται εθελοντές να βοηθήσουν να μην επεκταθεί η μόλυνση. Ο τηλεοπτικός δημοσιογράφος ειπε ότι είναι συγκινητικό που ήρθαν όλοι αυτοι να σώσουν την περιουσία του γείτονα τους. https://t.co/7b76kITzSy,38,13
Mon Aug 12 19:21:19 +0000 2024,1823077321185657201,exact,"@user @user Η πυρκαγιά ξεκίνησε από τον Βαρνάβα, αν γνωρίζετε πού βρίσκεται η εν λόγω περιοχή και έφτασε σήμερα στο Χαλάνδρι, στα Βριλήσσια και εσχάτως στο Γέρακα. Η ίδια φωτιά. Εσείς καταλαβαίνετε???",1,0
Mon Aug 12 19:21:14 +0000 2024,1823077302047043792,exact,"@user Πορτοσάλτε εσύ; Μισό, ξέρω: - Φταίει το δασοκομμάντο - Ευκαιρία να φτιάξουμε καλύτερα σπίτια  - Ο ΠΘ δεν ήξερε ότι η φωτιά δε σβήνει με αστυνομικούς  - Ας είχαν κάνει ασφάλεια σπιτιού  - Η κυβέρνηση θα πρέπει να κάνει damage control και να απασχολεί τα ΜΜΕ με τον Στέφανο  #φωτια",1,0
Mon Aug 12 19:21:08 +0000 2024,1823077274561786252,exact,@user Μυρίζει τον αέρα για να καταλαβει προς τα που θα κινηθεί η φωτιά και να ενημερώσει την πολιτική προστασία  :),1,0
Mon Aug 12 19:21:05 +0000 2024,1823077265426763837,exact,Φωτιά στην Αττική: Αναφορές για αγνοούμενη στο Χαλάνδρι https://t.co/DkmFk83C8d 👈 κλικ εδώ #newshubgr #crete #ellada #Κρήτη #cretannews https://t.co/9bGXchFCOV,0,0
Mon Aug 12 19:21:05 +0000 2024,1823077262775967923,exact,"@user Το θέμα για την Κυρία (και για την κάθε Κυρία), στην τοποθεσια που βρίσκεται (εντός αστικού ιστού), θα ήταν η φωτιά να είχε περιοριστεί από τον κρατικό μηχανισμό, πολύ πριν εκτονωθεί.",0,0
Mon Aug 12 19:20:46 +0000 2024,1823077182836732105,exact,"@user Αυτά τα έλεγε ο Άχρηστος ο Άσχετος ο Άεργος ο Ερασιτέχνης .... Αλλά, θαναι η τελευταία χαρά τους,  αυτή η φωτιά",0,0
Mon Aug 12 19:20:45 +0000 2024,1823077178067591660,exact,Η κατάντια της χώρας μας #φωτια #εκκένωση #κυβερνηση_Μητσοτακη #Ελλαδα #Greece #GreeceFires #GoViral #CrimeWatch #Anonymous https://t.co/EyrRsjaWcx,1,1
Mon Aug 12 19:20:44 +0000 2024,1823077176662479075,exact,"@user @user Πες τα στο μαλάκα τον κούλη που τα χει παραγγείλει. Όσο για τα ""χειρουργικής ακρίβειας"" , σε μια μέρα η φωτιά έχει διανύσει 20χλμ",1,0
Mon Aug 12 19:20:33 +0000 2024,1823077129178743150,exact,"@user Σωστά! Μια πυρκαγιά που ξεκίνησε από το Βαρνάβα και έφτασε Πεντέλη, Βριλήσσια, γραμματικό, Γέρακα!  Μάλλον σε κάθε χιλιόμετρο υπήρχε και ένας εμπρηστής !  Ήθελα να  ξερα δεν ντρέπεσαι ;;;;   https://t.co/bFsAY058Fw",3,0
Mon Aug 12 19:20:26 +0000 2024,1823077100552642808,exact,Κουραστήκαμε κάθε χρόνο και τους μεν και τους δε να κάνουν πολιτική πάνω στις στάχτες..  Και κάθε επόμενη κυβέρνηση έχει μεγαλύτερες ευθύνες απ την προηγούμενη διότι δεν μπορεί να πει ότι δεν γνώριζε..  Κουράσατε όλοι όσοι κυβερνήσατε τα τελευταία 50 χρόνια..  #φωτιά #πυρκαγιά,0,0
Mon Aug 12 19:20:25 +0000 2024,1823077094034952640,exact,@user Νικόλα η φωτιά μπήκε σε αστικό ιστό και δεν την σταματούν. Το έχεις αντιληφθεί;;; Μην ασχολείσαι με ζαιους. Είναι ηλίθιοι. Το ότι μπήκε στον αστικό ιστό το αντιλαμβάνεσαι;;;,1,0
Mon Aug 12 19:20:23 +0000 2024,1823077086325580166,exact,"@user Είπε ο Κικίλιας ότι τα πρώτα 5 λεπτά ήδη επιχειρούσαν. Μία γυναίκα που κάηκε ολοσχερώς το σπίτι της στο Βαρνάβα είπε στο μεγκα κλαίγοντας ότι η φωτιά ξεκίνησε πίσω από το σπίτι της, την είδε και τα μέσα πήγαν μετά από 45 λεπτά. Μάντεψε ποιος λέει ψέματα",8,3
Mon Aug 12 19:20:19 +0000 2024,1823077069258948855,exact,Και στον Γέρακα φωτιά,1,0
Mon Aug 12 19:20:12 +0000 2024,1823077042536972372,exact,ΑΔΜΗΕ για φωτιά στη ΒΑ Αττική: Έχουν επηρεαστεί σημαντικά κυκλώματα υπερυψηλής τάσης https://t.co/9IAmaUctxA,2,1
Mon Aug 12 19:19:59 +0000 2024,1823076987440660884,exact,Στον λαο της Αθήνας να τους δώσετε να δικαστουν.Φτανει με τα χάδια. Φωτιά στην Τερψιθέα Γλυφάδας: Θέμα χρόνου η σύλληψη των δύο εμπρηστών λέει ο δήμαρχος https://t.co/k34Vfi1858,3,1
Mon Aug 12 19:19:57 +0000 2024,1823076977428865092,exact,"Το κτηνιατρείο Animal dogtors δέχεται πυρόπληκτα ζώα, παρακαλώ επικοινωνήστε με το 210 6655558 εάν εντοπίσετε ζώο σε ανάγκη! #φωτια #Φωτια_τωρα #φωτιατωρα #πυρκαγιά #ζωα_σε_κινδυνο #ζωασεαναγκη #ζωα_φωτια #εθελοντες #διασωση #βοηθεια",5,6
Mon Aug 12 19:19:43 +0000 2024,1823076920138850497,exact,ΕΤΟΙΜΑΣΤΕΊΤΕ ΓΙΑ ΤΙΣ ΒΙΒΛΙΚΕΣ ΚΑΤΑΣΤΡΟΦΈΣ ΠΛΥΜΗΡΩΝ ΑΠΟ ΣΕΠΤΕΒΡΗ ΓΙΑΤΙ Ο ΜΗΤΣΟΤΆΚΗΣ ΔΕΝ ΠΡΌΚΕΙΤΑΙ.  #Φωτια_τωρα #φωτιατωρα  #φωτια_πεντελη  #φωτιά #Πυρκαγια #Πεντελη #πυρκαγιας #Πυροσβεστες,0,0
Mon Aug 12 19:19:06 +0000 2024,1823076762713997702,exact,ΒΑ Αττική τώρα #φωτιά #φωτια_πεντελη #Βαρναβας #φωτιες #γερακας  #Μητσοτάκη_παραιτήσου https://t.co/Kpp2ceg4Fn,12,4
Mon Aug 12 19:18:34 +0000 2024,1823076631642034636,exact,Νέα αναζωπύρωση στο #Γραμματικό με κατεύθυνση τον #Μαραθωνα #φωτια #Φωτια_τωρα,1,2
Mon Aug 12 19:18:32 +0000 2024,1823076622846562737,exact,@user Μόνο τον Κουλη ξέχασες που για αυτή την φωτιά έχασε τις διακοπές του! Το λέω αυτό γιατί πριν λίγο έγραψες ότι δεν φταίει! https://t.co/dxJZ46wmO6,0,0
Mon Aug 12 19:18:31 +0000 2024,1823076616194474108,exact,"Μαλάκα μου, το πούρο σε μαγαζιά εστίασης θα έπρεπε να απαγορεύεται. Βρωμιάρηδες.  Και το λεει πρώην καπνιστής.  #τσιγαρο #αθηνα #ελλαδα #ελληναρας #νδ #συριζα #φωτιά #πούρο",6,1
Mon Aug 12 19:18:28 +0000 2024,1823076607088619940,exact,"Φωτιά στην Αττική: Σπάραξε κάτοικος στην Πεντέλη - «Σας το λέω και έχω ανατριχιάσει, εδώ έχω μεγαλώσει» https://t.co/mXKCEvnLG3 https://t.co/xeRIBqXad7",2,0
Mon Aug 12 19:18:28 +0000 2024,1823076604760752436,exact,"@user @user Όχι φίλε μου! Δεν είναι έτσι. Δε μπορεί να κοιτάει ο καθένας τον πισινό του και μετά να ζητάνε βοήθεια! Πάντα θα υπάρχει ο κουβάς με το μέλι, εσύ άμα θες να μπεις ολόκληρος είναι δικό σου θέμα! Μετά όμως 🤐🤐🤐  #Φωτια_τωρα #Πυρκαγια",0,0
Mon Aug 12 19:18:27 +0000 2024,1823076600927129895,exact,μέσα στα μούτρα μας....δεξιος αποπατος...μην ξεχάσετε να τους ξανακανετε μάγκες...#φωτια #Φωτια_τωρα,9,1
Mon Aug 12 19:18:20 +0000 2024,1823076572951204288,exact,#φωτια Αντιδήμαρχος πολιτικής προστασίας Παλλήνης τώρα στο #MEGA .... Μετα αναρωτιομαστε στο ποιοι ψηφίζουν Κούλη!,2,0
Mon Aug 12 19:18:19 +0000 2024,1823076569553719633,exact,"Ήλθον, είδον και απήλθον #φωτια #πυρκαγια https://t.co/MA5L095nqC",1,0
Mon Aug 12 19:18:19 +0000 2024,1823076567028797617,exact,ΑΥΤΟ.  #φωτιες #Πεντέλη #γερακας #Ματι #Αττική #Βριλήσσια #ΑνωΓλυφαδα #Κικιλιας #Χαλανδρι #Πυρκαγια #Υμηττος #ΜΗΤΣΟΤΑΚΗ_ΓΑΜΙΕΣΑΙ_ΡΕ_ΜΑΛΑΚΑ #μητσοτακη_παραιτησου #Κικιλιας,4,1
Mon Aug 12 19:18:09 +0000 2024,1823076527665508850,exact,"Μαθαίνουμε πως κάηκε το σπίτι του δράστη που το 2018 είχε προκαλέσει την πυρκαγιά που έπληξε το Μάτι, το Κόκκινο Λιμανάκι κ.α και είχε ως αποτέλεσμα την εκατόμβη θυμάτων....",111,19
Mon Aug 12 19:18:09 +0000 2024,1823076524834107646,exact,"@user @user @user Ποια φωτιά έσβησε ρε μούλε, μέσα στην θάλασσα έμεινε το σαράβαλο της ΕΣΣΔ",1,0
Mon Aug 12 19:18:07 +0000 2024,1823076515875086646,exact,"Βγήκε ο κικιλιας το πρωι έκανε το καθήκον του - αντε γειά. Ο χαρδαλιας, ο Κουλης κάποιος ενώ καίγεται η μιση Αττική ολη μέρα άφαντοι. Ο ορισμός του σταρχιδιασμου.",0,0
Mon Aug 12 19:18:06 +0000 2024,1823076513358458982,exact,@user @user @user @user Ναι ρε. Τι νομίζεις. Οτι είναι Συριζαίοι. Το drone ειδε αμέσως τη φωτιά και το ιπτάμενο μέσο ήταν εκει σε πέντε λεπτά.,0,0
Mon Aug 12 19:18:04 +0000 2024,1823076504722460998,exact,🔥 #Φωτιά στην Τερψιθέα Άνω Γλυφάδα: Οι κυκλοφοριακές ρυθμίσεις στην περιοχή https://t.co/X4YtM6OCV5,0,1
Mon Aug 12 19:18:03 +0000 2024,1823076501647942069,exact,Σήμερα θα είχες γενέθλια και έχει φωτιά και στα 2 μας σπίτια 😔,1,0
Mon Aug 12 19:18:02 +0000 2024,1823076494845047279,exact,Αν όντως είναι αλήθεια θα αρχίσω να πιστεύω στη θεία δίκη! Φωτιά στην Αττική: Κάηκε το σπίτι του ανθρώπου που κατηγορήθηκε για την πυρκαγιά στο Μάτι  https://t.co/FFQMblEVSK,1,1
Mon Aug 12 19:17:58 +0000 2024,1823076478440833167,exact,Μην ανησυχείτε... Θα τα φτιάξει όλα ο Μητσοτάκης! #φωτια,1,0
Mon Aug 12 19:17:56 +0000 2024,1823076470484255200,exact,Μόνο οι Γερμανοί δεν στέλνουν βοήθεια. εξάλλου η ζωή τους ανέκαθεν ήταν να τις βάζουν και όχι να τις σβήνουν.  #φωτια,1,0
Mon Aug 12 19:17:53 +0000 2024,1823076460233363673,exact,"@user @user Το να μην πεθαίνεις σε μια φωτιά είναι το απόλυτο μίνιμουμ! Ο κόσμος ζητάει ευημερία, δεν είναι επιχείρημα αυτό. Και καμία φωτιά δε διανύει τόσα χιλιόμετρα αν υπάρχουν τα κατάλληλα μέσα για ν' ανακοπεί.Όλες οι ξένες αποστολές τα έχουν, εμείς εκεί, καρφωμένοι στη δεκαετία του '60.",1,0
Mon Aug 12 19:17:47 +0000 2024,1823076433666699754,exact,"@user @user Πω πω. Φωτό με 4 αστυνομικούς να κοιτούν τη φωτιά από την απέναντι πλαγιά. WOW!  Να παραιτηθεί τώρα η κυβέρνηση, να διαλυθεί η EU και να αναλάβει ο Βλαδίμηρος την κηδεμονία μας για 100 χρόνια!  Είσαι όντως τόσο γραφικός κ γελοίος ή απλά είναι καμένο και δεν βοηθά;",0,0
Mon Aug 12 19:17:45 +0000 2024,1823076425869517245,exact,@user @user ναι η ευγένεια σε πείραξε. έχει διαφορά να διαδίδουμε αηδίες για να τρομοκρατηθεί ο κόσμος από το να πληροφορούμε. αυτό θα πει ευγένεια. δεν προχωράει η φωτιά σε δυο δέντρα .,0,0
Mon Aug 12 19:17:39 +0000 2024,1823076399550230736,exact,"Κάποτε έλεγες ελαφρά τη καρδία πιο όμορφη ειναι η Αθήνα όταν καίγεται, κατέβαινες από τα προάστια μέχρι την επαρχία  με τη μολότοφ στο χέρι ""χαρούμενος επαναστάτης"" . Ειλικρινά εύχομαι μέχρι αύριο το πολύ να σβήσουν οι φωτιές παντού .Καλό βράδυ κ κουράγιο στους πληγέντες .",51,46
Mon Aug 12 19:17:36 +0000 2024,1823076387671982583,exact,@user @user Ποστ για φωτιά και μιλατε για ποσοστα. Πηγαίνετε άλλου να μαλωσετε μεταξύ σας κόμματοσκυλα,1,0
Mon Aug 12 19:17:26 +0000 2024,1823076345531826294,exact,"Είναι ένα πλήρες οικοσύστημα που αλληλεπιδρά με τον πλανήτη και το κλίμα. Και βασίζεται στην βιοποικιλότητα. Χιλιάδες είδη φυτών και ζώων το αποτελούν. Μετά από μια πυρκαγιά δεν ξέρουμε τι απομένει, τί εξαφανίστηκε και τι θα επανεμφανιστεί. Οι εμπρηστες απειλούν την ίδια τη ζωή!",1,0
Mon Aug 12 19:17:23 +0000 2024,1823076333800366416,exact,"🔴Μπήκε η φωτιά στα προάστια της Αθήνας. Μια φωτιά που ξεκίνησε από Βαρνάβα, πέρασε την Πεντέλη και καίει σπίτια στο πάτημα Χαλανδρίου και Βριλησσίων.   ▪️Οι άνθρωποι βλέπουν τα σπίτια τους, τα ζώα τους, τα δάση να καίγονται και παρακαλάνε τα ΜΜΕ να μην τους φιμώσουν.   ▪️Τα ίδια https://t.co/lZLn6HkbOj",497,190
Mon Aug 12 19:17:02 +0000 2024,1823076245896351748,exact,"@user @user έπρεπε να απαγορευονται τα πεύκα μεσε σε κατοικημένες περιοχές κ 300 μετρα μακριά από τελευταίο σπίτι, κόψιμο όλα τα πεύκα σε κατοικημένες περιοχές  κ να φυτευτούν μουριές ελιές λεμονιές, η δεντρα που δεν χαλάνε πεζοδρόμια  κ ακίνδυνα από φωτιά, κάποιοι εξουσιαστές είναι ηλίθιοι",0,0
Mon Aug 12 19:16:35 +0000 2024,1823076133233099086,exact,@user Φίλε όταν παίρνει φωτιά η πρωτεύουσα μιας χώρας δεν χωράνε δικαιολογίες απλά και όμορφα ..,0,0
Mon Aug 12 19:16:27 +0000 2024,1823076098919325993,exact,@user @user Ωραία όμως επειδή εμένα προσωπικά ΚΑΊΓΕΤΑΙ Ο ΚΩΛΟΣ ΜΟΥ ΚΑΙ ΤΟ ΣΠΙΤΙ ΜΟΥ αυτες τις ερωτησεις να τις κανετε αλλου γιατι εγω ενδιαφερομαι να σωθω εγω και η οικογενεια μου αυτην την στιγμη,1,0
Mon Aug 12 19:16:24 +0000 2024,1823076084025278741,exact,Οριοθετήθηκε η #πυρκαγιά στην Τερψιθέα Γλυφάδας - Άρθηκαν οι κυκλοφοριακές ρυθμίσεις  https://t.co/2sO3s4MTyG https://t.co/1Qdet18TnY,0,0
Mon Aug 12 19:16:22 +0000 2024,1823076076475887715,exact,Πάντα πίστευα πως οι τουρίστες αυτών των λεωφορείων κοιτάζουν εμάς ως αξιοθέατο κι όχι τα μνημεία. Όσο να πεις χώρα που ψηφίζει Μητσοτάκηδες και με τα δύο τα χέρια είναι αντικείμενο μελέτης και σχολιασμού  #φωτιά https://t.co/jxHBtDrLua,6,4
Mon Aug 12 19:16:17 +0000 2024,1823076057274089860,exact,@user Θα έπρεπε να ντρέπεσαι ... Αυτή την ώρα που καίγεται η μισή Ελλάδα... Που άνθρωποι χάνουν τα πάντα εσύ να κάνεις πολιτική  πάνω σε καμμένη γη.... Αλλά αυτό είστε όλοι σας..... Ξένος πόνος.... Ντροπη σου....,1,0
Mon Aug 12 19:16:15 +0000 2024,1823076049426489539,exact,Η Αττική στις φλόγες: Η φούσκα του επιτελικού κράτους έσκασε πάλι. Πάνω από 24 ώρες καίγεται η Αττική &amp; οι εκπρόσωποι του κράτους είναι απόντες. Η κοινωνία ζητά απαντήσεις γιατί οι φλόγες κοντεύουν να φτάσουν στο κέντρο της Αθήνας #Αττικη #Πυρκαγια #φωτια https://t.co/oiGyiWQikn https://t.co/F1t2xaWEux,6,6
Mon Aug 12 19:16:03 +0000 2024,1823075997945835544,exact,"Μη στεναχωριέστε διεφθαρμένοι Έλληνες. Πάλι θα γυρίσει το παιχνίδι με μαύρες σακούλες χρήματα όπως τότε με Ηλεία. Εποποιία! Καλές εποχές  Σήμερα οι ""σακούλες"" έγιναν κρατικές διαφημίσεις, ΕΣΠΑ σε Μαρινάκη &amp; Αλαφούζο &amp; Πυρκαγιά Pass. Αλφαδιά όπως πάντα! #φωτια #πυρκαγια #αττικη https://t.co/3xDt3yeyTz",13,3
Mon Aug 12 19:16:01 +0000 2024,1823075989393473537,exact,"@user Δείξε τον ""εκ βαθέων"" Ανθρωπισμό σου και πάνε βοήθα. Περιβάλον καίγεται και κόσμος χάνεται. Όχι ο Μητσοτάκης",0,0
Mon Aug 12 19:15:54 +0000 2024,1823075958393622993,exact,"έπρεπε να απαγορευονται τα πεύκα μεσε σε κατοικημένες περιοχές  κ 300 μετρα μακριά από τελευταίο σπίτι, κόψιμο όλα τα πεύκα σε κατοικημένες περιοχές  κ να φυτευτούν μουριές  ελιές λεμονιές, η δεντρα που δεν χαλάνε πεζοδρόμια κ ακίνδυνα από φωτιά, κάποιοι εξουσιαστές είναι ηλίθιοι",0,0
Mon Aug 12 19:15:51 +0000 2024,1823075945055437235,exact,@user 🤔🤔Έχουμε Εμπιστοσύνη την Πυροσβεστική υπηρεσία  Μόνο.,0,0
Mon Aug 12 19:15:43 +0000 2024,1823075914621628555,exact,"Ποιος από τους παρακάτω λόγους είναι ακριβής (υπάρχουν δυο λόγοι, ο ένας φαίνεται εδώ). Γιατί το νερό σβήνει την φωτιά;",13,6
Mon Aug 12 19:15:41 +0000 2024,1823075906920784013,exact,@user Για ποιά κλιματική αλλαγή μιλάμε όταν εχουμε κάψει η αποψιλώσει τη μισή γή?Όταν γεμίζουν τα βουνά ανεμογεννήτριες? Όταν μας δουλεύουν με μπαταρίες λιθίου που αν πάρουν φωτιά δε σβήνουν? Όταν πετάγονται με τα τζέτ δεξιά κ αριστερά. Σταματήστε το παραμύθι επιτέλους.,1,0
Mon Aug 12 19:15:39 +0000 2024,1823075894946128320,exact,Φωτιά στην Αττική: Αναφορές για αγνοούμενη στο Χαλάνδρι https://t.co/fa9IB9y7qC,0,0
Mon Aug 12 19:15:35 +0000 2024,1823075878424682524,exact,@user @user Το σύστημα της satways που έχει η πυροσβεστική εδώ και χρόνια.μαυτο που αποδείχθηκε ότι έβαλαν χέρι μερικοί ανώτατοι αξιωματικοί για να κρύψουν τα λάθη τους στο Μάτι...,0,0
Mon Aug 12 19:15:33 +0000 2024,1823075872519111023,exact,Πριν από 5 λεπτά για απεγκλωβίσμους-μετακινηση ζώων #φωτια #πυρκαγιά #Βαρνάβα #Φωτια_τωρα https://t.co/VLtEw7sA8G,30,113
Mon Aug 12 19:15:29 +0000 2024,1823075856476209274,exact,ΘΕΙΑ ΔΙΚΗ ΝΕΜΕΣΙΣ 🤫👇 Τα παιχνίδια της μοίρας!  Κάηκε το σπίτι του ανθρώπου που κατηγορήθηκε για την πυρκαγιά στο Μάτι Δεν δείχνουν καμία συμπόνοια οι γείτονές του  https://t.co/9OLlsrykdP,2,1
Mon Aug 12 19:15:29 +0000 2024,1823075854102286783,exact,Γιατί καίγεται πάλι η Πεντέλη: Η αναδάσωση - «άρπα κόλα» και το πόρισμα των Γάλλων το 2018 https://t.co/cIhgPgzqXi,1,0
Mon Aug 12 19:15:11 +0000 2024,1823075778046595491,exact,"ΓΣΕΕ: Λήψη των κατάλληλων μέτρων για όσους βρίσκονται ή εργάζονται στις πληττόμενες, απο τη φωτιά, περιοχές - Οικονομικός Ταχυδρόμος - https://t.co/ZhBqkzCKAi https://t.co/g4DBwQN8m1",0,0
Mon Aug 12 19:15:03 +0000 2024,1823075745993838945,exact,Ευτυχώς αύριο θα έρθουν οι ξένοι και θα μας σώσουν . Αν δεν ερχόντουσαν την έβλεπα την φωτιά για καμία εβδομάδα.. #φωτια,7,0
Mon Aug 12 19:15:02 +0000 2024,1823075742982218060,exact,"Οι ΝΔαιοι λένε δεν φταίει ο Μητσοτάκης, τι λέτε ρε παπαρες ποιος κυβερνάει την χώρα….. #φωτιά",5,2
Mon Aug 12 19:14:54 +0000 2024,1823075706781188242,exact,@user Τι λες ρε ηλίθιε?πανιβλακα?εδώ ο κόσμος καίγεται και το μουνι ξυριζεται,1,0
Mon Aug 12 19:14:48 +0000 2024,1823075681527357555,exact,"Όχι παιδιά,δεν καίγεται σήμερα το αύριο!Αυτό το κάψατε ΕΣΕΙΣ όταν ψηφίσατε όπως ψηφίσατε...!",0,0
Mon Aug 12 19:14:47 +0000 2024,1823075677312053279,exact,"Πρωθυπουργός χώρας που καίγεται, προσερχόμενος στο Συντονιστικό. Αγέροχος, απτόητος, εμφανώς μαυρισμένος, μέσα στην τσαντίλα που χάλασαν οι διακοπές του. https://t.co/8XmG85RjAi",9,4
Mon Aug 12 19:14:37 +0000 2024,1823075634979160216,exact,"Ελεονώρα Μελέτη: «Η περιοχή μας για άλλη μια φορά καίγεται» - ΣΠΟΥΔΑΙΑ Η ΔΗΛΩΣΗ, ΑΞΙΟ ΤΟ ΜΗΝΙΑΤΙΚΟ.. Τι μας κόστισε? - 20.000 ΤΑΠΕΙΝΑ ευρουδάκια!!! 😜 https://t.co/Uoi6MPDSkI",0,0
Mon Aug 12 19:14:33 +0000 2024,1823075620999270478,exact,"@user «Η Φωτιά στον Βαρνάβα δεν ξεκίνησε από μπάρμπεκιου  Ήταν 1 χλμ. από μας η εστία, την είδαμε κι ήταν αρχικά πολύ μικρή. Είχαν στείλει  2 ελικόπτερα που έκαναν 45 λεπτά να έρθουν» λέει κάτοικος που κάηκε το σπίτι της. https://t.co/FUj291hmBf",2,0
Mon Aug 12 19:14:31 +0000 2024,1823075612447150528,exact,Με απόφαση του περιφερειάρχη Θεσσαλίας Κουρετα. #φωτιά https://t.co/lxheTF7NXH,1,0
Mon Aug 12 19:14:20 +0000 2024,1823075565215027587,exact,"🔥🔥🔥Να ανασαίνει κανείς ή να μην ανασαίνει;;; Ιδού η απορία! #φωτιά, #Πυρκαγια #παντου",2,1
Mon Aug 12 19:14:16 +0000 2024,1823075547754414208,exact,Σβήνει η φωτιά στην Τερψιθέα Γλυφάδας: Ανακούφιση για τους πολίτες με την άρση των περιοριστικών μέτρων https://t.co/yupVCWqze5 https://t.co/vdJZMvvKUQ,0,0
Mon Aug 12 19:14:08 +0000 2024,1823075513839284309,exact,Που είναι οι αντιπυρικές ζώνες στο βουνό; Έτσι δεν σώθηκαν τα χωριά στην φωτιά της Εύβοιας αλλά και αλλού;,5,0
Mon Aug 12 19:14:06 +0000 2024,1823075507703108050,exact,Φωτιά στην Ξάνθη – Οριοθετήθηκε η πυρκαγιά https://t.co/1aJHVxaZrd #Thessaloniki #skg #TheOpinion,0,2
Mon Aug 12 19:13:43 +0000 2024,1823075411057885264,exact,Ας γίνει κάτι. Καίγεται η Αττική στα 10-15 χιλιόμετρα απο το κέντρο της Αθήνας #φωτιά #φωτια_πεντελη #Βαρναβας #φωτιες #γερακας  #Μητσοτάκη_παραιτήσου,3,0
Mon Aug 12 19:13:21 +0000 2024,1823075317101044122,exact,"6 χρόνια εθελόντρια στην Πυροσβεστική Μπαίναμε μετά τη φωτιά  Ζεστή,μυρωδιά,μαύρο παντού. Μπράβο σε αυτούς τους ηρωες #πυροσβέστες https://t.co/7RCxW4zchb",131,39
Mon Aug 12 19:13:03 +0000 2024,1823075241108574442,exact,"Κατάργηση δασοπυρόσβεσης συγχωνεύοντας την με την πυροσβεστική, διάλυση δασαρχείων και όλες τις υπηρεσίες δασοπροστασίας, καμία ΠΡΟΛΗΨΗ.. 4.000 κενές οργανικές θέσεις πυροσβεστών, μη επαρκή αριθμό και πεπαλαιωμένα αεροσκάφη πυρόσβεσης. #ΝΔ_εγκληματικη_εργανωση #ΝΔ_ΣΥΜΜΟΡΙΑ",1,1
Mon Aug 12 19:12:47 +0000 2024,1823075176591794491,exact,"Δεν υπάρχει καμία ""Πολιτική Προστασία"" για κανέναν πολίτη όταν είναι δυνατόν η #φωτιά να σε κάψει στα #Βριλήσσια ή στο #Χαλανδρι  #Κικιλιας έπρεπε ήδη να έχει παραδώσει τα κλειδιά του Υπουργείου, το οποίο είναι ζήτημα πια τι ακριβώς δουλειά κάνει",24,8
Mon Aug 12 19:12:46 +0000 2024,1823075170803712005,exact,Γιατί δεν στέλνει γερανούς (αν χρειαστεί να επιτάξει) να σηκώσουν την ξυλεία να τη μεταφέρουν μακριά απ'τη φωτιά για να αφαιρέσει καύσιμη ύλη;,1,0
Mon Aug 12 19:12:39 +0000 2024,1823075142609629500,exact,Πώς η φωτιά από τον Βαρνάβα εξαπλώθηκε σε ολόκληρη τη ΒΑ Αττική - Δορυφορικές εικόνες | https://t.co/S18PpKysLu #φωτια #φωτιες #πυρκαγια #πυρκαγιες https://t.co/nPXvbbDmLV,1,1
Mon Aug 12 19:12:39 +0000 2024,1823075142315933714,exact,Οταν έκλαψε (και) ένας Μητσοτάκης και ορκίστηκε (κι αυτός) αναδάσωση στα καμμένα!.. https://t.co/6m7xUMAmnw #μητσοτακη_παραιτησου #Μητσοτακη #Μητσοτάκη #φωτια #φωτιες #Φωτια_τωρα #φωτιατωρα #φωτια_πεντελη #φωτιας #φοτια #Πυρκαγια #Πυρκαγιες #πυρκαγιας #πυρκαγιά #πυροσβεστικης,1,0
Mon Aug 12 19:12:23 +0000 2024,1823075075781972107,exact,@user Ο κόσμος καίγεται και το μ...ι χτενιζεται. Επίκαιρο δεν μπορείς να πεις. Σκότωνε τρελούς πλήρωνε τζερεμεδες.,1,0
Mon Aug 12 19:12:22 +0000 2024,1823075069184364687,exact,"@user Πες τα Χρυσόστομε. Ο κόσμος έχει τρελαθεί και νομίζει πως αν τους δώσεις κάνα 50άρικο να φάνε, θα γίνουν επιστήμονες από κει που δεν είχαν ανακαλύψει την φωτιά.",1,0
Mon Aug 12 19:12:07 +0000 2024,1823075007896916133,exact,"🔥 🔴 #Φωτιά στην #Αττική: Καίγονται σπίτια σε Βριλήσσια, Πεντέλη, Χαλάνδρι – 112 σε Γέρακα https://t.co/1EYJSY7keD",1,0
Mon Aug 12 19:12:03 +0000 2024,1823074991635939340,exact,@user Μόνο που ο Μητσοτακης μιλούσε για εκκένωση. Ξέρεις σαν αυτή που ειρωνεύεστε.  Αλλά φυσικά προτιμούσες να τους στέλνετε μέσα στην φωτιά αντί τόσο την έξοδο ή μια άλλη ΝΔ του Αντωναρου που και καιγοντουσαν και είχαμε δεκάδες νεκρούς.,0,0
Mon Aug 12 19:12:02 +0000 2024,1823074987323888055,exact,"Πάντως η φωτιά στην Αττική έχει κάτι από Μίνας Τίριθ, όταν επιτέθηκαν τα ορκς κι ο βασιλιάς τρελάθηκε.",2,3
Mon Aug 12 19:12:01 +0000 2024,1823074982106202254,exact,"Ούτε κοντά στη φωτο είμαι, ούτε Βριλησσιώτης, ούτε Χαλανδριώτης. Αλλά νομίζω ότι αν σήμερα οι κάτοικοι αυτών των περιοχών, ακολουθούσαν τις εντολές του άχρηστου Κικίλια κι έφευγαν, και τα σπίτια τους θα καίγονταν και η φωτιά τώρα θα είχε φτάσει στη Νέα Ιωνία…",159,35
Mon Aug 12 19:11:54 +0000 2024,1823074954663051355,exact,@user @user Εδω ο κοσμος καίγεται και πετας τετοιες μαλακιες εσυ ρε προδοτη;,0,0
Mon Aug 12 19:11:18 +0000 2024,1823074801558401518,exact,@user Δε μου λες σας έχουν μεταφέρει σε καμία θαλαμηγό όλα τα τρολ να συνεχίζεται τις μαλακιες σας από εκεί; Ρε σύ τα σκέφτεσαι αυτά που λες η σου φεύγουν; Αν μπορούσαν Συριζαίοι να βάλουν αυτοί τη φωτιά τους είχαμε στείλει Ουκρανία για μισθοφόρους να πάρουν την Ρωσία σε 1 ώρα ΕΛΕΟΣ!!,0,0
Mon Aug 12 19:11:17 +0000 2024,1823074796948590815,exact,@user Εδώ ο κόσμος καίγεται και οι μαλακίες που λες πάνε σύννεφο.  Τράβα βρες ζωή και ασχολήσου με τα μαγικά σου χόρτα.,1,0
Mon Aug 12 19:11:16 +0000 2024,1823074793123709281,exact,"Πώς τα πάει η αστυνομία μας με την φωτιά; Βάλτε καμία φωτογραφία με κανά γατάκι κ ολόκληρη διμοιρία Δίας να το χαϊδεύει, έχει αρκετή ώρα από την τελευταία",28,3
Mon Aug 12 19:11:13 +0000 2024,1823074780569829412,exact,@user Από ψέμα σε ψέμα και από μαλακια σε μαλακια… τραβα ρε ακροδεξιε να βοηθήσεις να σβήσουν τη φωτιά.  Που καθεσαι και γράφεις μαλακιες στο τουιτερ.,4,0
Mon Aug 12 19:11:13 +0000 2024,1823074780536594756,exact,"Καίγεται εργοστάσιο ξυλείας στον Γέρακα – «Σβήνει και ανάβει, λες και είμαστε σε πόλεμο» https://t.co/qe2juZOZk4 👈 κλικ εδώ #newshubgr #crete #ellada #νέα #nea https://t.co/hpAIkjUdA6",0,0
Mon Aug 12 19:11:11 +0000 2024,1823074773557244077,exact,Δραματική η κατάσταση από τη φωτιά στην Αττική - Καίγονται σπίτια - Συνεχείς αναζωπυρώσεις https://t.co/Sst9Pegy7n 👈 κλικ εδώ #newshubgr #crete #ellada #Ελλάδα #ειδήσεις https://t.co/vDYr4QtZaj,0,0
Mon Aug 12 19:11:01 +0000 2024,1823074730532110572,exact,Η Κυβέρνηση εφαρμόζει το προσωπικό πρόγραμμα του Μητσοτάκη και γι'αυτό τον ψηφίσατε και το γνωρίζατε όλοι  #Φωτιά,2,0
Mon Aug 12 19:11:00 +0000 2024,1823074725716750502,exact,"@user Ε ,ναι, κι άμα δεν είχε πιάσει φωτιά , θα ετοιμάζαμε πανηγύρι.  Ζούμε σε έναν κοσμο ηλιθίων. Και αυτό δεν ξέρω καν πώς παλεύεται",1,0
Mon Aug 12 19:10:57 +0000 2024,1823074715704885380,exact,Κάηκε το σπίτι του ανθρώπου που κατηγορείται για τη φωτιά στο Μάτι (βίντεο) https://t.co/y3BISWSkro https://t.co/s6XZXFyMGP,0,0
Mon Aug 12 19:10:53 +0000 2024,1823074698529320986,exact,Καλή δύναμη σε όλο το κόσμο που παλεύει με τη φωτιά. Μαύρισε η ψυχή μας.,88,55
Mon Aug 12 19:10:52 +0000 2024,1823074692863009054,exact,#φωτιά έτσι https://t.co/XpoyPAxNI1,0,0
Mon Aug 12 19:10:48 +0000 2024,1823074674676322435,exact,"@user 1. Η φωτιά στην Ρωσία έκαιγε επί 7 μήνες. 2. Το εν λόγω κάνει μόνο για στέπα και όχι για τα δικά μας εδάφη. Κατασκευάσθηκαν 7, κανένα δεν αγοράσθηκε από κανένα.",1,0
Mon Aug 12 19:10:43 +0000 2024,1823074656238338473,exact,"Αν ήταν ο Σόιμπλε ζωντανός θα είχε σβήσει την φωτιά  ,έ @user ;",0,0
Mon Aug 12 19:10:39 +0000 2024,1823074640128078128,exact,"@user Εγώ λέω οι συνένοχοι να το βουλώσουν...  Αξίζει βρε για 0,60, 5 ψήφους, και 10 likes να λες στον κοσμακι που κινδυνεύει να χάσει το βιος του ότι η φωτιά καμιά φορά ξεφεύγει;  Εάν οι προηγούμενοι ήταν ανίκανοι, εσείς είστε εν γνώσει σας εν δυνάμει  δολοφόνοι 🤡. Ικανοί δολοφόνοι",1,0
Mon Aug 12 19:10:37 +0000 2024,1823074629440733502,exact,"@user Εξκιουζμι γιατί είμαι σε άλλη ζώνη ώρας, έφτασε η φωτιά εκεί;",0,0
Mon Aug 12 19:10:22 +0000 2024,1823074566802928015,exact,Τουλάχιστον ρίξτε μες την φωτιά τις καναβουριές που έχει κατασχέσει η Αστυνομία να ευχαριστήσουμε λίγο τους τουρίστες.,5,0
Mon Aug 12 19:10:08 +0000 2024,1823074507290284486,exact,Φωτιά στην Αττική: Ολονύχτια μάχη με τις φλόγες  #φωτια #Αττικη  https://t.co/sgGexWWbos,1,1
Mon Aug 12 19:10:04 +0000 2024,1823074492958028002,exact,Φωτιά και στον Παλαιόπυργο Ναυπακτίας https://t.co/7TY5XEsr2p https://t.co/2U693WFdQb,1,0
Mon Aug 12 19:09:59 +0000 2024,1823074471999344849,exact,"@user @user Ανεξάρτητα από το τι ήταν, η φωτιά έφυγε από κει και έφτασε 42 χιλιόμετρα μέτωπο. Παρακολουθούμε από χθες. Δεν ξεφύτρωσε ξαφνικά μέσα στον αστικό ιστό φωτιά.",2,0
Mon Aug 12 19:09:55 +0000 2024,1823074452009365532,exact,Φωτιά στην Άνω Γλυφάδα: Νέος συναγερμός στην Πυροσβεστική – Κυκλοφοριακές ρυθμίσεις https://t.co/3b9bA69lrc μέσω @user,0,0
Mon Aug 12 19:09:50 +0000 2024,1823074432971354363,exact,@user @user @user @user Οι ανίκανοι να σωπασετε. Γιατι κάποιοι πολύ καλύτεροι απο σας αγωνίζονται να σβήσουν τη φωτιά. Δεν εμφανίζονται αφού εχει σβύσει,0,0
Mon Aug 12 19:09:46 +0000 2024,1823074415753740371,exact,"@user @user Αυτά είναι όλα πολύ σωστά. Η μπάλα χάθηκε όταν η φωτιά άρχισε να παίρνει μεγάλες διαστάσεις.  Η πρόληψη είναι πολύ σημαντική, αλλά παραμένει κι αυτή δύσκολη αποστολή οπότε πρέπει να υπάρχει άμεσος εντοπισμός και αντίδραση",1,0
Mon Aug 12 19:09:46 +0000 2024,1823074414813921612,exact,"@user Οι Κύπριοι δημοσιογράφοι έβγαλαν στη φορα ότι ο ΠΘ αγόρασε το νοσηλευτικό κέντρο Απολλωνιο της Κύπρου και παζαρευει άλλα δύο. Αν είναι αλήθεια(καπνός χωρίς φωτιά δύσκολο),τότε έχεις την απάντηση σου.",2,0
Mon Aug 12 19:09:34 +0000 2024,1823074364180615344,exact,"Όλη η Ευρώπη καίγεται απο δασικές πυρκαγιές. Στη Ρωσία δεκάδες μέτωπα καίνε μέρες τώρα. Αλλά στην Ελλάδα οι ηλίθιοι πιστεύουν ότι τις #φωτιές τις βάζει ο #Μητσοτάκης για να κονομήσουν οι φίλοι του κι ότι δεν παίρνει τα Beriev που είναι άχαστα, γιατί δεν τον αφήνει η Ούρσουλα. https://t.co/TjMihCoR3M",2,0
Mon Aug 12 19:09:33 +0000 2024,1823074361730847217,exact,Το γύρο του κόσμου κάνει η είδηση για τη μεγάλη πυρκαγιά στην Αττική #OPENnews  https://t.co/4fqI4HYsrl,2,0
Mon Aug 12 19:09:22 +0000 2024,1823074314955997630,exact,"Θέμα χρόνου η σύλληψη των δύο εμπρηστών λέει ο δήμαρχος Γλυφάδας Δύο νεαροί, που έδρασαν με άγνωστα κίνητρα, θεωρούνται βασικοί ύποπτοι για τη φωτιά που ξέσπασε το απόγευμα στην Ανω Τερψιθέα Γλυφάδας, είπε στο protothema ο δήμαρχος Γλυφάδας κ.Γιώργος Παπανικολάου. #φωτια",14,5
Mon Aug 12 19:09:10 +0000 2024,1823074266088079442,exact,"Δήμαρχος Γλυφάδας: Υπό έλεγχο η φωτιά- Ήταν εμπρησμός, ξέρουμε ποιοι είναι -  https://t.co/SB6MP3Ggvg https://t.co/gMgmkE275W",1,1
Mon Aug 12 19:09:10 +0000 2024,1823074265949741076,exact,"Η φωτιά στην Αττική δεν επέτρεψε στον Παναθηναϊκό να προπονηθεί στο Κορωπί, ωστόσο οι «πράσινοι» συνέχισαν την προετοιμασία τους για τη ρεβάνς με τον Άγιαξ.  #panathinaikos #pao #ΠΑΟ #Παναθηναϊκός #greencorner #paofc    https://t.co/mJhf5oSj3f",0,0
Mon Aug 12 19:09:08 +0000 2024,1823074257053594089,exact,"ΕΞΑΛΛΟΙ κάτοικοι ΤΑ ΧΩΝΟΥΝ σε #Μητσοτάκη, Κυβέρνηση και δημοσιογράφους για τη φωτιά στην #Αττική #Μητσοτακηγαμιεσαι   https://t.co/dN4OYjrLzj",0,0
Mon Aug 12 19:09:08 +0000 2024,1823074256172859689,exact,"Εθελοντές, ρουβίκωνας συλλογικότητες, απλοί πολίτες κάνουν οτι μπορουν παντού. Πυροσβεστική κ πολιτική προστασία παίρνουν εντολές και κανουν οτι μπορούν κατά προτεραιότητα. Mind the gap.",0,1
Mon Aug 12 19:09:00 +0000 2024,1823074222660632610,exact,@user Άντε ρε βλάκα που κάνεις πολιτική πάνω στη φωτιά 🔥,0,0
Mon Aug 12 19:08:58 +0000 2024,1823074213256945784,exact,Όλα καλά παιδιά..   στο Star και στον Alpha την έσβησαν την φωτιά. Οι υπόλοιποι τι κάνουν ακόμα? Γιατί καθυστερούν????  #Φωτια_τωρα #φωτια #φωτιατωρα #φωτια_πεντελη #φωτιες,5,0
Mon Aug 12 19:08:54 +0000 2024,1823074199780430305,exact,Λογικά έχει πιάσει φωτιά η θάλασσα σύμφωνα με τον χάρτη ανοιχτά της Αγγλίας.  Μπετόβλακα.,1,0
Mon Aug 12 19:08:52 +0000 2024,1823074190406177089,exact,Απίστευτα πράγματα... Φτάνει Αττική οδό η φωτιά https://t.co/805PyrkofI,0,0
Mon Aug 12 19:08:46 +0000 2024,1823074162639847479,exact,@user Η για το Ματι. Σε κάθε πυρκαγιά λένε για το μάτι λες και μπορούμε να συγκρίνουμε τις τραγωδίες.,0,0
Mon Aug 12 19:08:44 +0000 2024,1823074156965220777,exact,Φωτιά στην Αττική: Κάηκε το σπίτι του 65χρονου που καταδικάστηκε για την πυρκαγιά στο Μάτι - «Δεν έχω λόγια»  Ρόδα ειναι και γυρίζει #φωτια #φωτιες #Φωτια_τωρα #Βαρβαβας #Πυρκαγια #Πεντέλη,4,0
Mon Aug 12 19:08:44 +0000 2024,1823074156793233686,exact,Η ντροπή των καναλιών την ώρα που καίγεται η μισή Αττική https://t.co/FswQpi0RT5η-ντροπή-των-καναλιών-την-ώρα-που-καίγε/ https://t.co/f0WedXbsny,0,0
Mon Aug 12 19:08:35 +0000 2024,1823074116238459036,exact,Σκέψου να είσαι τουρίστας από Βόρεια Ευρώπη που δεν έχει ζήσει φωτιά στη ζωή σου και να προσγειώνεσαι στο Ελ. Βενιζέλος,1,0
Mon Aug 12 19:08:34 +0000 2024,1823074112308203920,exact,"Να υποθέσουμε ότι τα αντιαεροπορικά του Μητσοτάκη κατάφεραν να αποτρέψουν τα ρωσικά πυροσβεστικά μεγαθήρια να ""βομβαρδίσουν"" με τόνους νερού την πυρκαγιά στην Αττική . Ας δούμε τα μακάβρια στατιστικά της καταστροφής, διαχρονικά και πώς εκτοξεύονται την τελευταία 5ετία. https://t.co/muQeXkjNlY",10,4
Mon Aug 12 19:08:33 +0000 2024,1823074108898500736,exact,"Σταματίνα Τσιμτσιλή για φωτιά στην Αττική: «Θυμός, απογοήτευση, θλίψη και αναπάντητα γιατί» https://t.co/Azv7aTXMEx https://t.co/8ZnPP9XbC1",0,0
Mon Aug 12 19:08:29 +0000 2024,1823074092087754966,exact,Η φωτιά λοιπόν έφτασε μέχρι το Χαλάνδρι. Δηλαδή 10 χιλιόμετρα από το Σύνταγμα. Αυτό μόνο η πιο ανίκανη και αισχρή κυβέρνηση #Μητσοτάκη μπορούσε να το πετύχει.  #φωτια,15,5
Mon Aug 12 19:08:16 +0000 2024,1823074040183165229,exact,@user Στην πόλη μέσα μπήκε η φωτιά Κύρο μου,0,0
Mon Aug 12 19:08:07 +0000 2024,1823073998621536564,exact,#φωτιατωρα τα μόνα που γλύτωσαν από τη φωτιά είναι τα λειβαδεια της ποσειδωνιας #Πυρκαγια,7,1
Mon Aug 12 19:08:06 +0000 2024,1823073996570566989,exact,"Ψέμα 1ο  Τα Nτροουν κάνουν φοβερή δουλειά φέτος  Ο Βαρνάβας γελάει  Ψέμα 2ο  Στα 5 λεπτά στην Φωτιά του Βαρνάβα ήταν πτητικό μέσο εκει  Τρίχες, μετά από 25 λεπτά εμφανίστηκαν σύμφωνα με μαρτυρία από Εύβοια   Ψέμα 3ο  37 εναέρια μέσα πατούσαν  Παπάρια   Δεν υπάρχουν τόσα μέσα https://t.co/mqgsCJ07cc",432,134
Mon Aug 12 19:07:58 +0000 2024,1823073961615454628,exact,"@user μη ταράξω τον ύπνο σου αστέρι μου,έχει πιάσει φωτιά ο κωλος μας,τα μαθες? Θα μας κάνεις την τιμή να εμφανιστείς γαμω τη φαρα σου?",0,0
Mon Aug 12 19:07:43 +0000 2024,1823073900458082638,exact,@user Οταν καίγεται η χώρα και το εκμεταλλεύεστε για να βρίζετε είστε άχρηστο άτομο,0,0
Mon Aug 12 19:07:42 +0000 2024,1823073897320968448,exact,@user @user Εδώ ο κόσμος Καίγεται...,0,0
Mon Aug 12 19:07:37 +0000 2024,1823073874478522800,exact,"Εξυπακούεται θα βοηθήσω από εδώ&amp;θα βάλω πρώτος ότι μπορέσω από τον φτωχό οβολό μου για αυτό το ξεκίνημα,δεν υπάρχει η πολυτέλεια να περιμένουμε άλλο, οι στιγμές είναι κρίσιμες, η πατρίδα μας αφανίζεται δημογραφικά,εθνολογικά,καίγεται και γίνεται στάχτη&amp;σύντομα θα κατακερματιστεί",8,1
Mon Aug 12 19:07:36 +0000 2024,1823073868732682447,exact,@user Πάνε ρε σύντροφε εθελοντής να σβήσεις καμιά φωτιά να σκάσουν οι αριστεράντζες. Θα εκτιμηθεί δεόντως και από τον Μεσσία,0,0
Mon Aug 12 19:07:35 +0000 2024,1823073864953348267,exact,"@user Όχι, τί να την κάναμε τη βοήθεια, μωρέ! Ξέραμε εμείς πως...θα τα φτιαξ ο Μητσοτάκης. Όλα οργανωμένα ήτανε! Άλλοι φταίνε που καίγεται η χώρα! Τώρα ποιοι ακριβώς είναι, δεν ξέρουμε, αλλά...άλλοι, σίγουρα!!",5,1
Mon Aug 12 19:07:32 +0000 2024,1823073852877938757,exact,"@user @user Μωρή καριόλα η φωτιά ξεκίνησε στον Βαρνάβα καί εκκενώθηκε το Χαλάνδρι,40 ΧΙΛΙΌΜΕΤΡΑ ΜΑΚΡΙΆ,κατάλαβες καριόλα ΚΑΤΆΛΑΒΕΣ",2,0
Mon Aug 12 19:07:27 +0000 2024,1823073833340789039,exact,Πυρκαγιά στην Αττική - Πεντέλη: Φωτιά σε πολυκατοικία - Έσβησε χάρη στην έγκαιρη επέμβαση της πυροσβεστικής https://t.co/CWdOasrIRr,4,0
Mon Aug 12 19:07:23 +0000 2024,1823073814156325317,exact,Πυροσβέστης στο όπεν λέει ότι είναι η πιο δυσκολη πυρκαγιά που έχει αντιμετωπίσει. Πιο δυσκολη κατάσταση και από τις πυρκαγιές του 2021,3,1
Mon Aug 12 19:07:19 +0000 2024,1823073799928938853,exact,Άδωνις Γεωργιάδης για εκκένωση «Αμαλία Φλέμινγκ»: Ολοκληρώθηκε με απόλυτη ασφάλεια https://t.co/TW0M8yLLB2 μέσω @user.gr,0,0
Mon Aug 12 19:07:12 +0000 2024,1823073771475136843,exact,"Κάθε φορά που ξεσπάει #φωτιά την έχουν έτοιμη τη δικαιολογία για τον καιρό: ""Ριπές"". Αποτέλεσμα, όσο λίγο κι αν φυσάει (4 μποφόρ σήμερα), να ακούμε συνεχώς για ""πανίσχυρους ανέμους""... #Πυρκαγιά",4,2
Mon Aug 12 19:07:10 +0000 2024,1823073761035432375,exact,Από την μερά που ανέλαβε να κυβερνήσει την χώρα αυτός ο ανίκανος καντεμης και οι Τουρκοσποροι σύντροφοι του πχ Ραγιαπετριτης και αυτό το μνι η Παπαδόπουλου η χωρα καίγεται. Είναι  άξιον απορίας πως θα μας προστατεύσει απο τους Τουρκικους αρουραίους της τρομοκρατίας.Αγιασμος!!! https://t.co/RjNz4yq29E,0,0
Mon Aug 12 19:07:09 +0000 2024,1823073755805155422,exact,@user @user Όχι μόνο το ΠΣ αλλά έπρεπε να είχε αποκλειστεί η πρόσβαση στα δάση όπως κάναμε πέρσι στο Σέιχ Σου τέλος αν θα είχαμε μεγάλο/μεσαία uav (όπως τα tb2 ή τα heron ) με τις θερμοκαμερες που έχουν θα μπορούσαν να βλέπανε την φωτιά όσο ήταν ακόμα αρκετή για να ψήσεις σουβλάκια,1,0
Mon Aug 12 19:07:06 +0000 2024,1823073746288296199,exact,Νέα Αριστερά: Ευθύνες στην κυβέρνηση Μητσοτάκη για τις πυρκαγιές στην #Αττική   #Αττική #Φωτια_τωρα #φωτιατωρα #πυρκαγιά #Βαρναβας #Βριλησσια #Χαλανδρι  https://t.co/1vc7gLJ6t3,0,0
Mon Aug 12 19:06:58 +0000 2024,1823073710405763347,exact,Φωτιά στην Αττική 2024 https://t.co/nj2jdb7Y0N Φωτιά στην Αττική 2024 https://t.co/nj2jdb7Y0N #Φωτια_τωρα #φωτια_πεντελη #Πυρκαγια #Πυροσβεστες #πυροσβεστικη #Αττικης #διασωστες #εθελοντες #Πεντέλη #γερακας #Ματι #Αττική #Βριλήσσια #Γλυφαδα #Κικιλιας #Χαλανδρι #πυρκαγιας #Υμηττος https://t.co/xrZskdgLOh,8,3
Mon Aug 12 19:06:53 +0000 2024,1823073692311760975,exact,@user Γιατί έχετε αγωνία?Έχει πάει ο Κούλης και συντονίζει την επιχείρηση.Σε 10-15 λεπτά θα έχει σβήσει η φωτιά.,0,0
Mon Aug 12 19:06:43 +0000 2024,1823073648342675525,exact,Καλοκαίρι είναι φωτιά αναμμένη έχετε το μόνο που μένει είναι ο μαλακας με την κιθάρα .,0,0
Mon Aug 12 19:06:39 +0000 2024,1823073631531864305,exact,#LIVE: Ανεξέλεγκτη η πυρκαγιά στην ανατολική Αττική – Συνεχείς αναζωπυρώσεις – Κόλαση φωτιάς στον Γέρακα   #Αττική #Φωτια_τωρα #φωτιατωρα #πυρκαγιά #Βαρναβας #Βριλησσια #Χαλανδρι   https://t.co/CgBRhP1olh,10,3
Mon Aug 12 19:06:37 +0000 2024,1823073622933791076,exact,"🔥 Η Ελλάδα καίγεται κάθε καλοκαίρι κι όλοι ξέρουμε γιατί! Εμπρησμοί, σκοτεινά συμφέροντα, και μια πολιτεία που αδιαφορεί. Μέχρι πότε θα ανεχόμαστε αυτή την προδοσία; Ξυπνήστε! ΟΧΙ ΑΛΛΗ ΣΙΩΠΗ! 🔥 #Πυρκαγιές #Ελλάδα #Προδοσία https://t.co/rZZRGjCADH",4,1
Mon Aug 12 19:06:37 +0000 2024,1823073621520293949,exact,"@user Αφού καούν όλα; Α καλα. Η φωτιά έχει ήδη 24 ώρες. Από το τίποτα κάτι είναι και αυτό,μήπως σωθεί κατι",0,0
Mon Aug 12 19:06:35 +0000 2024,1823073614180077647,exact,"@user Και όταν καίγεται όλη η Ελλάδα και γλείφεις ακόμα κωλους ,είσαι πουτανας γιος.",1,0
Mon Aug 12 19:06:27 +0000 2024,1823073581179490802,exact,"@user Ρε άρρωστο μυαλό, την φωτιά θέλουν να την σβήσουν, ανάλογα με την πολιτική ιδεολογία; Δηλαδή όσο πιο αριστερος είσαι τόσο περισσότερο σβήνεις τις #φωτιες ; Εσυ περνιέσαι κ για δημοσιογράφος ας πούμε;;;🤡🖐🏻",32,1
Mon Aug 12 19:06:24 +0000 2024,1823073570295332887,exact,"@user Επιτρέψτε μου. Βάσει των στοιχείων της πυροσβεστικής υπηρεσίας, η Ελλάς, καίγεται συνεχώς, οργανωμένα και ασταμάτητα, στα τελευταία 50 χρόνια αντιπο-λήστευσης. Είμαστε ευγνώμονες, στις κυβερνήσεις τις αντιπο-λήστευσης, που μετά τις πυρκαϊες αναδασωνουν τα πάντα. https://t.co/FTpKENAgMn",2,1
Mon Aug 12 19:06:14 +0000 2024,1823073526888493494,exact,@user Βλάκα καίγεται η πρωτεύουσα … άντε ξυπνά διαφορετικά πήγαινε στη Μανη και γαμα καμία ξαδέρφη σου ηλίθιε,0,0
Mon Aug 12 19:06:14 +0000 2024,1823073526611681614,exact,🔥#Φωτιά στην #Αττικη   Σχεδόν 100 χιλιάδες στρέμματα έxoυν  καεί μέχρι τώρα   Δεύτερο 24ωρο που η φωτιά συνεχίζει το καταστροφικό της έργο στην Αττική.   #Φωτια_τωρα #φωτιατωρα #πυρκαγιά #Βαρναβας #Βριλησσια #Χαλανδρι  https://t.co/5djMWFenwZ,2,0
Mon Aug 12 19:06:12 +0000 2024,1823073519087022136,exact,"Clown alert: 🤡🤡🤡 ""Όλα καλά τα κάνει ο Μωυσής, απλά καμιά φορά η #φωτιά ξεφεύγει"" 🤡 🤡 🤡   Ρε 41% δεν είστε μλκς.... Απλά καμιά φορά ξεφεύγει η μλκια που σας δέρνει...  #τι_ψηφισατε_ρε_μαλακες #κυβερνηση_Μητσοτακη #ΝΔ_ΑΛΗΤΕΣ #ΝΔ_εγκληματικη_εργανωση #ΝΔ_ΣΙΧΑΜΑΤΑ",6,1
Mon Aug 12 19:06:11 +0000 2024,1823073512615240057,exact,@user @user 4 χρόνια κυβερνήσε η αριστερά και είχαμε 150 νεκρούς από φωτια και πλημμύρα .... αυτό τα λέει ολα,0,0
Mon Aug 12 19:06:10 +0000 2024,1823073509347922142,exact,Φωτιά στην Αττική: Εκκενώνεται το Δέση Γέρακα - Μήνυμα 112 ... https://t.co/NicC5zV2IA https://t.co/zn88N6sTXM,0,0
Mon Aug 12 19:06:10 +0000 2024,1823073508206973262,exact,Αχ Ελλάδα… #κυβερνηση_Μητσοτακη #νδ #μμε #φωτιας #Πυρκαγια https://t.co/GG3lWbWE03,7,1
Mon Aug 12 19:06:03 +0000 2024,1823073482504368421,exact,Φωτιά τώρα και στη Γλυφάδα - Documento https://t.co/L4s2R52qZF https://t.co/rxINcHSq7I,0,0
Mon Aug 12 19:06:02 +0000 2024,1823073476858777979,exact,"Άκου πολιτη: για την #φωτια όσο καίει δεν θα μιλάς. Μετά θα μιλήσουν οι παπαγάλοι και θα σου πουν ότι ένας πολίτης, σαν και σένα, που δεν κούρεψε τα χόρτα του, έκανε μπάρμπεκιου (ατομική ευθύνη). Το Κράτος αντέδρασε άμεσα αλλά φταίει ο ισχυρός άνεμος (κλιματική κρίση).",8,0
Mon Aug 12 19:06:02 +0000 2024,1823073475860549839,exact,"@user Άνω Σουλι Μαραθωνα από ότι ειπαν , υπάρχει αναζωπύρωση . Από https://t.co/XBBiKf7g5U ότι μαθαίνουμε .",0,0
Mon Aug 12 19:06:02 +0000 2024,1823073474975289564,exact,Ελεονώρα Μελέτη: «Η περιοχή μας για άλλη μια φορά καίγεται»  #Μελέτη #φωτια #πυρκαγια #φωτιά #καπνός  #φωτιατωρα #φωτια_πεντελη #πυρκαγιά #Πεντέλη #Βαρναβας #Ραφηνα #Πεντέλη #Μαραθώνας   https://t.co/PaafWpwrKf,2,0
Mon Aug 12 19:05:50 +0000 2024,1823073424115150935,exact,#φωτια στην Πεντελη η δημοτικη αρχη ειναι χαλαρη.....ειπε η δημαρχος  Επομενως ολα ειναι .....θαυμασια!,0,0
Mon Aug 12 19:05:48 +0000 2024,1823073418545140043,exact,ΚΕΕΛΠΝΟ: Οδηγίες για την αποφυγή εισπνοής καπνού από φωτιά https://t.co/HSehhXMCE8 Φωτιά στην Αττική 2024 https://t.co/nj2jdb7Y0N #Φωτια_τωρα #φωτια_πεντελη #Πυρκαγια #Πυροσβεστες #πυροσβεστικη #Αττικης #διασωστες #εθελοντες #Πεντέλη #γερακας #Ματι #Αττική #Βριλήσσια,1,0
Mon Aug 12 19:05:48 +0000 2024,1823073418469945581,exact,@user Όταν βλέπεις να καίγεται το σπίτι σου και να μην υπάρχει κράτος φυσικά και βρίζεις το Μητσοτάκη. Ο άρρωστος είσαι εσύ!,10,0
Mon Aug 12 19:05:44 +0000 2024,1823073401994432548,exact,"Έκτακτο Τώρα: Φωτιά και στην Γλυφάδα, καίει δίπλα από σπίτια https://t.co/mHp6eXElpG",0,0
Mon Aug 12 19:05:43 +0000 2024,1823073395975606743,exact,"@user Εδώ έπιασε η φωτιά και στην Πεντέλη , Γέρακα και πάει λέγοντας",0,0
Mon Aug 12 19:05:35 +0000 2024,1823073362568208549,exact,@user φασισταριο πρωτον τα πυροσβεστικα ειναι 2 οχι 1 Επισης οχηματα του ιδιου τυπου εχει κ η πυροσβεστικη  Εσυ τι κανεις σκουπιδι?,0,0
Mon Aug 12 19:05:32 +0000 2024,1823073349871751560,exact,"Φωτιά στην Αττική: Κάηκε το σπίτι του ανθρώπου που καταδικάστηκε για την πυρκαγιά στο Μάτι [βίντεο].  ""Δεν έχω λόγια, δεν τον περιμέναμε αυτό. Μας έδιωξε το 112 και ήρθα και είδα ότι είχε πάρει φωτιά» είπε ο K. Αγγελόπουλος.  Ωστόσο οι γείτονές του δεν του έδειξαν καμία συμπόνια",12,5
Mon Aug 12 19:05:31 +0000 2024,1823073347955208370,exact,Λοιπόν θέλουμε να σας ανακοινώσουμε ότι στο Μαραθώνα δεν έχει φωτιά - Τα ελληνικά κανάλια. #Φωτια_τωρα #φωτια #φωτιατωρα #φωτια_πεντελη #φωτιες,1,0
Mon Aug 12 19:05:31 +0000 2024,1823073347623666108,exact,@user Δηλαδή δεν θα υπάκουγες την εντολή του 112 για εκκένωση,0,0
Mon Aug 12 19:05:31 +0000 2024,1823073347267420505,exact,@user @user Αύριο ρε θα λέει «ποια φωτιά;»  Στα παπαρια του όλα.,1,0
Mon Aug 12 19:05:30 +0000 2024,1823073342691107254,exact,"Βλέπετε τις εστίες που βρίσκονται στον Ερυθρό Νεας Μακρης, όλο κ πληθαίνουν κ κατεβαίνουν αλλά δε γίνεται καμία ρίψη εδώ κ ώρες.  (πριν 1 ώρα) από Markella Yiallourou #ΝεαΜακρη #Νεα_Μακρη #Γραμματικο #φωτια #Φωτια_τωρα #φωτιατωρα #πυρκαγια https://t.co/e6cDpSWlKA",3,0
Mon Aug 12 19:05:26 +0000 2024,1823073325846782111,exact,"Καίγεται εργοστάσιο ξυλείας, χωρίς κανονάκι νερού για πυρασφάλεια. Νομίζω ότι κάπου πρέπει να μπει ένα όριο #φωτια",5,0
Mon Aug 12 19:05:26 +0000 2024,1823073324639076605,exact,"@user Ε αύριο μεθαύριο, δεν υπάρχει λόγος βιασύνης, θα καίει η φωτιά μέχρι να φτάσει Σούνιο.",2,1
Mon Aug 12 19:05:25 +0000 2024,1823073319207239907,exact,Στο Συντονιστικό της Πολιτικής Προστασίας ο Στέφανος #Κασσελάκης   #Αττική #Φωτια_τωρα #φωτιατωρα #πυρκαγιά #Βαρναβας #Βριλησσια #Χαλανδρι   https://t.co/7VglqS3u85αταξινόμητα/sto-syntonistiko-tis-politikis-prostasias-o-stefanos-kasselakis/,0,0
Mon Aug 12 19:05:07 +0000 2024,1823073243986575593,exact,"@user Εμένα πάντως με την φωτιά στα Γεράνεια την ίδια μέρα με το Μάτι μου γαμήθηκε το κέρατο ,με τις πλημμύρες που ακολούθησαν 2 συνεχείς χρονιές,να το φέρω στα ίσα του.Μιλάμε για 1 μέτρο νερό και λάσπη μέσα στο σπίτι",8,2
Mon Aug 12 19:05:06 +0000 2024,1823073240606183495,exact,ΓΣΕΕ για τη φωτιά: Τι πρέπει να γνωρίζουν εργαζόμενοι και εργοδότες στις περιοχές που πλήττονται #ΦΩΤΙΑ_ΤΩΡΑ #ΦΩΤΙΑ_ΑΤΤΙΚΗ https://t.co/mZPLc0T0Ju,0,0
Mon Aug 12 19:05:04 +0000 2024,1823073233710498163,exact,"@user Το ίδιο όταν είχε καεί το σπίτι μας στην πυρκαγιά του 2009. Όλα τα σπίτια της περιοχής κάρβουνο ή με ζημιές μεγάλες, ο βουλευτής ΝΔ 500 μέτρα πιο πέρα είχε το πυροσβεστικό κυριολεκτικά έξω από τον κήπο και δεν πλησίασε η φωτιά ποτέ. Και είχε βγει και στον δρόμο και μάς κοίταγε.",3,0
Mon Aug 12 19:05:03 +0000 2024,1823073230997065888,exact,"@user Ο κόσμος καίγεται, στην κυριολεξία, και το μουνι χτενιζεται.",5,0
Mon Aug 12 19:05:03 +0000 2024,1823073229126390089,exact,Φωτιά στην Αττική: Ερχεται βοήθεια και από την Τουρκία #ΦΩΤΙΑ_ΤΩΡΑ #ΦΩΤΙΑ_ΑΤΤΙΚΗ https://t.co/GE29ZBZD3p,0,0
Mon Aug 12 19:04:57 +0000 2024,1823073204845339016,exact,Στον Ορβηλο στα σύνορα με την Βουλγαρία καίει φωτιά για 26 μερούλες σε λίγο θα σαραντίσει και θα την πάμε στον παπά να κοινωνήσει.🤡🤡🤡🤡,0,0
Mon Aug 12 19:04:56 +0000 2024,1823073199107788875,exact,#Φωτιά στην #Αττικη 🔥   Στο πλευρό της χώρας μας η #Παλαιστίνη   #Αττική #Φωτια_τωρα #φωτιατωρα #πυρκαγιά #Βαρναβας #Βριλησσια #Χαλανδρι   https://t.co/OrEh1MEat7,17,3
Mon Aug 12 19:04:49 +0000 2024,1823073171828019236,exact,Τι κάνουμε σε περίπτωση φωτιάς https://t.co/0hgkxZMy9V Φωτιά στην Αττική 2024 https://t.co/nj2jdb8vQl #Φωτια_τωρα #φωτια_πεντελη #Πυρκαγια #Πυροσβεστες #πυροσβεστικη #Αττικη#διασωστες #εθελοντες #Πεντέλη #γερακας #Ματι #Αττική #Βριλήσσια #ΑνωΓλυφαδα #Χαλανδρι #πυρκαγιας #Υμηττος,0,0
